[27Jun2025 03:14:45.831] [main/INFO] [cpw.mods.modlauncher.Launcher/MODLAUNCHER]: ModLauncher running: args [--gameDir, ., --launchTarget, fmlserver, --fml.forgeVersion, 36.2.35, --fml.mcpVersion, 20210115.111550, --fml.mcVersion, 1.16.5, --fml.forgeGroup, net.minecraftforge, nogui]
[27Jun2025 03:14:45.834] [main/INFO] [cpw.mods.modlauncher.Launcher/MODLAUNCHER]: ModLauncher 8.1.3+8.1.3+main-8.1.x.c94d18ec starting: java version 1.8.0_402-402 by OpenLogic-OpenJDK
[27Jun2025 03:14:45.848] [main/DEBUG] [cpw.mods.modlauncher.LaunchServiceHandler/MODLAUNCHER]: Found launch services [minecraft,testharness,fmlclient,fmlserver]
[27Jun2025 03:14:45.862] [main/DEBUG] [cpw.mods.modlauncher.NameMappingServiceHandler/MODLAUNCHER]: Found naming services : []
[27Jun2025 03:14:45.917] [main/DEBUG] [cpw.mods.modlauncher.LaunchPluginHandler/MODLAUNCHER]: Found launch plugins: [mixin,eventbus,object_holder_definalize,runtime_enum_extender,accesstransformer,capability_inject_definalize,runtimedistcleaner]
[27Jun2025 03:14:45.928] [main/DEBUG] [cpw.mods.modlauncher.TransformationServicesHandler/MODLAUNCHER]: Discovering transformation services
[27Jun2025 03:14:46.037] [main/DEBUG] [cpw.mods.modlauncher.TransformationServicesHandler/MODLAUNCHER]: Found additional transformation services from discovery services: []
[27Jun2025 03:14:46.051] [main/DEBUG] [cpw.mods.modlauncher.TransformationServicesHandler/MODLAUNCHER]: Found transformer services : [mixin,fml]
[27Jun2025 03:14:46.052] [main/DEBUG] [cpw.mods.modlauncher.TransformationServicesHandler/MODLAUNCHER]: Transformation services loading
[27Jun2025 03:14:46.053] [main/DEBUG] [cpw.mods.modlauncher.TransformationServiceDecorator/MODLAUNCHER]: Loading service mixin
[27Jun2025 03:14:46.053] [main/DEBUG] [cpw.mods.modlauncher.TransformationServiceDecorator/MODLAUNCHER]: Loaded service mixin
[27Jun2025 03:14:46.053] [main/DEBUG] [cpw.mods.modlauncher.TransformationServiceDecorator/MODLAUNCHER]: Loading service fml
[27Jun2025 03:14:46.053] [main/DEBUG] [net.minecraftforge.fml.loading.FMLServiceProvider/]: Injecting tracing printstreams for STDOUT/STDERR.
[27Jun2025 03:14:46.056] [main/DEBUG] [net.minecraftforge.fml.loading.LauncherVersion/CORE]: Found FMLLauncher version 36.2
[27Jun2025 03:14:46.057] [main/DEBUG] [net.minecraftforge.fml.loading.FMLLoader/CORE]: FML 36.2 loading
[27Jun2025 03:14:46.057] [main/DEBUG] [net.minecraftforge.fml.loading.FMLLoader/CORE]: FML found ModLauncher version : 8.1.3+8.1.3+main-8.1.x.c94d18ec
[27Jun2025 03:14:46.057] [main/DEBUG] [net.minecraftforge.fml.loading.FMLLoader/CORE]: Initializing modjar URL handler
[27Jun2025 03:14:46.058] [main/DEBUG] [net.minecraftforge.fml.loading.FMLLoader/CORE]: FML found AccessTransformer version : 3.0.1+61+master.47bca0e
[27Jun2025 03:14:46.058] [main/DEBUG] [net.minecraftforge.fml.loading.FMLLoader/CORE]: FML found EventBus version : 4.0.0+65+master.6080a3f
[27Jun2025 03:14:46.058] [main/DEBUG] [net.minecraftforge.fml.loading.FMLLoader/CORE]: Found Runtime Dist Cleaner
[27Jun2025 03:14:46.061] [main/DEBUG] [net.minecraftforge.fml.loading.FMLLoader/CORE]: FML found CoreMod version : 4.0.6+14+master.c21a551
[27Jun2025 03:14:46.061] [main/DEBUG] [net.minecraftforge.fml.loading.FMLLoader/CORE]: Found ForgeSPI package implementation version 3.2.0+13+master.8ddb2cc
[27Jun2025 03:14:46.061] [main/DEBUG] [net.minecraftforge.fml.loading.FMLLoader/CORE]: Found ForgeSPI package specification 3
[27Jun2025 03:14:46.245] [main/INFO] [net.minecraftforge.fml.loading.FixSSL/CORE]: Added Lets Encrypt root certificates as additional trust
[27Jun2025 03:14:46.246] [main/DEBUG] [cpw.mods.modlauncher.TransformationServiceDecorator/MODLAUNCHER]: Loaded service fml
[27Jun2025 03:14:46.249] [main/DEBUG] [cpw.mods.modlauncher.TransformationServicesHandler/MODLAUNCHER]: Configuring option handling for services
[27Jun2025 03:14:46.260] [main/DEBUG] [cpw.mods.modlauncher.TransformationServicesHandler/MODLAUNCHER]: Transformation services initializing
[27Jun2025 03:14:46.260] [main/DEBUG] [cpw.mods.modlauncher.TransformationServiceDecorator/MODLAUNCHER]: Initializing transformation service mixin
[27Jun2025 03:14:46.273] [main/DEBUG] [mixin/]: Mixin bootstrap service org.spongepowered.asm.service.mojang.MixinServiceLaunchWrapperBootstrap is not available: LaunchWrapper is not available
[27Jun2025 03:14:46.273] [main/DEBUG] [mixin/]: MixinService [ModLauncher] was successfully booted in sun.misc.Launcher$AppClassLoader@232204a1
[27Jun2025 03:14:46.306] [main/INFO] [mixin/]: SpongePowered MIXIN Subsystem Version=0.8.4 Source=file:/workspaces/kkk/pixel/libraries/org/spongepowered/mixin/0.8.4/mixin-0.8.4.jar Service=ModLauncher Env=SERVER
[27Jun2025 03:14:46.313] [main/DEBUG] [mixin/]: Initialising Mixin Platform Manager
[27Jun2025 03:14:46.313] [main/DEBUG] [mixin/]: Adding mixin platform agents for container ModLauncher Root Container(ModLauncher:4f56a0a2)
[27Jun2025 03:14:46.315] [main/DEBUG] [mixin/]: Instancing new MixinPlatformAgentMinecraftForge for ModLauncher Root Container(ModLauncher:4f56a0a2)
[27Jun2025 03:14:46.316] [main/DEBUG] [mixin/]: MixinPlatformAgentMinecraftForge rejected container ModLauncher Root Container(ModLauncher:4f56a0a2)
[27Jun2025 03:14:46.317] [main/DEBUG] [mixin/]: Instancing new MixinPlatformAgentDefault for ModLauncher Root Container(ModLauncher:4f56a0a2)
[27Jun2025 03:14:46.317] [main/DEBUG] [mixin/]: MixinPlatformAgentDefault accepted container ModLauncher Root Container(ModLauncher:4f56a0a2)
[27Jun2025 03:14:46.321] [main/DEBUG] [cpw.mods.modlauncher.TransformationServiceDecorator/MODLAUNCHER]: Initialized transformation service mixin
[27Jun2025 03:14:46.321] [main/DEBUG] [cpw.mods.modlauncher.TransformationServiceDecorator/MODLAUNCHER]: Initializing transformation service fml
[27Jun2025 03:14:46.321] [main/DEBUG] [net.minecraftforge.fml.loading.FMLServiceProvider/CORE]: Setting up basic FML game directories
[27Jun2025 03:14:46.322] [main/DEBUG] [net.minecraftforge.fml.loading.FileUtils/CORE]: Found existing GAMEDIR directory : /workspaces/kkk/pixel
[27Jun2025 03:14:46.323] [main/DEBUG] [net.minecraftforge.fml.loading.FMLPaths/CORE]: Path GAMEDIR is /workspaces/kkk/pixel
[27Jun2025 03:14:46.323] [main/DEBUG] [net.minecraftforge.fml.loading.FileUtils/CORE]: Found existing MODSDIR directory : /workspaces/kkk/pixel/mods
[27Jun2025 03:14:46.323] [main/DEBUG] [net.minecraftforge.fml.loading.FMLPaths/CORE]: Path MODSDIR is /workspaces/kkk/pixel/mods
[27Jun2025 03:14:46.323] [main/DEBUG] [net.minecraftforge.fml.loading.FileUtils/CORE]: Found existing CONFIGDIR directory : /workspaces/kkk/pixel/config
[27Jun2025 03:14:46.323] [main/DEBUG] [net.minecraftforge.fml.loading.FMLPaths/CORE]: Path CONFIGDIR is /workspaces/kkk/pixel/config
[27Jun2025 03:14:46.323] [main/DEBUG] [net.minecraftforge.fml.loading.FMLPaths/CORE]: Path FMLCONFIG is /workspaces/kkk/pixel/config/fml.toml
[27Jun2025 03:14:46.323] [main/DEBUG] [net.minecraftforge.fml.loading.FMLServiceProvider/CORE]: Loading configuration
[27Jun2025 03:14:46.370] [main/DEBUG] [net.minecraftforge.fml.loading.FileUtils/CORE]: Found existing default config directory directory : /workspaces/kkk/pixel/defaultconfigs
[27Jun2025 03:14:46.370] [main/DEBUG] [net.minecraftforge.fml.loading.FMLServiceProvider/CORE]: Preparing ModFile
[27Jun2025 03:14:46.373] [main/DEBUG] [net.minecraftforge.fml.loading.FMLServiceProvider/CORE]: Preparing launch handler
[27Jun2025 03:14:46.373] [main/DEBUG] [net.minecraftforge.fml.loading.FMLLoader/CORE]: Using fmlserver as launch service
[27Jun2025 03:14:46.383] [main/DEBUG] [net.minecraftforge.fml.loading.FMLLoader/CORE]: Received command line version data  : MC Version: '1.16.5' MCP Version: '20210115.111550' Forge Version: '36.2.35' Forge group: 'net.minecraftforge'
[27Jun2025 03:14:46.384] [main/DEBUG] [net.minecraftforge.fml.loading.LibraryFinder/CORE]: Found JAR asm at path /workspaces/kkk/pixel/libraries/org/ow2/asm/asm/9.1/asm-9.1.jar
[27Jun2025 03:14:46.384] [main/DEBUG] [net.minecraftforge.fml.loading.LibraryFinder/CORE]: Found probable library path /workspaces/kkk/pixel/libraries
[27Jun2025 03:14:46.385] [main/DEBUG] [net.minecraftforge.fml.loading.LibraryFinder/CORE]: Found forge path /workspaces/kkk/pixel/libraries/net/minecraftforge/forge/1.16.5-36.2.35/forge-1.16.5-36.2.35-universal.jar is present
[27Jun2025 03:14:46.386] [main/DEBUG] [net.minecraftforge.fml.loading.LibraryFinder/CORE]: SRG MC at /workspaces/kkk/pixel/libraries/net/minecraft/server/1.16.5-20210115.111550/server-1.16.5-20210115.111550-srg.jar is present
[27Jun2025 03:14:46.386] [main/DEBUG] [net.minecraftforge.fml.loading.LibraryFinder/CORE]: MC Extras at /workspaces/kkk/pixel/libraries/net/minecraft/server/1.16.5-20210115.111550/server-1.16.5-20210115.111550-extra.jar is present
[27Jun2025 03:14:46.386] [main/DEBUG] [net.minecraftforge.fml.loading.LibraryFinder/CORE]: Forge patches at /workspaces/kkk/pixel/libraries/net/minecraftforge/forge/1.16.5-36.2.35/forge-1.16.5-36.2.35-server.jar is present
[27Jun2025 03:14:46.389] [main/DEBUG] [net.minecraftforge.fml.loading.LanguageLoadingProvider/CORE]: Found 0 language providers
[27Jun2025 03:14:46.390] [main/DEBUG] [net.minecraftforge.fml.loading.LanguageLoadingProvider/CORE]: Adding forge as a language from /workspaces/kkk/pixel/libraries/net/minecraftforge/forge/1.16.5-36.2.35/forge-1.16.5-36.2.35-universal.jar
[27Jun2025 03:14:46.392] [main/DEBUG] [net.minecraftforge.fml.loading.LanguageLoadingProvider/CORE]: Adding file:/workspaces/kkk/pixel/libraries/net/minecraftforge/forge/1.16.5-36.2.35/forge-1.16.5-36.2.35-universal.jar to languageloader classloader
[27Jun2025 03:14:46.438] [main/DEBUG] [net.minecraftforge.fml.loading.LanguageLoadingProvider/CORE]: Found 2 language providers
[27Jun2025 03:14:46.439] [main/DEBUG] [net.minecraftforge.fml.loading.LanguageLoadingProvider/CORE]: Found language provider javafml, version 36.2
[27Jun2025 03:14:46.449] [main/DEBUG] [net.minecraftforge.fml.loading.LanguageLoadingProvider/CORE]: Found language provider minecraft, version 1
[27Jun2025 03:14:46.452] [main/DEBUG] [cpw.mods.modlauncher.TransformationServiceDecorator/MODLAUNCHER]: Initialized transformation service fml
[27Jun2025 03:14:46.453] [main/DEBUG] [cpw.mods.modlauncher.NameMappingServiceHandler/MODLAUNCHER]: Current naming domain is 'srg'
[27Jun2025 03:14:46.454] [main/DEBUG] [cpw.mods.modlauncher.NameMappingServiceHandler/MODLAUNCHER]: Identified name mapping providers {}
[27Jun2025 03:14:46.454] [main/DEBUG] [cpw.mods.modlauncher.TransformationServicesHandler/MODLAUNCHER]: Transformation services begin scanning
[27Jun2025 03:14:46.455] [main/DEBUG] [cpw.mods.modlauncher.TransformationServiceDecorator/MODLAUNCHER]: Beginning scan trigger - transformation service mixin
[27Jun2025 03:14:46.456] [main/DEBUG] [cpw.mods.modlauncher.TransformationServiceDecorator/MODLAUNCHER]: End scan trigger - transformation service mixin
[27Jun2025 03:14:46.456] [main/DEBUG] [cpw.mods.modlauncher.TransformationServiceDecorator/MODLAUNCHER]: Beginning scan trigger - transformation service fml
[27Jun2025 03:14:46.456] [main/DEBUG] [net.minecraftforge.fml.loading.FMLServiceProvider/CORE]: Initiating mod scan
[27Jun2025 03:14:46.471] [main/DEBUG] [net.minecraftforge.fml.loading.moddiscovery.ModListHandler/CORE]: Found mod coordinates from lists: []
[27Jun2025 03:14:46.532] [main/DEBUG] [net.minecraftforge.fml.loading.moddiscovery.ModDiscoverer/CORE]: Found Mod Locators : (mods folder:null),(maven libs:null),(exploded directory:null),(minecraft:null)
[27Jun2025 03:14:46.613] [main/DEBUG] [net.minecraftforge.fml.loading.moddiscovery.ModFileParser/LOADING]: Considering mod file candidate /workspaces/kkk/pixel/mods/architectury-1.32.68.jar
[27Jun2025 03:14:46.727] [main/DEBUG] [net.minecraftforge.fml.loading.moddiscovery.ModFileInfo/LOADING]: Found valid mod file architectury-1.32.68.jar with {architectury} mods - versions {1.32.68}
[27Jun2025 03:14:46.728] [main/DEBUG] [net.minecraftforge.fml.loading.moddiscovery.ModFile/LOADING]: Loading mod file /workspaces/kkk/pixel/mods/architectury-1.32.68.jar with language javafml
[27Jun2025 03:14:46.729] [main/DEBUG] [net.minecraftforge.fml.loading.moddiscovery.ModFileParser/LOADING]: Considering mod file candidate /workspaces/kkk/pixel/mods/byg-1.3.6.jar
[27Jun2025 03:14:46.731] [main/DEBUG] [net.minecraftforge.fml.loading.moddiscovery.ModFileInfo/LOADING]: Found valid mod file byg-1.3.6.jar with {byg} mods - versions {1.3.4}
[27Jun2025 03:14:46.733] [main/DEBUG] [net.minecraftforge.fml.loading.moddiscovery.ModFile/LOADING]: Loading mod file /workspaces/kkk/pixel/mods/byg-1.3.6.jar with language javafml
[27Jun2025 03:14:46.733] [main/DEBUG] [net.minecraftforge.fml.loading.moddiscovery.ModFileParser/LOADING]: Considering mod file candidate /workspaces/kkk/pixel/mods/ExplorersCompass-1.16.5-1.1.2-forge.jar
[27Jun2025 03:14:46.739] [main/DEBUG] [net.minecraftforge.fml.loading.moddiscovery.ModFileInfo/LOADING]: Found valid mod file ExplorersCompass-1.16.5-1.1.2-forge.jar with {explorerscompass} mods - versions {1.16.5-1.1.2-forge}
[27Jun2025 03:14:46.739] [main/DEBUG] [net.minecraftforge.fml.loading.moddiscovery.ModFile/LOADING]: Loading mod file /workspaces/kkk/pixel/mods/ExplorersCompass-1.16.5-1.1.2-forge.jar with language javafml
[27Jun2025 03:14:46.740] [main/DEBUG] [net.minecraftforge.fml.loading.moddiscovery.ModFileParser/LOADING]: Considering mod file candidate /workspaces/kkk/pixel/mods/ftb-library-forge-1605.3.4-build.90.jar
[27Jun2025 03:14:46.741] [main/DEBUG] [net.minecraftforge.fml.loading.moddiscovery.ModFileInfo/LOADING]: Found valid mod file ftb-library-forge-1605.3.4-build.90.jar with {ftblibrary} mods - versions {1605.3.4-build.90}
[27Jun2025 03:14:46.742] [main/DEBUG] [net.minecraftforge.fml.loading.moddiscovery.ModFile/LOADING]: Loading mod file /workspaces/kkk/pixel/mods/ftb-library-forge-1605.3.4-build.90.jar with language javafml
[27Jun2025 03:14:46.742] [main/DEBUG] [net.minecraftforge.fml.loading.moddiscovery.ModFileParser/LOADING]: Considering mod file candidate /workspaces/kkk/pixel/mods/ftb-ranks-forge-1605.1.6-build.33.jar
[27Jun2025 03:14:46.744] [main/DEBUG] [net.minecraftforge.fml.loading.moddiscovery.ModFileInfo/LOADING]: Found valid mod file ftb-ranks-forge-1605.1.6-build.33.jar with {ftbranks} mods - versions {1605.1.6-build.33}
[27Jun2025 03:14:46.745] [main/DEBUG] [net.minecraftforge.fml.loading.moddiscovery.ModFile/LOADING]: Loading mod file /workspaces/kkk/pixel/mods/ftb-ranks-forge-1605.1.6-build.33.jar with language javafml
[27Jun2025 03:14:46.745] [main/DEBUG] [net.minecraftforge.fml.loading.moddiscovery.ModFileParser/LOADING]: Considering mod file candidate /workspaces/kkk/pixel/mods/journeymap-1.16.5-5.8.3.jar
[27Jun2025 03:14:46.748] [main/DEBUG] [net.minecraftforge.fml.loading.moddiscovery.ModFileInfo/LOADING]: Found valid mod file journeymap-1.16.5-5.8.3.jar with {journeymap} mods - versions {5.8.3}
[27Jun2025 03:14:46.748] [main/DEBUG] [net.minecraftforge.fml.loading.moddiscovery.ModFile/LOADING]: Loading mod file /workspaces/kkk/pixel/mods/journeymap-1.16.5-5.8.3.jar with language javafml
[27Jun2025 03:14:46.785] [main/DEBUG] [net.minecraftforge.fml.loading.moddiscovery.ModFileParser/LOADING]: Found coremod journeymap render event transformer with Javascript path render-event-transformer.js
[27Jun2025 03:14:46.786] [main/DEBUG] [net.minecraftforge.fml.loading.moddiscovery.ModFileParser/LOADING]: Found coremod journeymap potion effect transformer with Javascript path potion-effects-shift.js
[27Jun2025 03:14:46.786] [main/DEBUG] [net.minecraftforge.fml.loading.moddiscovery.ModFile/LOADING]: Found coremod render-event-transformer.js
[27Jun2025 03:14:46.786] [main/DEBUG] [net.minecraftforge.fml.loading.moddiscovery.ModFile/LOADING]: Found coremod potion-effects-shift.js
[27Jun2025 03:14:46.786] [main/DEBUG] [net.minecraftforge.fml.loading.moddiscovery.ModFileParser/LOADING]: Considering mod file candidate /workspaces/kkk/pixel/mods/NaturesCompass-1.16.5-1.9.1-forge.jar
[27Jun2025 03:14:46.788] [main/DEBUG] [net.minecraftforge.fml.loading.moddiscovery.ModFileInfo/LOADING]: Found valid mod file NaturesCompass-1.16.5-1.9.1-forge.jar with {naturescompass} mods - versions {1.16.5-1.9.1-forge}
[27Jun2025 03:14:46.788] [main/DEBUG] [net.minecraftforge.fml.loading.moddiscovery.ModFile/LOADING]: Loading mod file /workspaces/kkk/pixel/mods/NaturesCompass-1.16.5-1.9.1-forge.jar with language javafml
[27Jun2025 03:14:46.789] [main/DEBUG] [net.minecraftforge.fml.loading.moddiscovery.ModFileParser/LOADING]: Considering mod file candidate /workspaces/kkk/pixel/mods/Pixelmon-1.16.5-9.1.13-server.jar
[27Jun2025 03:14:46.792] [main/DEBUG] [net.minecraftforge.fml.loading.moddiscovery.ModFileInfo/LOADING]: Found valid mod file Pixelmon-1.16.5-9.1.13-server.jar with {pixelmon,tcg,clientresetpacket,serverredirect} mods - versions {9.1.12,9.1.12,0.0.6,1.4.4a}
[27Jun2025 03:14:46.794] [main/DEBUG] [net.minecraftforge.fml.loading.moddiscovery.ModFile/LOADING]: Loading mod file /workspaces/kkk/pixel/mods/Pixelmon-1.16.5-9.1.13-server.jar with language javafml
[27Jun2025 03:14:46.794] [main/DEBUG] [net.minecraftforge.fml.loading.moddiscovery.ModFileParser/LOADING]: Considering mod file candidate /workspaces/kkk/pixel/libraries/net/minecraftforge/forge/1.16.5-36.2.35/forge-1.16.5-36.2.35-universal.jar
[27Jun2025 03:14:46.795] [main/DEBUG] [net.minecraftforge.fml.loading.moddiscovery.ModFileInfo/LOADING]: Found valid mod file forge-1.16.5-36.2.35-universal.jar with {forge} mods - versions {36.2.35}
[27Jun2025 03:14:46.814] [main/DEBUG] [net.minecraftforge.fml.loading.moddiscovery.ModFile/LOADING]: Loading mod file /workspaces/kkk/pixel/libraries/net/minecraftforge/forge/1.16.5-36.2.35/forge-1.16.5-36.2.35-universal.jar with language javafml
[27Jun2025 03:14:46.816] [main/DEBUG] [net.minecraftforge.fml.loading.moddiscovery.ModFileParser/LOADING]: Found coremod fieldtomethodtransformers with Javascript path META-INF/fieldtomethodtransformers.js
[27Jun2025 03:14:46.816] [main/DEBUG] [net.minecraftforge.fml.loading.moddiscovery.ModFileParser/LOADING]: Found coremod field_to_instanceof with Javascript path coremods/field_to_instanceof.js
[27Jun2025 03:14:46.817] [main/DEBUG] [net.minecraftforge.fml.loading.moddiscovery.ModFileParser/LOADING]: Found coremod add_bouncer_method with Javascript path coremods/add_bouncer_method.js
[27Jun2025 03:14:46.817] [main/DEBUG] [net.minecraftforge.fml.loading.moddiscovery.ModFile/LOADING]: Found coremod META-INF/fieldtomethodtransformers.js
[27Jun2025 03:14:46.817] [main/DEBUG] [net.minecraftforge.fml.loading.moddiscovery.ModFile/LOADING]: Found coremod coremods/field_to_instanceof.js
[27Jun2025 03:14:46.817] [main/DEBUG] [net.minecraftforge.fml.loading.moddiscovery.ModFile/LOADING]: Found coremod coremods/add_bouncer_method.js
[27Jun2025 03:14:46.817] [main/DEBUG] [net.minecraftforge.fml.loading.moddiscovery.ModFileParser/LOADING]: Considering mod file candidate /workspaces/kkk/pixel/libraries/net/minecraftforge/forge/1.16.5-36.2.35/forge-1.16.5-36.2.35-server.jar
[27Jun2025 03:14:46.819] [main/DEBUG] [net.minecraftforge.fml.loading.moddiscovery.ModFileInfo/LOADING]: Found valid mod file forge-1.16.5-36.2.35-server.jar with {minecraft} mods - versions {1.16.5}
[27Jun2025 03:14:46.823] [main/DEBUG] [net.minecraftforge.fml.loading.moddiscovery.ModFile/LOADING]: Loading mod file /workspaces/kkk/pixel/libraries/net/minecraftforge/forge/1.16.5-36.2.35/forge-1.16.5-36.2.35-server.jar with language minecraft
[27Jun2025 03:14:46.833] [main/DEBUG] [net.minecraftforge.fml.loading.ModSorter/LOADING]: Found 20 mod requirements (16 mandatory, 4 optional)
[27Jun2025 03:14:46.834] [main/DEBUG] [net.minecraftforge.fml.loading.ModSorter/LOADING]: Found 0 mod requirements missing (0 mandatory, 0 optional)
[27Jun2025 03:14:47.388] [main/DEBUG] [cpw.mods.modlauncher.TransformationServiceDecorator/MODLAUNCHER]: End scan trigger - transformation service fml
[27Jun2025 03:14:47.388] [main/DEBUG] [cpw.mods.modlauncher.TransformationServicesHandler/MODLAUNCHER]: Transformation services loading transformers
[27Jun2025 03:14:47.390] [main/DEBUG] [cpw.mods.modlauncher.TransformationServiceDecorator/MODLAUNCHER]: Initializing transformers for transformation service mixin
[27Jun2025 03:14:47.391] [main/DEBUG] [cpw.mods.modlauncher.TransformationServiceDecorator/MODLAUNCHER]: Initialized transformers for transformation service mixin
[27Jun2025 03:14:47.391] [main/DEBUG] [cpw.mods.modlauncher.TransformationServiceDecorator/MODLAUNCHER]: Initializing transformers for transformation service fml
[27Jun2025 03:14:47.391] [main/DEBUG] [net.minecraftforge.fml.loading.FMLServiceProvider/CORE]: Loading coremod transformers
[27Jun2025 03:14:47.391] [main/DEBUG] [net.minecraftforge.coremod.CoreModEngine/COREMOD]: Loading CoreMod from META-INF/fieldtomethodtransformers.js
[27Jun2025 03:14:47.579] [main/DEBUG] [net.minecraftforge.coremod.CoreModEngine/COREMOD]: CoreMod loaded successfully
[27Jun2025 03:14:47.580] [main/DEBUG] [net.minecraftforge.coremod.CoreModEngine/COREMOD]: Loading CoreMod from coremods/field_to_instanceof.js
[27Jun2025 03:14:47.796] [main/DEBUG] [net.minecraftforge.coremod.CoreModEngine/COREMOD]: CoreMod loaded successfully
[27Jun2025 03:14:47.797] [main/DEBUG] [net.minecraftforge.coremod.CoreModEngine/COREMOD]: Loading CoreMod from coremods/add_bouncer_method.js
[27Jun2025 03:14:47.839] [main/DEBUG] [net.minecraftforge.coremod.CoreModEngine/COREMOD]: CoreMod loaded successfully
[27Jun2025 03:14:47.840] [main/DEBUG] [net.minecraftforge.coremod.CoreModEngine/COREMOD]: Loading CoreMod from render-event-transformer.js
[27Jun2025 03:14:47.888] [main/DEBUG] [net.minecraftforge.coremod.CoreModEngine/COREMOD]: CoreMod loaded successfully
[27Jun2025 03:14:47.891] [main/DEBUG] [net.minecraftforge.coremod.CoreModEngine/COREMOD]: Loading CoreMod from potion-effects-shift.js
[27Jun2025 03:14:47.977] [main/DEBUG] [net.minecraftforge.coremod.CoreModEngine/COREMOD]: CoreMod loaded successfully
[27Jun2025 03:14:48.024] [main/DEBUG] [cpw.mods.modlauncher.TransformStore/MODLAUNCHER]: Adding transformer net.minecraftforge.coremod.transformer.CoreModMethodTransformer@62ddd21b to Target : METHOD {Lnet/minecraft/client/entity/player/AbstractClientPlayerEntity;} {func_175156_o} {()F}
[27Jun2025 03:14:48.029] [main/DEBUG] [cpw.mods.modlauncher.TransformStore/MODLAUNCHER]: Adding transformer net.minecraftforge.coremod.transformer.CoreModMethodTransformer@4e38d975 to Target : METHOD {Lnet/minecraft/client/renderer/FirstPersonRenderer;} {func_228396_a_} {(FLcom/mojang/blaze3d/matrix/MatrixStack;Lnet/minecraft/client/renderer/IRenderTypeBuffer$Impl;Lnet/minecraft/client/entity/player/ClientPlayerEntity;I)V}
[27Jun2025 03:14:48.032] [main/DEBUG] [cpw.mods.modlauncher.TransformStore/MODLAUNCHER]: Adding transformer net.minecraftforge.coremod.transformer.CoreModMethodTransformer@35f8a9d3 to Target : METHOD {Lnet/minecraft/client/renderer/entity/model/SkeletonModel;} {func_212843_a_} {(Lnet/minecraft/entity/MobEntity;FFF)V}
[27Jun2025 03:14:48.032] [main/DEBUG] [cpw.mods.modlauncher.TransformStore/MODLAUNCHER]: Adding transformer net.minecraftforge.coremod.transformer.CoreModMethodTransformer@48ea2003 to Target : METHOD {Lnet/minecraft/client/renderer/entity/model/SkeletonModel;} {func_225597_a_} {(Lnet/minecraft/entity/MobEntity;FFFFF)V}
[27Jun2025 03:14:48.032] [main/DEBUG] [cpw.mods.modlauncher.TransformStore/MODLAUNCHER]: Adding transformer net.minecraftforge.coremod.transformer.CoreModMethodTransformer@6b1e7ad3 to Target : METHOD {Lnet/minecraft/entity/monster/AbstractSkeletonEntity;} {func_230280_a_} {(Lnet/minecraft/item/ShootableItem;)Z}
[27Jun2025 03:14:48.033] [main/DEBUG] [cpw.mods.modlauncher.TransformStore/MODLAUNCHER]: Adding transformer net.minecraftforge.coremod.transformer.CoreModMethodTransformer@63e5e5b4 to Target : METHOD {Lnet/minecraft/entity/monster/AbstractSkeletonEntity;} {func_85036_m} {()V}
[27Jun2025 03:14:48.033] [main/DEBUG] [cpw.mods.modlauncher.TransformStore/MODLAUNCHER]: Adding transformer net.minecraftforge.coremod.transformer.CoreModMethodTransformer@13a37e2a to Target : METHOD {Lnet/minecraft/client/renderer/FirstPersonRenderer;} {func_228396_a_} {(FLcom/mojang/blaze3d/matrix/MatrixStack;Lnet/minecraft/client/renderer/IRenderTypeBuffer$Impl;Lnet/minecraft/client/entity/player/ClientPlayerEntity;I)V}
[27Jun2025 03:14:48.038] [main/DEBUG] [cpw.mods.modlauncher.TransformStore/MODLAUNCHER]: Adding transformer net.minecraftforge.coremod.transformer.CoreModMethodTransformer@a50ae65 to Target : METHOD {Lnet/minecraft/client/renderer/FirstPersonRenderer;} {func_228405_a_} {(Lnet/minecraft/client/entity/player/AbstractClientPlayerEntity;FFLnet/minecraft/util/Hand;FLnet/minecraft/item/ItemStack;FLcom/mojang/blaze3d/matrix/MatrixStack;Lnet/minecraft/client/renderer/IRenderTypeBuffer;I)V}
[27Jun2025 03:14:48.038] [main/DEBUG] [cpw.mods.modlauncher.TransformStore/MODLAUNCHER]: Adding transformer net.minecraftforge.coremod.transformer.CoreModMethodTransformer@1280851e to Target : METHOD {Lnet/minecraft/client/renderer/entity/PlayerRenderer;} {func_241741_a_} {(Lnet/minecraft/client/entity/player/AbstractClientPlayerEntity;Lnet/minecraft/util/Hand;)Lnet/minecraft/client/renderer/entity/model/BipedModel$ArmPose;}
[27Jun2025 03:14:48.039] [main/DEBUG] [cpw.mods.modlauncher.TransformStore/MODLAUNCHER]: Adding transformer net.minecraftforge.coremod.transformer.CoreModMethodTransformer@5e840abf to Target : METHOD {Lnet/minecraft/entity/monster/PillagerEntity;} {func_230280_a_} {(Lnet/minecraft/item/ShootableItem;)Z}
[27Jun2025 03:14:48.039] [main/DEBUG] [cpw.mods.modlauncher.TransformStore/MODLAUNCHER]: Adding transformer net.minecraftforge.coremod.transformer.CoreModMethodTransformer@56de6d6b to Target : METHOD {Lnet/minecraft/entity/monster/PillagerEntity;} {func_241844_w} {(F)V}
[27Jun2025 03:14:48.039] [main/DEBUG] [cpw.mods.modlauncher.TransformStore/MODLAUNCHER]: Adding transformer net.minecraftforge.coremod.transformer.CoreModMethodTransformer@5972d253 to Target : METHOD {Lnet/minecraft/entity/monster/piglin/PiglinEntity;} {func_208003_a} {(Lnet/minecraft/item/ItemStack;Lnet/minecraft/item/ItemStack;)Z}
[27Jun2025 03:14:48.041] [main/DEBUG] [cpw.mods.modlauncher.TransformStore/MODLAUNCHER]: Adding transformer net.minecraftforge.coremod.transformer.CoreModMethodTransformer@4fcc0416 to Target : METHOD {Lnet/minecraft/entity/monster/piglin/PiglinEntity;} {func_230280_a_} {(Lnet/minecraft/item/ShootableItem;)Z}
[27Jun2025 03:14:48.041] [main/DEBUG] [cpw.mods.modlauncher.TransformStore/MODLAUNCHER]: Adding transformer net.minecraftforge.coremod.transformer.CoreModMethodTransformer@31e32ea2 to Target : METHOD {Lnet/minecraft/item/CrossbowItem;} {func_220013_l} {(Lnet/minecraft/item/ItemStack;)F}
[27Jun2025 03:14:48.041] [main/DEBUG] [cpw.mods.modlauncher.TransformStore/MODLAUNCHER]: Adding transformer net.minecraftforge.coremod.transformer.CoreModMethodTransformer@1473b8c0 to Target : METHOD {Lnet/minecraft/item/Item;} {func_219970_i} {(Lnet/minecraft/item/ItemStack;)Z}
[27Jun2025 03:14:48.041] [main/DEBUG] [cpw.mods.modlauncher.TransformStore/MODLAUNCHER]: Adding transformer net.minecraftforge.coremod.transformer.CoreModMethodTransformer@5b5c0057 to Target : METHOD {Lnet/minecraft/client/renderer/FirstPersonRenderer;} {func_228405_a_} {(Lnet/minecraft/client/entity/player/AbstractClientPlayerEntity;FFLnet/minecraft/util/Hand;FLnet/minecraft/item/ItemStack;FLcom/mojang/blaze3d/matrix/MatrixStack;Lnet/minecraft/client/renderer/IRenderTypeBuffer;I)V}
[27Jun2025 03:14:48.041] [main/DEBUG] [cpw.mods.modlauncher.TransformStore/MODLAUNCHER]: Adding transformer net.minecraftforge.coremod.transformer.CoreModMethodTransformer@749f539e to Target : METHOD {Lnet/minecraft/entity/item/ItemFrameEntity;} {func_110131_b} {(Lnet/minecraft/item/ItemStack;)V}
[27Jun2025 03:14:48.041] [main/DEBUG] [cpw.mods.modlauncher.TransformStore/MODLAUNCHER]: Adding transformer net.minecraftforge.coremod.transformer.CoreModMethodTransformer@5ca1f591 to Target : METHOD {Lnet/minecraft/inventory/container/CartographyContainer$3;} {func_75214_a} {(Lnet/minecraft/item/ItemStack;)Z}
[27Jun2025 03:14:48.042] [main/DEBUG] [cpw.mods.modlauncher.TransformStore/MODLAUNCHER]: Adding transformer net.minecraftforge.coremod.transformer.CoreModMethodTransformer@551de37d to Target : METHOD {Lnet/minecraft/inventory/container/CartographyContainer;} {func_82846_b} {(Lnet/minecraft/entity/player/PlayerEntity;I)Lnet/minecraft/item/ItemStack;}
[27Jun2025 03:14:48.042] [main/DEBUG] [cpw.mods.modlauncher.TransformStore/MODLAUNCHER]: Adding transformer net.minecraftforge.coremod.transformer.CoreModMethodTransformer@6ef81f31 to Target : METHOD {Lnet/minecraft/item/ItemStack;} {func_82840_a} {(Lnet/minecraft/entity/player/PlayerEntity;Lnet/minecraft/client/util/ITooltipFlag;)Ljava/util/List;}
[27Jun2025 03:14:48.042] [main/DEBUG] [cpw.mods.modlauncher.TransformStore/MODLAUNCHER]: Adding transformer net.minecraftforge.coremod.transformer.CoreModMethodTransformer@6075b2d3 to Target : METHOD {Lnet/minecraft/client/renderer/entity/FishRenderer;} {func_225623_a_} {(Lnet/minecraft/entity/projectile/FishingBobberEntity;FFLcom/mojang/blaze3d/matrix/MatrixStack;Lnet/minecraft/client/renderer/IRenderTypeBuffer;I)V}
[27Jun2025 03:14:48.042] [main/DEBUG] [cpw.mods.modlauncher.TransformStore/MODLAUNCHER]: Adding transformer net.minecraftforge.coremod.transformer.CoreModMethodTransformer@33abde31 to Target : METHOD {Lnet/minecraft/entity/projectile/FishingBobberEntity;} {func_234600_a_} {(Lnet/minecraft/entity/player/PlayerEntity;)Z}
[27Jun2025 03:14:48.042] [main/DEBUG] [cpw.mods.modlauncher.TransformStore/MODLAUNCHER]: Adding transformer net.minecraftforge.coremod.transformer.CoreModMethodTransformer@997d532 to Target : METHOD {Lnet/minecraft/block/BeehiveBlock;} {func_225533_a_} {(Lnet/minecraft/block/BlockState;Lnet/minecraft/world/World;Lnet/minecraft/util/math/BlockPos;Lnet/minecraft/entity/player/PlayerEntity;Lnet/minecraft/util/Hand;Lnet/minecraft/util/math/BlockRayTraceResult;)Lnet/minecraft/util/ActionResultType;}
[27Jun2025 03:14:48.042] [main/DEBUG] [cpw.mods.modlauncher.TransformStore/MODLAUNCHER]: Adding transformer net.minecraftforge.coremod.transformer.CoreModMethodTransformer@273842a6 to Target : METHOD {Lnet/minecraft/block/PumpkinBlock;} {func_225533_a_} {(Lnet/minecraft/block/BlockState;Lnet/minecraft/world/World;Lnet/minecraft/util/math/BlockPos;Lnet/minecraft/entity/player/PlayerEntity;Lnet/minecraft/util/Hand;Lnet/minecraft/util/math/BlockRayTraceResult;)Lnet/minecraft/util/ActionResultType;}
[27Jun2025 03:14:48.042] [main/DEBUG] [cpw.mods.modlauncher.TransformStore/MODLAUNCHER]: Adding transformer net.minecraftforge.coremod.transformer.CoreModMethodTransformer@6a969fb8 to Target : METHOD {Lnet/minecraft/block/TripWireBlock;} {func_176208_a} {(Lnet/minecraft/world/World;Lnet/minecraft/util/math/BlockPos;Lnet/minecraft/block/BlockState;Lnet/minecraft/entity/player/PlayerEntity;)V}
[27Jun2025 03:14:48.042] [main/DEBUG] [cpw.mods.modlauncher.TransformStore/MODLAUNCHER]: Adding transformer net.minecraftforge.coremod.transformer.CoreModMethodTransformer@7a18e8d to Target : METHOD {Lnet/minecraft/enchantment/EfficiencyEnchantment;} {func_92089_a} {(Lnet/minecraft/item/ItemStack;)Z}
[27Jun2025 03:14:48.043] [main/DEBUG] [cpw.mods.modlauncher.TransformStore/MODLAUNCHER]: Adding transformer net.minecraftforge.coremod.transformer.CoreModMethodTransformer@3028e50e to Target : METHOD {Lnet/minecraft/entity/passive/MooshroomEntity;} {func_230254_b_} {(Lnet/minecraft/entity/player/PlayerEntity;Lnet/minecraft/util/Hand;)Lnet/minecraft/util/ActionResultType;}
[27Jun2025 03:14:48.043] [main/DEBUG] [cpw.mods.modlauncher.TransformStore/MODLAUNCHER]: Adding transformer net.minecraftforge.coremod.transformer.CoreModMethodTransformer@5560bcdf to Target : METHOD {Lnet/minecraft/entity/passive/SheepEntity;} {func_230254_b_} {(Lnet/minecraft/entity/player/PlayerEntity;Lnet/minecraft/util/Hand;)Lnet/minecraft/util/ActionResultType;}
[27Jun2025 03:14:48.043] [main/DEBUG] [cpw.mods.modlauncher.TransformStore/MODLAUNCHER]: Adding transformer net.minecraftforge.coremod.transformer.CoreModMethodTransformer@b558294 to Target : METHOD {Lnet/minecraft/entity/passive/SnowGolemEntity;} {func_230254_b_} {(Lnet/minecraft/entity/player/PlayerEntity;Lnet/minecraft/util/Hand;)Lnet/minecraft/util/ActionResultType;}
[27Jun2025 03:14:48.043] [main/DEBUG] [cpw.mods.modlauncher.TransformStore/MODLAUNCHER]: Adding transformer net.minecraftforge.coremod.transformer.CoreModMethodTransformer@bb095 to Target : METHOD {Lnet/minecraft/client/renderer/WorldRenderer;} {func_215319_a} {(IIIZ)V}
[27Jun2025 03:14:48.043] [main/DEBUG] [cpw.mods.modlauncher.TransformStore/MODLAUNCHER]: Adding transformer net.minecraftforge.coremod.transformer.CoreModMethodTransformer@777c350f to Target : METHOD {Lnet/minecraft/client/gui/IngameGui;} {func_238444_a_} {(Lcom/mojang/blaze3d/matrix/MatrixStack;)V}
[27Jun2025 03:14:48.046] [main/DEBUG] [cpw.mods.modlauncher.TransformStore/MODLAUNCHER]: Adding transformer net.minecraftforge.coremod.transformer.CoreModClassTransformer@4c9e38 to Target : CLASS {Lnet/minecraft/potion/EffectInstance;} {} {V}
[27Jun2025 03:14:48.047] [main/DEBUG] [cpw.mods.modlauncher.TransformStore/MODLAUNCHER]: Adding transformer net.minecraftforge.coremod.transformer.CoreModClassTransformer@5d1e09bc to Target : CLASS {Lnet/minecraft/block/FlowingFluidBlock;} {} {V}
[27Jun2025 03:14:48.048] [main/DEBUG] [cpw.mods.modlauncher.TransformStore/MODLAUNCHER]: Adding transformer net.minecraftforge.coremod.transformer.CoreModClassTransformer@4bdc8b5d to Target : CLASS {Lnet/minecraft/item/BucketItem;} {} {V}
[27Jun2025 03:14:48.048] [main/DEBUG] [cpw.mods.modlauncher.TransformStore/MODLAUNCHER]: Adding transformer net.minecraftforge.coremod.transformer.CoreModClassTransformer@3bcd426c to Target : CLASS {Lnet/minecraft/block/StairsBlock;} {} {V}
[27Jun2025 03:14:48.048] [main/DEBUG] [cpw.mods.modlauncher.TransformStore/MODLAUNCHER]: Adding transformer net.minecraftforge.coremod.transformer.CoreModClassTransformer@5f14a673 to Target : CLASS {Lnet/minecraft/block/FlowerPotBlock;} {} {V}
[27Jun2025 03:14:48.051] [main/DEBUG] [cpw.mods.modlauncher.TransformStore/MODLAUNCHER]: Adding transformer net.minecraftforge.coremod.transformer.CoreModClassTransformer@726a17c4 to Target : CLASS {Lnet/minecraft/item/FishBucketItem;} {} {V}
[27Jun2025 03:14:48.051] [main/DEBUG] [cpw.mods.modlauncher.TransformStore/MODLAUNCHER]: Adding transformer net.minecraftforge.coremod.transformer.CoreModClassTransformer@5dc3fcb7 to Target : CLASS {Lnet/minecraft/item/ItemStack;} {} {V}
[27Jun2025 03:14:48.052] [main/DEBUG] [cpw.mods.modlauncher.TransformStore/MODLAUNCHER]: Adding transformer net.minecraftforge.coremod.transformer.CoreModClassTransformer@c4c0b41 to Target : CLASS {Lnet/minecraft/network/play/client/CClientSettingsPacket;} {} {V}
[27Jun2025 03:14:48.052] [main/DEBUG] [cpw.mods.modlauncher.TransformationServiceDecorator/MODLAUNCHER]: Initialized transformers for transformation service fml
[27Jun2025 03:14:48.143] [main/DEBUG] [mixin/]: Processing prepare() for PlatformAgent[MixinPlatformAgentDefault:ModLauncher Root Container(ModLauncher:4f56a0a2)]
[27Jun2025 03:14:48.144] [main/DEBUG] [mixin/]: Processing launch tasks for PlatformAgent[MixinPlatformAgentDefault:ModLauncher Root Container(ModLauncher:4f56a0a2)]
[27Jun2025 03:14:48.146] [main/DEBUG] [mixin/]: Adding mixin platform agents for container ContainerHandleModLauncher.Resource(forge-1.16.5-36.2.35-server.jar:/workspaces/kkk/pixel/libraries/net/minecraftforge/forge/1.16.5-36.2.35/forge-1.16.5-36.2.35-server.jar)
[27Jun2025 03:14:48.146] [main/DEBUG] [mixin/]: Instancing new MixinPlatformAgentMinecraftForge for ContainerHandleModLauncher.Resource(forge-1.16.5-36.2.35-server.jar:/workspaces/kkk/pixel/libraries/net/minecraftforge/forge/1.16.5-36.2.35/forge-1.16.5-36.2.35-server.jar)
[27Jun2025 03:14:48.146] [main/DEBUG] [mixin/]: MixinPlatformAgentMinecraftForge rejected container ContainerHandleModLauncher.Resource(forge-1.16.5-36.2.35-server.jar:/workspaces/kkk/pixel/libraries/net/minecraftforge/forge/1.16.5-36.2.35/forge-1.16.5-36.2.35-server.jar)
[27Jun2025 03:14:48.146] [main/DEBUG] [mixin/]: Instancing new MixinPlatformAgentDefault for ContainerHandleModLauncher.Resource(forge-1.16.5-36.2.35-server.jar:/workspaces/kkk/pixel/libraries/net/minecraftforge/forge/1.16.5-36.2.35/forge-1.16.5-36.2.35-server.jar)
[27Jun2025 03:14:48.146] [main/DEBUG] [mixin/]: MixinPlatformAgentDefault accepted container ContainerHandleModLauncher.Resource(forge-1.16.5-36.2.35-server.jar:/workspaces/kkk/pixel/libraries/net/minecraftforge/forge/1.16.5-36.2.35/forge-1.16.5-36.2.35-server.jar)
[27Jun2025 03:14:48.146] [main/DEBUG] [mixin/]: Processing prepare() for PlatformAgent[MixinPlatformAgentDefault:ContainerHandleModLauncher.Resource(forge-1.16.5-36.2.35-server.jar:/workspaces/kkk/pixel/libraries/net/minecraftforge/forge/1.16.5-36.2.35/forge-1.16.5-36.2.35-server.jar)]
[27Jun2025 03:14:48.147] [main/DEBUG] [mixin/]: Adding mixin platform agents for container ContainerHandleModLauncher.Resource(forge-1.16.5-36.2.35-universal.jar:/workspaces/kkk/pixel/libraries/net/minecraftforge/forge/1.16.5-36.2.35/forge-1.16.5-36.2.35-universal.jar)
[27Jun2025 03:14:48.147] [main/DEBUG] [mixin/]: Instancing new MixinPlatformAgentMinecraftForge for ContainerHandleModLauncher.Resource(forge-1.16.5-36.2.35-universal.jar:/workspaces/kkk/pixel/libraries/net/minecraftforge/forge/1.16.5-36.2.35/forge-1.16.5-36.2.35-universal.jar)
[27Jun2025 03:14:48.147] [main/DEBUG] [mixin/]: MixinPlatformAgentMinecraftForge rejected container ContainerHandleModLauncher.Resource(forge-1.16.5-36.2.35-universal.jar:/workspaces/kkk/pixel/libraries/net/minecraftforge/forge/1.16.5-36.2.35/forge-1.16.5-36.2.35-universal.jar)
[27Jun2025 03:14:48.147] [main/DEBUG] [mixin/]: Instancing new MixinPlatformAgentDefault for ContainerHandleModLauncher.Resource(forge-1.16.5-36.2.35-universal.jar:/workspaces/kkk/pixel/libraries/net/minecraftforge/forge/1.16.5-36.2.35/forge-1.16.5-36.2.35-universal.jar)
[27Jun2025 03:14:48.147] [main/DEBUG] [mixin/]: MixinPlatformAgentDefault accepted container ContainerHandleModLauncher.Resource(forge-1.16.5-36.2.35-universal.jar:/workspaces/kkk/pixel/libraries/net/minecraftforge/forge/1.16.5-36.2.35/forge-1.16.5-36.2.35-universal.jar)
[27Jun2025 03:14:48.148] [main/DEBUG] [mixin/]: Processing prepare() for PlatformAgent[MixinPlatformAgentDefault:ContainerHandleModLauncher.Resource(forge-1.16.5-36.2.35-universal.jar:/workspaces/kkk/pixel/libraries/net/minecraftforge/forge/1.16.5-36.2.35/forge-1.16.5-36.2.35-universal.jar)]
[27Jun2025 03:14:48.148] [main/DEBUG] [mixin/]: Adding mixin platform agents for container ContainerHandleModLauncher.Resource(architectury-1.32.68.jar:/workspaces/kkk/pixel/mods/architectury-1.32.68.jar)
[27Jun2025 03:14:48.149] [main/DEBUG] [mixin/]: Instancing new MixinPlatformAgentMinecraftForge for ContainerHandleModLauncher.Resource(architectury-1.32.68.jar:/workspaces/kkk/pixel/mods/architectury-1.32.68.jar)
[27Jun2025 03:14:48.149] [main/DEBUG] [mixin/]: MixinPlatformAgentMinecraftForge rejected container ContainerHandleModLauncher.Resource(architectury-1.32.68.jar:/workspaces/kkk/pixel/mods/architectury-1.32.68.jar)
[27Jun2025 03:14:48.149] [main/DEBUG] [mixin/]: Instancing new MixinPlatformAgentDefault for ContainerHandleModLauncher.Resource(architectury-1.32.68.jar:/workspaces/kkk/pixel/mods/architectury-1.32.68.jar)
[27Jun2025 03:14:48.150] [main/DEBUG] [mixin/]: MixinPlatformAgentDefault accepted container ContainerHandleModLauncher.Resource(architectury-1.32.68.jar:/workspaces/kkk/pixel/mods/architectury-1.32.68.jar)
[27Jun2025 03:14:48.151] [main/DEBUG] [mixin/]: Processing prepare() for PlatformAgent[MixinPlatformAgentDefault:ContainerHandleModLauncher.Resource(architectury-1.32.68.jar:/workspaces/kkk/pixel/mods/architectury-1.32.68.jar)]
[27Jun2025 03:14:48.151] [main/DEBUG] [mixin/]: Registering mixin config: architectury.mixins.json
[27Jun2025 03:14:48.290] [main/DEBUG] [mixin/]: Registering mixin config: architectury-common.mixins.json
[27Jun2025 03:14:48.292] [main/DEBUG] [mixin/]: Adding mixin platform agents for container ContainerHandleModLauncher.Resource(ftb-library-forge-1605.3.4-build.90.jar:/workspaces/kkk/pixel/mods/ftb-library-forge-1605.3.4-build.90.jar)
[27Jun2025 03:14:48.293] [main/DEBUG] [mixin/]: Instancing new MixinPlatformAgentMinecraftForge for ContainerHandleModLauncher.Resource(ftb-library-forge-1605.3.4-build.90.jar:/workspaces/kkk/pixel/mods/ftb-library-forge-1605.3.4-build.90.jar)
[27Jun2025 03:14:48.293] [main/DEBUG] [mixin/]: MixinPlatformAgentMinecraftForge rejected container ContainerHandleModLauncher.Resource(ftb-library-forge-1605.3.4-build.90.jar:/workspaces/kkk/pixel/mods/ftb-library-forge-1605.3.4-build.90.jar)
[27Jun2025 03:14:48.293] [main/DEBUG] [mixin/]: Instancing new MixinPlatformAgentDefault for ContainerHandleModLauncher.Resource(ftb-library-forge-1605.3.4-build.90.jar:/workspaces/kkk/pixel/mods/ftb-library-forge-1605.3.4-build.90.jar)
[27Jun2025 03:14:48.293] [main/DEBUG] [mixin/]: MixinPlatformAgentDefault accepted container ContainerHandleModLauncher.Resource(ftb-library-forge-1605.3.4-build.90.jar:/workspaces/kkk/pixel/mods/ftb-library-forge-1605.3.4-build.90.jar)
[27Jun2025 03:14:48.293] [main/DEBUG] [mixin/]: Processing prepare() for PlatformAgent[MixinPlatformAgentDefault:ContainerHandleModLauncher.Resource(ftb-library-forge-1605.3.4-build.90.jar:/workspaces/kkk/pixel/mods/ftb-library-forge-1605.3.4-build.90.jar)]
[27Jun2025 03:14:48.293] [main/DEBUG] [mixin/]: Registering mixin config: ftblibrary-common.mixins.json
[27Jun2025 03:14:48.295] [main/DEBUG] [mixin/]: Adding mixin platform agents for container ContainerHandleModLauncher.Resource(ftb-ranks-forge-1605.1.6-build.33.jar:/workspaces/kkk/pixel/mods/ftb-ranks-forge-1605.1.6-build.33.jar)
[27Jun2025 03:14:48.295] [main/DEBUG] [mixin/]: Instancing new MixinPlatformAgentMinecraftForge for ContainerHandleModLauncher.Resource(ftb-ranks-forge-1605.1.6-build.33.jar:/workspaces/kkk/pixel/mods/ftb-ranks-forge-1605.1.6-build.33.jar)
[27Jun2025 03:14:48.295] [main/DEBUG] [mixin/]: MixinPlatformAgentMinecraftForge rejected container ContainerHandleModLauncher.Resource(ftb-ranks-forge-1605.1.6-build.33.jar:/workspaces/kkk/pixel/mods/ftb-ranks-forge-1605.1.6-build.33.jar)
[27Jun2025 03:14:48.295] [main/DEBUG] [mixin/]: Instancing new MixinPlatformAgentDefault for ContainerHandleModLauncher.Resource(ftb-ranks-forge-1605.1.6-build.33.jar:/workspaces/kkk/pixel/mods/ftb-ranks-forge-1605.1.6-build.33.jar)
[27Jun2025 03:14:48.295] [main/DEBUG] [mixin/]: MixinPlatformAgentDefault accepted container ContainerHandleModLauncher.Resource(ftb-ranks-forge-1605.1.6-build.33.jar:/workspaces/kkk/pixel/mods/ftb-ranks-forge-1605.1.6-build.33.jar)
[27Jun2025 03:14:48.296] [main/DEBUG] [mixin/]: Processing prepare() for PlatformAgent[MixinPlatformAgentDefault:ContainerHandleModLauncher.Resource(ftb-ranks-forge-1605.1.6-build.33.jar:/workspaces/kkk/pixel/mods/ftb-ranks-forge-1605.1.6-build.33.jar)]
[27Jun2025 03:14:48.296] [main/DEBUG] [mixin/]: Registering mixin config: ftbranks-common.mixins.json
[27Jun2025 03:14:48.297] [main/DEBUG] [mixin/]: Adding mixin platform agents for container ContainerHandleModLauncher.Resource(journeymap-1.16.5-5.8.3.jar:/workspaces/kkk/pixel/mods/journeymap-1.16.5-5.8.3.jar)
[27Jun2025 03:14:48.297] [main/DEBUG] [mixin/]: Instancing new MixinPlatformAgentMinecraftForge for ContainerHandleModLauncher.Resource(journeymap-1.16.5-5.8.3.jar:/workspaces/kkk/pixel/mods/journeymap-1.16.5-5.8.3.jar)
[27Jun2025 03:14:48.298] [main/DEBUG] [mixin/]: MixinPlatformAgentMinecraftForge rejected container ContainerHandleModLauncher.Resource(journeymap-1.16.5-5.8.3.jar:/workspaces/kkk/pixel/mods/journeymap-1.16.5-5.8.3.jar)
[27Jun2025 03:14:48.298] [main/DEBUG] [mixin/]: Instancing new MixinPlatformAgentDefault for ContainerHandleModLauncher.Resource(journeymap-1.16.5-5.8.3.jar:/workspaces/kkk/pixel/mods/journeymap-1.16.5-5.8.3.jar)
[27Jun2025 03:14:48.298] [main/DEBUG] [mixin/]: MixinPlatformAgentDefault accepted container ContainerHandleModLauncher.Resource(journeymap-1.16.5-5.8.3.jar:/workspaces/kkk/pixel/mods/journeymap-1.16.5-5.8.3.jar)
[27Jun2025 03:14:48.298] [main/DEBUG] [mixin/]: Processing prepare() for PlatformAgent[MixinPlatformAgentDefault:ContainerHandleModLauncher.Resource(journeymap-1.16.5-5.8.3.jar:/workspaces/kkk/pixel/mods/journeymap-1.16.5-5.8.3.jar)]
[27Jun2025 03:14:48.298] [main/DEBUG] [mixin/]: Registering mixin config: journeymap.mixins.json
[27Jun2025 03:14:48.303] [main/DEBUG] [mixin/]: Adding mixin platform agents for container ContainerHandleModLauncher.Resource(Pixelmon-1.16.5-9.1.13-server.jar:/workspaces/kkk/pixel/mods/Pixelmon-1.16.5-9.1.13-server.jar)
[27Jun2025 03:14:48.303] [main/DEBUG] [mixin/]: Instancing new MixinPlatformAgentMinecraftForge for ContainerHandleModLauncher.Resource(Pixelmon-1.16.5-9.1.13-server.jar:/workspaces/kkk/pixel/mods/Pixelmon-1.16.5-9.1.13-server.jar)
[27Jun2025 03:14:48.303] [main/DEBUG] [mixin/]: MixinPlatformAgentMinecraftForge rejected container ContainerHandleModLauncher.Resource(Pixelmon-1.16.5-9.1.13-server.jar:/workspaces/kkk/pixel/mods/Pixelmon-1.16.5-9.1.13-server.jar)
[27Jun2025 03:14:48.303] [main/DEBUG] [mixin/]: Instancing new MixinPlatformAgentDefault for ContainerHandleModLauncher.Resource(Pixelmon-1.16.5-9.1.13-server.jar:/workspaces/kkk/pixel/mods/Pixelmon-1.16.5-9.1.13-server.jar)
[27Jun2025 03:14:48.304] [main/DEBUG] [mixin/]: MixinPlatformAgentDefault accepted container ContainerHandleModLauncher.Resource(Pixelmon-1.16.5-9.1.13-server.jar:/workspaces/kkk/pixel/mods/Pixelmon-1.16.5-9.1.13-server.jar)
[27Jun2025 03:14:48.304] [main/DEBUG] [mixin/]: Processing prepare() for PlatformAgent[MixinPlatformAgentDefault:ContainerHandleModLauncher.Resource(Pixelmon-1.16.5-9.1.13-server.jar:/workspaces/kkk/pixel/mods/Pixelmon-1.16.5-9.1.13-server.jar)]
[27Jun2025 03:14:48.304] [main/DEBUG] [mixin/]: Registering mixin config: mixins.clientresetpacket.json
[27Jun2025 03:14:48.307] [main/DEBUG] [mixin/]: Adding mixin platform agents for container ContainerHandleModLauncher.Resource(byg-1.3.6.jar:/workspaces/kkk/pixel/mods/byg-1.3.6.jar)
[27Jun2025 03:14:48.307] [main/DEBUG] [mixin/]: Instancing new MixinPlatformAgentMinecraftForge for ContainerHandleModLauncher.Resource(byg-1.3.6.jar:/workspaces/kkk/pixel/mods/byg-1.3.6.jar)
[27Jun2025 03:14:48.308] [main/DEBUG] [mixin/]: MixinPlatformAgentMinecraftForge rejected container ContainerHandleModLauncher.Resource(byg-1.3.6.jar:/workspaces/kkk/pixel/mods/byg-1.3.6.jar)
[27Jun2025 03:14:48.308] [main/DEBUG] [mixin/]: Instancing new MixinPlatformAgentDefault for ContainerHandleModLauncher.Resource(byg-1.3.6.jar:/workspaces/kkk/pixel/mods/byg-1.3.6.jar)
[27Jun2025 03:14:48.308] [main/DEBUG] [mixin/]: MixinPlatformAgentDefault accepted container ContainerHandleModLauncher.Resource(byg-1.3.6.jar:/workspaces/kkk/pixel/mods/byg-1.3.6.jar)
[27Jun2025 03:14:48.308] [main/DEBUG] [mixin/]: Processing prepare() for PlatformAgent[MixinPlatformAgentDefault:ContainerHandleModLauncher.Resource(byg-1.3.6.jar:/workspaces/kkk/pixel/mods/byg-1.3.6.jar)]
[27Jun2025 03:14:48.308] [main/DEBUG] [mixin/]: Registering mixin config: byg.mixins.json
[27Jun2025 03:14:48.312] [main/DEBUG] [mixin/]: Adding mixin platform agents for container ContainerHandleModLauncher.Resource(ExplorersCompass-1.16.5-1.1.2-forge.jar:/workspaces/kkk/pixel/mods/ExplorersCompass-1.16.5-1.1.2-forge.jar)
[27Jun2025 03:14:48.313] [main/DEBUG] [mixin/]: Instancing new MixinPlatformAgentMinecraftForge for ContainerHandleModLauncher.Resource(ExplorersCompass-1.16.5-1.1.2-forge.jar:/workspaces/kkk/pixel/mods/ExplorersCompass-1.16.5-1.1.2-forge.jar)
[27Jun2025 03:14:48.313] [main/DEBUG] [mixin/]: MixinPlatformAgentMinecraftForge rejected container ContainerHandleModLauncher.Resource(ExplorersCompass-1.16.5-1.1.2-forge.jar:/workspaces/kkk/pixel/mods/ExplorersCompass-1.16.5-1.1.2-forge.jar)
[27Jun2025 03:14:48.314] [main/DEBUG] [mixin/]: Instancing new MixinPlatformAgentDefault for ContainerHandleModLauncher.Resource(ExplorersCompass-1.16.5-1.1.2-forge.jar:/workspaces/kkk/pixel/mods/ExplorersCompass-1.16.5-1.1.2-forge.jar)
[27Jun2025 03:14:48.314] [main/DEBUG] [mixin/]: MixinPlatformAgentDefault accepted container ContainerHandleModLauncher.Resource(ExplorersCompass-1.16.5-1.1.2-forge.jar:/workspaces/kkk/pixel/mods/ExplorersCompass-1.16.5-1.1.2-forge.jar)
[27Jun2025 03:14:48.314] [main/DEBUG] [mixin/]: Processing prepare() for PlatformAgent[MixinPlatformAgentDefault:ContainerHandleModLauncher.Resource(ExplorersCompass-1.16.5-1.1.2-forge.jar:/workspaces/kkk/pixel/mods/ExplorersCompass-1.16.5-1.1.2-forge.jar)]
[27Jun2025 03:14:48.314] [main/DEBUG] [mixin/]: Adding mixin platform agents for container ContainerHandleModLauncher.Resource(NaturesCompass-1.16.5-1.9.1-forge.jar:/workspaces/kkk/pixel/mods/NaturesCompass-1.16.5-1.9.1-forge.jar)
[27Jun2025 03:14:48.315] [main/DEBUG] [mixin/]: Instancing new MixinPlatformAgentMinecraftForge for ContainerHandleModLauncher.Resource(NaturesCompass-1.16.5-1.9.1-forge.jar:/workspaces/kkk/pixel/mods/NaturesCompass-1.16.5-1.9.1-forge.jar)
[27Jun2025 03:14:48.315] [main/DEBUG] [mixin/]: MixinPlatformAgentMinecraftForge rejected container ContainerHandleModLauncher.Resource(NaturesCompass-1.16.5-1.9.1-forge.jar:/workspaces/kkk/pixel/mods/NaturesCompass-1.16.5-1.9.1-forge.jar)
[27Jun2025 03:14:48.315] [main/DEBUG] [mixin/]: Instancing new MixinPlatformAgentDefault for ContainerHandleModLauncher.Resource(NaturesCompass-1.16.5-1.9.1-forge.jar:/workspaces/kkk/pixel/mods/NaturesCompass-1.16.5-1.9.1-forge.jar)
[27Jun2025 03:14:48.315] [main/DEBUG] [mixin/]: MixinPlatformAgentDefault accepted container ContainerHandleModLauncher.Resource(NaturesCompass-1.16.5-1.9.1-forge.jar:/workspaces/kkk/pixel/mods/NaturesCompass-1.16.5-1.9.1-forge.jar)
[27Jun2025 03:14:48.316] [main/DEBUG] [mixin/]: Processing prepare() for PlatformAgent[MixinPlatformAgentDefault:ContainerHandleModLauncher.Resource(NaturesCompass-1.16.5-1.9.1-forge.jar:/workspaces/kkk/pixel/mods/NaturesCompass-1.16.5-1.9.1-forge.jar)]
[27Jun2025 03:14:48.316] [main/DEBUG] [mixin/]: inject() running with 11 agents
[27Jun2025 03:14:48.316] [main/DEBUG] [mixin/]: Processing inject() for PlatformAgent[MixinPlatformAgentDefault:ModLauncher Root Container(ModLauncher:4f56a0a2)]
[27Jun2025 03:14:48.317] [main/DEBUG] [mixin/]: Processing inject() for PlatformAgent[MixinPlatformAgentDefault:ContainerHandleModLauncher.Resource(forge-1.16.5-36.2.35-server.jar:/workspaces/kkk/pixel/libraries/net/minecraftforge/forge/1.16.5-36.2.35/forge-1.16.5-36.2.35-server.jar)]
[27Jun2025 03:14:48.317] [main/DEBUG] [mixin/]: Processing inject() for PlatformAgent[MixinPlatformAgentDefault:ContainerHandleModLauncher.Resource(forge-1.16.5-36.2.35-universal.jar:/workspaces/kkk/pixel/libraries/net/minecraftforge/forge/1.16.5-36.2.35/forge-1.16.5-36.2.35-universal.jar)]
[27Jun2025 03:14:48.317] [main/DEBUG] [mixin/]: Processing inject() for PlatformAgent[MixinPlatformAgentDefault:ContainerHandleModLauncher.Resource(architectury-1.32.68.jar:/workspaces/kkk/pixel/mods/architectury-1.32.68.jar)]
[27Jun2025 03:14:48.317] [main/DEBUG] [mixin/]: Processing inject() for PlatformAgent[MixinPlatformAgentDefault:ContainerHandleModLauncher.Resource(ftb-library-forge-1605.3.4-build.90.jar:/workspaces/kkk/pixel/mods/ftb-library-forge-1605.3.4-build.90.jar)]
[27Jun2025 03:14:48.318] [main/DEBUG] [mixin/]: Processing inject() for PlatformAgent[MixinPlatformAgentDefault:ContainerHandleModLauncher.Resource(ftb-ranks-forge-1605.1.6-build.33.jar:/workspaces/kkk/pixel/mods/ftb-ranks-forge-1605.1.6-build.33.jar)]
[27Jun2025 03:14:48.318] [main/DEBUG] [mixin/]: Processing inject() for PlatformAgent[MixinPlatformAgentDefault:ContainerHandleModLauncher.Resource(journeymap-1.16.5-5.8.3.jar:/workspaces/kkk/pixel/mods/journeymap-1.16.5-5.8.3.jar)]
[27Jun2025 03:14:48.318] [main/DEBUG] [mixin/]: Processing inject() for PlatformAgent[MixinPlatformAgentDefault:ContainerHandleModLauncher.Resource(Pixelmon-1.16.5-9.1.13-server.jar:/workspaces/kkk/pixel/mods/Pixelmon-1.16.5-9.1.13-server.jar)]
[27Jun2025 03:14:48.318] [main/DEBUG] [mixin/]: Processing inject() for PlatformAgent[MixinPlatformAgentDefault:ContainerHandleModLauncher.Resource(byg-1.3.6.jar:/workspaces/kkk/pixel/mods/byg-1.3.6.jar)]
[27Jun2025 03:14:48.319] [main/DEBUG] [mixin/]: Processing inject() for PlatformAgent[MixinPlatformAgentDefault:ContainerHandleModLauncher.Resource(ExplorersCompass-1.16.5-1.1.2-forge.jar:/workspaces/kkk/pixel/mods/ExplorersCompass-1.16.5-1.1.2-forge.jar)]
[27Jun2025 03:14:48.319] [main/DEBUG] [mixin/]: Processing inject() for PlatformAgent[MixinPlatformAgentDefault:ContainerHandleModLauncher.Resource(NaturesCompass-1.16.5-1.9.1-forge.jar:/workspaces/kkk/pixel/mods/NaturesCompass-1.16.5-1.9.1-forge.jar)]
[27Jun2025 03:14:48.319] [main/INFO] [cpw.mods.modlauncher.LaunchServiceHandler/MODLAUNCHER]: Launching target 'fmlserver' with arguments [--gameDir, ., nogui]
[27Jun2025 03:14:48.389] [main/DEBUG] [mixin/]: Error cleaning class output directory: .mixin.out
[27Jun2025 03:14:48.415] [main/DEBUG] [mixin/]: Preparing mixins for MixinEnvironment[DEFAULT]
[27Jun2025 03:14:48.418] [main/DEBUG] [mixin/]: Selecting config architectury.mixins.json
[27Jun2025 03:14:48.457] [main/DEBUG] [mixin/]: Selecting config architectury-common.mixins.json
[27Jun2025 03:14:48.459] [main/DEBUG] [mixin/]: Selecting config ftblibrary-common.mixins.json
[27Jun2025 03:14:48.463] [main/DEBUG] [mixin/]: Selecting config ftbranks-common.mixins.json
[27Jun2025 03:14:48.467] [main/DEBUG] [mixin/]: Selecting config journeymap.mixins.json
[27Jun2025 03:14:48.468] [main/DEBUG] [mixin/]: Selecting config mixins.clientresetpacket.json
[27Jun2025 03:14:48.470] [main/DEBUG] [mixin/]: Selecting config byg.mixins.json
[27Jun2025 03:14:48.476] [main/DEBUG] [mixin/]: Preparing architectury.mixins.json (18)
[27Jun2025 03:14:48.650] [main/DEBUG] [mixin/]: Preparing architectury-common.mixins.json (6)
[27Jun2025 03:14:48.701] [main/DEBUG] [mixin/]: Preparing ftblibrary-common.mixins.json (4)
[27Jun2025 03:14:48.734] [main/DEBUG] [net.minecraftforge.coremod.transformer.CoreModBaseTransformer/COREMOD]: Transforming func_219970_i with desc (Lnet/minecraft/item/ItemStack;)Z
[27Jun2025 03:14:49.086] [main/DEBUG] [mixin/]: Preparing ftbranks-common.mixins.json (1)
[27Jun2025 03:14:49.100] [main/DEBUG] [mixin/]: Preparing journeymap.mixins.json (1)
[27Jun2025 03:14:49.101] [main/DEBUG] [mixin/]: Preparing mixins.clientresetpacket.json (4)
[27Jun2025 03:14:49.152] [main/DEBUG] [mixin/]: Preparing byg.mixins.json (45)
[27Jun2025 03:14:49.515] [main/DEBUG] [mixin/]: Registering new injector for @Inject with org.spongepowered.asm.mixin.injection.struct.CallbackInjectionInfo
[27Jun2025 03:14:49.518] [main/DEBUG] [mixin/]: Registering new injector for @ModifyArg with org.spongepowered.asm.mixin.injection.struct.ModifyArgInjectionInfo
[27Jun2025 03:14:49.520] [main/DEBUG] [mixin/]: Registering new injector for @ModifyArgs with org.spongepowered.asm.mixin.injection.struct.ModifyArgsInjectionInfo
[27Jun2025 03:14:49.525] [main/DEBUG] [mixin/]: Registering new injector for @Redirect with org.spongepowered.asm.mixin.injection.struct.RedirectInjectionInfo
[27Jun2025 03:14:49.527] [main/DEBUG] [mixin/]: Registering new injector for @ModifyVariable with org.spongepowered.asm.mixin.injection.struct.ModifyVariableInjectionInfo
[27Jun2025 03:14:49.530] [main/DEBUG] [mixin/]: Registering new injector for @ModifyConstant with org.spongepowered.asm.mixin.injection.struct.ModifyConstantInjectionInfo
[27Jun2025 03:14:49.717] [main/DEBUG] [mixin/]: Prepared 70 mixins in 1.298 sec (18.5ms avg) (0ms load, 0ms transform, 0ms plugin)
[27Jun2025 03:14:49.911] [main/DEBUG] [mixin/]: Mixing ResourceLocationMixin from ftblibrary-common.mixins.json into net.minecraft.util.ResourceLocation
[27Jun2025 03:14:50.597] [main/DEBUG] [net.minecraftforge.coremod.transformer.CoreModBaseTransformer/COREMOD]: Transforming func_219970_i with desc (Lnet/minecraft/item/ItemStack;)Z
[27Jun2025 03:14:50.604] [main/DEBUG] [mixin/]: Mixing ItemMixin from ftblibrary-common.mixins.json into net.minecraft.item.Item
[27Jun2025 03:14:50.654] [main/DEBUG] [mixin/]: Mixing access.BlockEntityTypeAccess from byg.mixins.json into net.minecraft.tileentity.TileEntityType
[27Jun2025 03:14:50.682] [main/DEBUG] [mixin/]: Mixing access.WorldCarverAccess from byg.mixins.json into net.minecraft.world.gen.carver.WorldCarver
[27Jun2025 03:14:50.696] [main/DEBUG] [mixin/]: Mixing common.world.ChunkStatusMixin from byg.mixins.json into net.minecraft.world.chunk.ChunkStatus
[27Jun2025 03:14:50.740] [main/DEBUG] [mixin/]: Mixing access.StructureAccess from byg.mixins.json into net.minecraft.world.gen.feature.structure.Structure
[27Jun2025 03:14:50.740] [main/DEBUG] [mixin/]: Renaming @Accessor method getStructureStep()Ljava/util/Map; to getStructureStep_$md$f66eea$0 in byg.mixins.json:access.StructureAccess
[27Jun2025 03:14:50.760] [main/DEBUG] [mixin/]: Mixing access.BiomeAccess from byg.mixins.json into net.minecraft.world.biome.Biome
[27Jun2025 03:14:50.761] [main/DEBUG] [mixin/]: Renaming @Invoker method create(Lnet/minecraft/world/biome/Biome$Climate;Lnet/minecraft/world/biome/Biome$Category;FFLnet/minecraft/world/biome/BiomeAmbience;Lnet/minecraft/world/biome/BiomeGenerationSettings;Lnet/minecraft/world/biome/MobSpawnInfo;)Lnet/minecraft/world/biome/Biome; to create_$md$f66eea$0 in byg.mixins.json:access.BiomeAccess
[27Jun2025 03:14:50.796] [main/DEBUG] [mixin/]: Mixing access.VillagerTypeAccess from byg.mixins.json into net.minecraft.entity.villager.VillagerType
[27Jun2025 03:14:50.800] [main/DEBUG] [mixin/]: Renaming @Accessor method getVillagerByBiome()Ljava/util/Map; to getVillagerByBiome_$md$f66eea$0 in byg.mixins.json:access.VillagerTypeAccess
[27Jun2025 03:14:50.879] [main/DEBUG] [mixin/]: Mixing common.block.MixinBlocks from byg.mixins.json into net.minecraft.block.Blocks
[27Jun2025 03:14:50.937] [main/DEBUG] [mixin/]: Mixing access.SpreadableSnowyDirtBlockAccess from byg.mixins.json into net.minecraft.block.SpreadableSnowyDirtBlock
[27Jun2025 03:14:50.939] [main/DEBUG] [mixin/]: Renaming @Invoker method invokeCanBeGrass(Lnet/minecraft/block/BlockState;Lnet/minecraft/world/IWorldReader;Lnet/minecraft/util/math/BlockPos;)Z to invokeCanBeGrass_$md$f66eea$0 in byg.mixins.json:access.SpreadableSnowyDirtBlockAccess
[27Jun2025 03:14:50.940] [main/DEBUG] [mixin/]: Renaming @Invoker method invokeCanPropagate(Lnet/minecraft/block/BlockState;Lnet/minecraft/world/IWorldReader;Lnet/minecraft/util/math/BlockPos;)Z to invokeCanPropagate_$md$f66eea$1 in byg.mixins.json:access.SpreadableSnowyDirtBlockAccess
[27Jun2025 03:14:50.949] [main/DEBUG] [mixin/]: Mixing common.block.MixinSaplingBlock from byg.mixins.json into net.minecraft.block.SaplingBlock
[27Jun2025 03:14:50.982] [main/DEBUG] [net.minecraftforge.coremod.transformer.CoreModBaseTransformer/COREMOD]: Transforming net/minecraft/block/FlowingFluidBlock
[27Jun2025 03:14:50.996] [main/DEBUG] [mixin/]: Mixing BlockLandingInvoker from architectury-common.mixins.json into net.minecraft.block.FallingBlock
[27Jun2025 03:14:51.062] [main/DEBUG] [mixin/]: Mixing access.FireBlockAccess from byg.mixins.json into net.minecraft.block.FireBlock
[27Jun2025 03:14:51.067] [main/DEBUG] [mixin/]: Mixing common.block.MixinAbstractFireBlock from byg.mixins.json into net.minecraft.block.AbstractFireBlock
[27Jun2025 03:14:51.104] [main/DEBUG] [net.minecraftforge.coremod.transformer.CoreModBaseTransformer/COREMOD]: Transforming net/minecraft/block/StairsBlock
[27Jun2025 03:14:51.151] [main/DEBUG] [mixin/]: Mixing common.block.MixinCactusBlock from byg.mixins.json into net.minecraft.block.CactusBlock
[27Jun2025 03:14:51.168] [main/DEBUG] [mixin/]: Mixing common.block.MixinSugarCaneBlock from byg.mixins.json into net.minecraft.block.SugarCaneBlock
[27Jun2025 03:14:51.195] [main/DEBUG] [net.minecraftforge.coremod.transformer.CoreModBaseTransformer/COREMOD]: Transforming func_225533_a_ with desc (Lnet/minecraft/block/BlockState;Lnet/minecraft/world/World;Lnet/minecraft/util/math/BlockPos;Lnet/minecraft/entity/player/PlayerEntity;Lnet/minecraft/util/Hand;Lnet/minecraft/util/math/BlockRayTraceResult;)Lnet/minecraft/util/ActionResultType;
[27Jun2025 03:14:51.226] [main/DEBUG] [mixin/]: Mixing common.block.MixinNetherrackBlock from byg.mixins.json into net.minecraft.block.NetherrackBlock
[27Jun2025 03:14:51.281] [main/DEBUG] [net.minecraftforge.coremod.transformer.CoreModBaseTransformer/COREMOD]: Transforming func_176208_a with desc (Lnet/minecraft/world/World;Lnet/minecraft/util/math/BlockPos;Lnet/minecraft/block/BlockState;Lnet/minecraft/entity/player/PlayerEntity;)V
[27Jun2025 03:14:51.295] [main/DEBUG] [net.minecraftforge.coremod.transformer.CoreModBaseTransformer/COREMOD]: Transforming net/minecraft/block/FlowerPotBlock
[27Jun2025 03:14:51.313] [main/DEBUG] [mixin/]: Mixing BlockLandingInvoker from architectury-common.mixins.json into net.minecraft.block.AnvilBlock
[27Jun2025 03:14:51.343] [main/DEBUG] [mixin/]: Mixing BlockLandingInvoker from architectury-common.mixins.json into net.minecraft.block.ConcretePowderBlock
[27Jun2025 03:14:51.376] [main/DEBUG] [mixin/]: Mixing access.NyliumBlockAccess from byg.mixins.json into net.minecraft.block.NyliumBlock
[27Jun2025 03:14:51.376] [main/DEBUG] [mixin/]: Renaming @Invoker method invokeCanBeNylium(Lnet/minecraft/block/BlockState;Lnet/minecraft/world/IWorldReader;Lnet/minecraft/util/math/BlockPos;)Z to invokeCanBeNylium_$md$f66eea$0 in byg.mixins.json:access.NyliumBlockAccess
[27Jun2025 03:14:51.392] [main/DEBUG] [net.minecraftforge.coremod.transformer.CoreModBaseTransformer/COREMOD]: Transforming func_225533_a_ with desc (Lnet/minecraft/block/BlockState;Lnet/minecraft/world/World;Lnet/minecraft/util/math/BlockPos;Lnet/minecraft/entity/player/PlayerEntity;Lnet/minecraft/util/Hand;Lnet/minecraft/util/math/BlockRayTraceResult;)Lnet/minecraft/util/ActionResultType;
[27Jun2025 03:14:52.064] [main/DEBUG] [mixin/]: Mixing FluidTagsAccessor from architectury-common.mixins.json into net.minecraft.tags.FluidTags
[27Jun2025 03:14:52.064] [main/DEBUG] [mixin/]: Renaming @Accessor method getHelper()Lnet/minecraft/tags/TagRegistry; to getHelper_$md$f66eea$0 in architectury-common.mixins.json:FluidTagsAccessor
[27Jun2025 03:14:52.135] [main/DEBUG] [mixin/]: Mixing MixinBlockEntity from architectury.mixins.json into net.minecraft.tileentity.TileEntity
[27Jun2025 03:14:52.786] [main/DEBUG] [net.minecraftforge.coremod.transformer.CoreModBaseTransformer/COREMOD]: Transforming func_230254_b_ with desc (Lnet/minecraft/entity/player/PlayerEntity;Lnet/minecraft/util/Hand;)Lnet/minecraft/util/ActionResultType;
[27Jun2025 03:14:53.234] [main/DEBUG] [mixin/]: Mixing common.entity.MixinAnimalEntity from byg.mixins.json into net.minecraft.entity.passive.AnimalEntity
[27Jun2025 03:14:53.605] [main/DEBUG] [net.minecraftforge.coremod.transformer.CoreModBaseTransformer/COREMOD]: Transforming func_82846_b with desc (Lnet/minecraft/entity/player/PlayerEntity;I)Lnet/minecraft/item/ItemStack;
[27Jun2025 03:14:53.870] [main/DEBUG] [mixin/]: Mixing common.world.feature.MixinBasaltColumnFeature from byg.mixins.json into net.minecraft.world.gen.feature.BasaltColumnFeature
[27Jun2025 03:14:54.807] [main/DEBUG] [mixin/]: Mixing access.BoatEntityAccess from byg.mixins.json into net.minecraft.entity.item.BoatEntity
[27Jun2025 03:14:55.118] [main/DEBUG] [net.minecraftforge.coremod.transformer.CoreModBaseTransformer/COREMOD]: Transforming func_82840_a with desc (Lnet/minecraft/entity/player/PlayerEntity;Lnet/minecraft/client/util/ITooltipFlag;)Ljava/util/List;
[27Jun2025 03:14:55.258] [main/DEBUG] [net.minecraftforge.coremod.transformer.CoreModBaseTransformer/COREMOD]: Transforming net/minecraft/item/ItemStack
[27Jun2025 03:14:55.284] [main/DEBUG] [net.minecraftforge.coremod.transformer.CoreModBaseTransformer/COREMOD]: Transforming func_110131_b with desc (Lnet/minecraft/item/ItemStack;)V
[27Jun2025 03:14:55.303] [main/DEBUG] [mixin/]: Mixing MixinLightningBolt from architectury-common.mixins.json into net.minecraft.entity.effect.LightningBoltEntity
[27Jun2025 03:14:55.336] [main/DEBUG] [mixin/]: Mixing common.entity.MixinSlimeEntity from byg.mixins.json into net.minecraft.entity.monster.SlimeEntity
[27Jun2025 03:14:55.381] [main/DEBUG] [net.minecraftforge.coremod.transformer.CoreModBaseTransformer/COREMOD]: Transforming func_230254_b_ with desc (Lnet/minecraft/entity/player/PlayerEntity;Lnet/minecraft/util/Hand;)Lnet/minecraft/util/ActionResultType;
[27Jun2025 03:14:55.457] [main/DEBUG] [net.minecraftforge.coremod.transformer.CoreModBaseTransformer/COREMOD]: Transforming func_230280_a_ with desc (Lnet/minecraft/item/ShootableItem;)Z
[27Jun2025 03:14:55.458] [main/DEBUG] [net.minecraftforge.coremod.transformer.CoreModBaseTransformer/COREMOD]: Transforming func_208003_a with desc (Lnet/minecraft/item/ItemStack;Lnet/minecraft/item/ItemStack;)Z
[27Jun2025 03:14:55.479] [main/DEBUG] [net.minecraftforge.coremod.transformer.CoreModBaseTransformer/COREMOD]: Transforming func_230280_a_ with desc (Lnet/minecraft/item/ShootableItem;)Z
[27Jun2025 03:14:55.479] [main/DEBUG] [net.minecraftforge.coremod.transformer.CoreModBaseTransformer/COREMOD]: Transforming func_241844_w with desc (F)V
[27Jun2025 03:14:55.523] [main/DEBUG] [net.minecraftforge.coremod.transformer.CoreModBaseTransformer/COREMOD]: Transforming func_230254_b_ with desc (Lnet/minecraft/entity/player/PlayerEntity;Lnet/minecraft/util/Hand;)Lnet/minecraft/util/ActionResultType;
[27Jun2025 03:14:55.531] [main/DEBUG] [mixin/]: Mixing common.entity.MixinEatGrassGoal from byg.mixins.json into net.minecraft.entity.ai.goal.EatGrassGoal
[27Jun2025 03:14:55.578] [main/DEBUG] [net.minecraftforge.coremod.transformer.CoreModBaseTransformer/COREMOD]: Transforming func_85036_m with desc ()V
[27Jun2025 03:14:55.592] [main/DEBUG] [net.minecraftforge.coremod.transformer.CoreModBaseTransformer/COREMOD]: Transforming func_230280_a_ with desc (Lnet/minecraft/item/ShootableItem;)Z
[27Jun2025 03:14:55.653] [main/DEBUG] [mixin/]: Mixing VillagerMixin from architectury-common.mixins.json into net.minecraft.entity.merchant.villager.VillagerEntity
[27Jun2025 03:14:55.671] [main/DEBUG] [mixin/]: Mixing AbstractVillagerMixin from architectury-common.mixins.json into net.minecraft.entity.merchant.villager.AbstractVillagerEntity
[27Jun2025 03:14:55.744] [main/DEBUG] [mixin/]: Mixing WanderingTraderMixin from architectury-common.mixins.json into net.minecraft.entity.merchant.villager.WanderingTraderEntity
[27Jun2025 03:14:55.998] [main/DEBUG] [mixin/]: Mixing MixinWorldEvent from architectury.mixins.json into net.minecraftforge.event.world.WorldEvent
[27Jun2025 03:14:56.092] [main/DEBUG] [mixin/]: Mixing access.WeightedListAccess from byg.mixins.json into net.minecraft.util.WeightedList
[27Jun2025 03:14:56.095] [main/DEBUG] [mixin/]: Mixing access.WeightedListEntryAccess from byg.mixins.json into net.minecraft.util.WeightedList$Entry
[27Jun2025 03:14:56.123] [main/DEBUG] [mixin/]: Mixing access.FillerBlockTypeAccess from byg.mixins.json into net.minecraft.world.gen.feature.OreFeatureConfig$FillerBlockType
[27Jun2025 03:14:56.128] [main/DEBUG] [mixin/]: Renaming @Accessor method setNetherFillerType(Lnet/minecraft/world/gen/feature/template/RuleTest;)V to setNetherFillerType_$md$f66eea$0 in byg.mixins.json:access.FillerBlockTypeAccess
[27Jun2025 03:14:56.545] [main/DEBUG] [mixin/]: Mixing MobSpawnSettingsBuilderAccessor from architectury.mixins.json into net.minecraft.world.biome.MobSpawnInfo$Builder
[27Jun2025 03:14:56.569] [main/DEBUG] [mixin/]: Mixing BiomeGenerationSettingsBuilderAccessor from architectury.mixins.json into net.minecraft.world.biome.BiomeGenerationSettings$Builder
[27Jun2025 03:14:56.691] [main/DEBUG] [mixin/]: Mixing access.BiomeGenerationSettingsAccess from byg.mixins.json into net.minecraft.world.biome.BiomeGenerationSettings
[27Jun2025 03:14:56.973] [main/DEBUG] [mixin/]: Mixing access.DimensionStructuresSettingsAccess from byg.mixins.json into net.minecraft.world.gen.settings.DimensionStructuresSettings
[27Jun2025 03:14:56.974] [main/DEBUG] [mixin/]: Renaming @Accessor method setDefaults(Lcom/google/common/collect/ImmutableMap;)V to setDefaults_$md$f66eea$0 in byg.mixins.json:access.DimensionStructuresSettingsAccess
[27Jun2025 03:14:57.069] [main/DEBUG] [net.minecraftforge.coremod.transformer.CoreModBaseTransformer/COREMOD]: Transforming func_92089_a with desc (Lnet/minecraft/item/ItemStack;)Z
[27Jun2025 03:14:57.931] [main/DEBUG] [mixin/]: Mixing access.AxeItemAccess from byg.mixins.json into net.minecraft.item.AxeItem
[27Jun2025 03:14:57.939] [main/DEBUG] [mixin/]: Renaming @Accessor method getStripables()Ljava/util/Map; to getStripables_$md$f66eea$0 in byg.mixins.json:access.AxeItemAccess
[27Jun2025 03:14:57.939] [main/DEBUG] [mixin/]: Renaming @Accessor method setStripables(Ljava/util/Map;)V to setStripables_$md$f66eea$1 in byg.mixins.json:access.AxeItemAccess
[27Jun2025 03:14:57.945] [main/DEBUG] [mixin/]: Mixing access.HoeItemAccess from byg.mixins.json into net.minecraft.item.HoeItem
[27Jun2025 03:14:57.946] [main/DEBUG] [mixin/]: Renaming @Accessor method getTillables()Ljava/util/Map; to getTillables_$md$f66eea$0 in byg.mixins.json:access.HoeItemAccess
[27Jun2025 03:14:57.948] [main/DEBUG] [mixin/]: Renaming @Accessor method setTillables(Ljava/util/Map;)V to setTillables_$md$f66eea$1 in byg.mixins.json:access.HoeItemAccess
[27Jun2025 03:14:57.963] [main/DEBUG] [net.minecraftforge.coremod.transformer.CoreModBaseTransformer/COREMOD]: Transforming net/minecraft/item/BucketItem
[27Jun2025 03:14:57.977] [main/DEBUG] [net.minecraftforge.coremod.transformer.CoreModBaseTransformer/COREMOD]: Transforming net/minecraft/item/FishBucketItem
[27Jun2025 03:14:58.039] [main/DEBUG] [net.minecraftforge.coremod.transformer.CoreModBaseTransformer/COREMOD]: Transforming func_220013_l with desc (Lnet/minecraft/item/ItemStack;)F
[27Jun2025 03:14:58.320] [main/DEBUG] [net.minecraftforge.coremod.transformer.CoreModBaseTransformer/COREMOD]: Transforming net/minecraft/potion/EffectInstance
[27Jun2025 03:14:58.362] [main/DEBUG] [net.minecraftforge.coremod.transformer.CoreModBaseTransformer/COREMOD]: Transforming func_234600_a_ with desc (Lnet/minecraft/entity/player/PlayerEntity;)Z
[27Jun2025 03:14:58.440] [main/DEBUG] [mixin/]: Mixing access.BlockEntityTypeBuilderAccess from byg.mixins.json into net.minecraft.tileentity.TileEntityType$Builder
[27Jun2025 03:14:58.441] [main/DEBUG] [mixin/]: Mixing access.TileEntityTypeBuilderAccess from byg.mixins.json into net.minecraft.tileentity.TileEntityType$Builder
[27Jun2025 03:14:58.442] [main/DEBUG] [mixin/]: Unexpected: Registered method getValidBlocks()Ljava/util/Set; in net.minecraft.tileentity.TileEntityType$Builder was not merged
[27Jun2025 03:14:58.520] [main/DEBUG] [mixin/]: Mixing common.lightengine.WorldLightManagerMixin from byg.mixins.json into net.minecraft.world.lighting.WorldLightManager
[27Jun2025 03:14:58.653] [main/DEBUG] [net.minecraftforge.coremod.transformer.CoreModBaseTransformer/COREMOD]: Transforming func_75214_a with desc (Lnet/minecraft/item/ItemStack;)Z
[27Jun2025 03:15:00.111] [main/DEBUG] [mixin/]: Mixing server.MixinMinecraftServer from byg.mixins.json into net.minecraft.server.MinecraftServer
[27Jun2025 03:15:00.358] [main/DEBUG] [net.minecraftforge.fml.ForgeI18n/CORE]: Loading I18N data entries: 4980
[27Jun2025 03:15:00.681] [main/DEBUG] [mixin/]: Mixing MixinFMLHandshakeHandler from mixins.clientresetpacket.json into net.minecraftforge.fml.network.FMLHandshakeHandler
[27Jun2025 03:15:00.684] [main/DEBUG] [mixin/]: Renaming synthetic method lambda$handleServerModListOnClient$1()Ljava/lang/Object; to mdf66eea$lambda$handleServerModListOnClient$1$0 in mixins.clientresetpacket.json:MixinFMLHandshakeHandler
[27Jun2025 03:15:00.684] [main/DEBUG] [mixin/]: Renaming synthetic method lambda$handleServerModListOnClient$0()Ljava/lang/Object; to mdf66eea$lambda$handleServerModListOnClient$0$1 in mixins.clientresetpacket.json:MixinFMLHandshakeHandler
[27Jun2025 03:15:00.804] [main/DEBUG] [net.minecraftforge.fml.ModLoader/CORE]: Loading Network data for FML net version: FML2
[27Jun2025 03:15:00.811] [main/DEBUG] [net.minecraftforge.fml.ModWorkManager/LOADING]: Using 4 threads for parallel mod-loading
[27Jun2025 03:15:00.842] [main/DEBUG] [net.minecraftforge.fml.javafmlmod.FMLJavaModLanguageProvider/LOADING]: Loading FMLModContainer from classloader cpw.mods.modlauncher.TransformingClassLoader@31cb96e1 - got cpw.mods.modlauncher.TransformingClassLoader@31cb96e1
[27Jun2025 03:15:00.842] [main/DEBUG] [net.minecraftforge.fml.javafmlmod.FMLModContainer/LOADING]: Creating FMLModContainer instance for net.minecraftforge.common.ForgeMod with classLoader cpw.mods.modlauncher.TransformingClassLoader@31cb96e1 & cpw.mods.modlauncher.TransformingClassLoader@31cb96e1
[27Jun2025 03:15:00.896] [main/DEBUG] [net.minecraftforge.fml.javafmlmod.FMLJavaModLanguageProvider/LOADING]: Loading FMLModContainer from classloader cpw.mods.modlauncher.TransformingClassLoader@31cb96e1 - got cpw.mods.modlauncher.TransformingClassLoader@31cb96e1
[27Jun2025 03:15:00.901] [main/DEBUG] [net.minecraftforge.fml.javafmlmod.FMLModContainer/LOADING]: Creating FMLModContainer instance for me.shedaniel.architectury.forge.ArchitecturyForge with classLoader cpw.mods.modlauncher.TransformingClassLoader@31cb96e1 & cpw.mods.modlauncher.TransformingClassLoader@31cb96e1
[27Jun2025 03:15:00.902] [main/DEBUG] [net.minecraftforge.fml.javafmlmod.FMLJavaModLanguageProvider/LOADING]: Loading FMLModContainer from classloader cpw.mods.modlauncher.TransformingClassLoader@31cb96e1 - got cpw.mods.modlauncher.TransformingClassLoader@31cb96e1
[27Jun2025 03:15:00.902] [main/DEBUG] [net.minecraftforge.fml.javafmlmod.FMLModContainer/LOADING]: Creating FMLModContainer instance for dev.ftb.mods.ftblibrary.forge.FTBLibraryForge with classLoader cpw.mods.modlauncher.TransformingClassLoader@31cb96e1 & cpw.mods.modlauncher.TransformingClassLoader@31cb96e1
[27Jun2025 03:15:00.906] [main/DEBUG] [net.minecraftforge.fml.javafmlmod.FMLJavaModLanguageProvider/LOADING]: Loading FMLModContainer from classloader cpw.mods.modlauncher.TransformingClassLoader@31cb96e1 - got cpw.mods.modlauncher.TransformingClassLoader@31cb96e1
[27Jun2025 03:15:00.909] [main/DEBUG] [net.minecraftforge.fml.javafmlmod.FMLModContainer/LOADING]: Creating FMLModContainer instance for dev.ftb.mods.ftbranks.forge.FTBRanksForge with classLoader cpw.mods.modlauncher.TransformingClassLoader@31cb96e1 & cpw.mods.modlauncher.TransformingClassLoader@31cb96e1
[27Jun2025 03:15:00.915] [main/DEBUG] [net.minecraftforge.fml.javafmlmod.FMLJavaModLanguageProvider/LOADING]: Loading FMLModContainer from classloader cpw.mods.modlauncher.TransformingClassLoader@31cb96e1 - got cpw.mods.modlauncher.TransformingClassLoader@31cb96e1
[27Jun2025 03:15:00.917] [main/DEBUG] [net.minecraftforge.fml.javafmlmod.FMLModContainer/LOADING]: Creating FMLModContainer instance for journeymap.common.Journeymap with classLoader cpw.mods.modlauncher.TransformingClassLoader@31cb96e1 & cpw.mods.modlauncher.TransformingClassLoader@31cb96e1
[27Jun2025 03:15:00.927] [main/DEBUG] [net.minecraftforge.fml.javafmlmod.FMLJavaModLanguageProvider/LOADING]: Loading FMLModContainer from classloader cpw.mods.modlauncher.TransformingClassLoader@31cb96e1 - got cpw.mods.modlauncher.TransformingClassLoader@31cb96e1
[27Jun2025 03:15:00.928] [main/DEBUG] [net.minecraftforge.fml.javafmlmod.FMLModContainer/LOADING]: Creating FMLModContainer instance for net.kaikk.mc.serverredirect.forge.ServerRedirect with classLoader cpw.mods.modlauncher.TransformingClassLoader@31cb96e1 & cpw.mods.modlauncher.TransformingClassLoader@31cb96e1
[27Jun2025 03:15:00.945] [main/DEBUG] [net.minecraftforge.fml.javafmlmod.FMLJavaModLanguageProvider/LOADING]: Loading FMLModContainer from classloader cpw.mods.modlauncher.TransformingClassLoader@31cb96e1 - got cpw.mods.modlauncher.TransformingClassLoader@31cb96e1
[27Jun2025 03:15:00.946] [main/DEBUG] [net.minecraftforge.fml.javafmlmod.FMLModContainer/LOADING]: Creating FMLModContainer instance for com.pixelmonmod.tcg.TCG with classLoader cpw.mods.modlauncher.TransformingClassLoader@31cb96e1 & cpw.mods.modlauncher.TransformingClassLoader@31cb96e1
[27Jun2025 03:15:00.951] [main/DEBUG] [net.minecraftforge.fml.javafmlmod.FMLJavaModLanguageProvider/LOADING]: Loading FMLModContainer from classloader cpw.mods.modlauncher.TransformingClassLoader@31cb96e1 - got cpw.mods.modlauncher.TransformingClassLoader@31cb96e1
[27Jun2025 03:15:00.951] [main/DEBUG] [net.minecraftforge.fml.javafmlmod.FMLModContainer/LOADING]: Creating FMLModContainer instance for gg.chaldea.client.reset.packet.ClientReset with classLoader cpw.mods.modlauncher.TransformingClassLoader@31cb96e1 & cpw.mods.modlauncher.TransformingClassLoader@31cb96e1
[27Jun2025 03:15:00.957] [main/DEBUG] [net.minecraftforge.fml.javafmlmod.FMLJavaModLanguageProvider/LOADING]: Loading FMLModContainer from classloader cpw.mods.modlauncher.TransformingClassLoader@31cb96e1 - got cpw.mods.modlauncher.TransformingClassLoader@31cb96e1
[27Jun2025 03:15:00.957] [main/DEBUG] [net.minecraftforge.fml.javafmlmod.FMLModContainer/LOADING]: Creating FMLModContainer instance for com.pixelmonmod.pixelmon.Pixelmon with classLoader cpw.mods.modlauncher.TransformingClassLoader@31cb96e1 & cpw.mods.modlauncher.TransformingClassLoader@31cb96e1
[27Jun2025 03:15:00.971] [main/DEBUG] [net.minecraftforge.fml.javafmlmod.FMLJavaModLanguageProvider/LOADING]: Loading FMLModContainer from classloader cpw.mods.modlauncher.TransformingClassLoader@31cb96e1 - got cpw.mods.modlauncher.TransformingClassLoader@31cb96e1
[27Jun2025 03:15:00.974] [main/DEBUG] [net.minecraftforge.fml.javafmlmod.FMLModContainer/LOADING]: Creating FMLModContainer instance for corgiaoc.byg.entrypoint.ForgeEntryPoint with classLoader cpw.mods.modlauncher.TransformingClassLoader@31cb96e1 & cpw.mods.modlauncher.TransformingClassLoader@31cb96e1
[27Jun2025 03:15:00.980] [main/DEBUG] [net.minecraftforge.fml.javafmlmod.FMLJavaModLanguageProvider/LOADING]: Loading FMLModContainer from classloader cpw.mods.modlauncher.TransformingClassLoader@31cb96e1 - got cpw.mods.modlauncher.TransformingClassLoader@31cb96e1
[27Jun2025 03:15:00.982] [main/DEBUG] [net.minecraftforge.fml.javafmlmod.FMLModContainer/LOADING]: Creating FMLModContainer instance for com.chaosthedude.explorerscompass.ExplorersCompass with classLoader cpw.mods.modlauncher.TransformingClassLoader@31cb96e1 & cpw.mods.modlauncher.TransformingClassLoader@31cb96e1
[27Jun2025 03:15:00.983] [main/DEBUG] [net.minecraftforge.fml.javafmlmod.FMLJavaModLanguageProvider/LOADING]: Loading FMLModContainer from classloader cpw.mods.modlauncher.TransformingClassLoader@31cb96e1 - got cpw.mods.modlauncher.TransformingClassLoader@31cb96e1
[27Jun2025 03:15:00.983] [main/DEBUG] [net.minecraftforge.fml.javafmlmod.FMLModContainer/LOADING]: Creating FMLModContainer instance for com.chaosthedude.naturescompass.NaturesCompass with classLoader cpw.mods.modlauncher.TransformingClassLoader@31cb96e1 & cpw.mods.modlauncher.TransformingClassLoader@31cb96e1
[27Jun2025 03:15:01.007] [modloading-worker-1/DEBUG] [net.minecraftforge.versions.forge.ForgeVersion/CORE]: Forge Version package package net.minecraftforge.versions.forge, Forge, version 36.2 from cpw.mods.modlauncher.TransformingClassLoader@31cb96e1
[27Jun2025 03:15:01.015] [modloading-worker-1/DEBUG] [net.minecraftforge.versions.forge.ForgeVersion/CORE]: Found Forge version 36.2.35
[27Jun2025 03:15:01.015] [modloading-worker-1/DEBUG] [net.minecraftforge.versions.forge.ForgeVersion/CORE]: Found Forge spec 36.2
[27Jun2025 03:15:01.015] [modloading-worker-1/DEBUG] [net.minecraftforge.versions.forge.ForgeVersion/CORE]: Found Forge group net.minecraftforge
[27Jun2025 03:15:01.023] [modloading-worker-1/DEBUG] [net.minecraftforge.versions.mcp.MCPVersion/CORE]: Found MC version information 1.16.5
[27Jun2025 03:15:01.024] [modloading-worker-1/DEBUG] [net.minecraftforge.versions.mcp.MCPVersion/CORE]: Found MCP version information 20210115.111550
[27Jun2025 03:15:01.024] [modloading-worker-1/INFO] [net.minecraftforge.common.ForgeMod/FORGEMOD]: Forge mod loading, version 36.2.35, for MC 1.16.5 with MCP 20210115.111550
[27Jun2025 03:15:01.166] [modloading-worker-1/INFO] [net.minecraftforge.common.MinecraftForge/FORGE]: MinecraftForge v36.2.35 Initialized
[27Jun2025 03:15:01.256] [modloading-worker-2/WARN] [net.minecraftforge.server.permission.PermissionAPI/]: Replacing net.minecraftforge.server.permission.DefaultPermissionHandler with dev.ftb.mods.ftbranks.forge.PermissionAPIWrapper
[27Jun2025 03:15:01.278] [modloading-worker-2/DEBUG] [net.minecraftforge.fml.AutomaticEventSubscriber/LOADING]: Attempting to inject @EventBusSubscriber classes into the eventbus for ftbranks
[27Jun2025 03:15:01.417] [modloading-worker-2/DEBUG] [net.minecraftforge.fml.config.ConfigTracker/CONFIG]: Config file journeymap-server.toml for journeymap tracking
[27Jun2025 03:15:01.427] [modloading-worker-2/DEBUG] [net.minecraftforge.fml.AutomaticEventSubscriber/LOADING]: Attempting to inject @EventBusSubscriber classes into the eventbus for journeymap
[27Jun2025 03:15:01.452] [modloading-worker-0/DEBUG] [net.minecraftforge.fml.AutomaticEventSubscriber/LOADING]: Attempting to inject @EventBusSubscriber classes into the eventbus for ftblibrary
[27Jun2025 03:15:01.491] [modloading-worker-2/DEBUG] [net.minecraftforge.fml.AutomaticEventSubscriber/LOADING]: Auto-subscribing journeymap.common.Journeymap to FORGE
[27Jun2025 03:15:01.491] [modloading-worker-0/DEBUG] [net.minecraftforge.fml.AutomaticEventSubscriber/LOADING]: Attempting to inject @EventBusSubscriber classes into the eventbus for serverredirect
[27Jun2025 03:15:01.493] [modloading-worker-2/DEBUG] [net.minecraftforge.fml.AutomaticEventSubscriber/LOADING]: Auto-subscribing journeymap.common.config.ForgeConfig to MOD
[27Jun2025 03:15:01.493] [modloading-worker-2/DEBUG] [net.minecraftforge.fml.AutomaticEventSubscriber/LOADING]: Attempting to inject @EventBusSubscriber classes into the eventbus for clientresetpacket
[27Jun2025 03:15:01.502] [modloading-worker-1/DEBUG] [net.minecraftforge.fml.config.ConfigTracker/CONFIG]: Config file forge-client.toml for forge tracking
[27Jun2025 03:15:01.500] [modloading-worker-2/INFO] [Pixelmon/]: Patched lifecycle fields.
[27Jun2025 03:15:01.521] [modloading-worker-1/DEBUG] [net.minecraftforge.fml.config.ConfigTracker/CONFIG]: Config file forge-server.toml for forge tracking
[27Jun2025 03:15:01.532] [modloading-worker-1/DEBUG] [net.minecraftforge.fml.config.ConfigTracker/CONFIG]: Config file forge-common.toml for forge tracking
[27Jun2025 03:15:01.747] [modloading-worker-3/DEBUG] [mixin/]: Mixing CommandsMixin from ftbranks-common.mixins.json into net.minecraft.command.Commands
[27Jun2025 03:15:01.755] [modloading-worker-3/DEBUG] [mixin/]: Mixing server.MixinCommands from byg.mixins.json into net.minecraft.command.Commands
[27Jun2025 03:15:01.847] [modloading-worker-0/DEBUG] [net.minecraftforge.fml.AutomaticEventSubscriber/LOADING]: Attempting to inject @EventBusSubscriber classes into the eventbus for tcg
[27Jun2025 03:15:01.853] [modloading-worker-0/DEBUG] [net.minecraftforge.fml.AutomaticEventSubscriber/LOADING]: Auto-subscribing com.pixelmonmod.tcg.init.registry.ItemRegistration to MOD
[27Jun2025 03:15:01.853] [modloading-worker-1/DEBUG] [net.minecraftforge.fml.AutomaticEventSubscriber/LOADING]: Attempting to inject @EventBusSubscriber classes into the eventbus for forge
[27Jun2025 03:15:01.857] [modloading-worker-0/DEBUG] [net.minecraftforge.fml.AutomaticEventSubscriber/LOADING]: Auto-subscribing com.pixelmonmod.tcg.init.loaders.TCGLoaders to FORGE
[27Jun2025 03:15:01.857] [modloading-worker-1/DEBUG] [net.minecraftforge.fml.AutomaticEventSubscriber/LOADING]: Auto-subscribing net.minecraftforge.common.ForgeSpawnEggItem$CommonHandler to MOD
[27Jun2025 03:15:01.919] [modloading-worker-1/DEBUG] [net.minecraftforge.fml.AutomaticEventSubscriber/LOADING]: Attempting to inject @EventBusSubscriber classes into the eventbus for byg
[27Jun2025 03:15:01.920] [modloading-worker-1/DEBUG] [net.minecraftforge.fml.AutomaticEventSubscriber/LOADING]: Auto-subscribing corgiaoc.byg.entrypoint.ForgeEntryPoint to MOD
[27Jun2025 03:15:01.996] [modloading-worker-0/DEBUG] [net.minecraftforge.fml.config.ConfigTracker/CONFIG]: Config file explorerscompass-common.toml for explorerscompass tracking
[27Jun2025 03:15:01.996] [modloading-worker-0/DEBUG] [net.minecraftforge.fml.config.ConfigTracker/CONFIG]: Config file explorerscompass-client.toml for explorerscompass tracking
[27Jun2025 03:15:02.011] [modloading-worker-1/DEBUG] [net.minecraftforge.fml.config.ConfigTracker/CONFIG]: Config file naturescompass-common.toml for naturescompass tracking
[27Jun2025 03:15:02.014] [modloading-worker-1/DEBUG] [net.minecraftforge.fml.config.ConfigTracker/CONFIG]: Config file naturescompass-client.toml for naturescompass tracking
[27Jun2025 03:15:02.014] [modloading-worker-1/DEBUG] [net.minecraftforge.fml.AutomaticEventSubscriber/LOADING]: Attempting to inject @EventBusSubscriber classes into the eventbus for naturescompass
[27Jun2025 03:15:02.014] [modloading-worker-1/DEBUG] [net.minecraftforge.fml.AutomaticEventSubscriber/LOADING]: Auto-subscribing com.chaosthedude.naturescompass.registry.NaturesCompassRegistry to MOD
[27Jun2025 03:15:01.996] [modloading-worker-0/DEBUG] [net.minecraftforge.fml.AutomaticEventSubscriber/LOADING]: Attempting to inject @EventBusSubscriber classes into the eventbus for explorerscompass
[27Jun2025 03:15:02.014] [modloading-worker-0/DEBUG] [net.minecraftforge.fml.AutomaticEventSubscriber/LOADING]: Auto-subscribing com.chaosthedude.explorerscompass.registry.ExplorersCompassRegistry to MOD
[27Jun2025 03:15:02.098] [modloading-worker-3/DEBUG] [net.minecraftforge.fml.AutomaticEventSubscriber/LOADING]: Attempting to inject @EventBusSubscriber classes into the eventbus for architectury
[27Jun2025 03:15:02.099] [modloading-worker-3/DEBUG] [net.minecraftforge.fml.AutomaticEventSubscriber/LOADING]: Auto-subscribing me.shedaniel.architectury.networking.forge.NetworkManagerImpl to FORGE
[27Jun2025 03:15:02.102] [modloading-worker-3/DEBUG] [net.minecraftforge.fml.AutomaticEventSubscriber/LOADING]: Auto-subscribing me.shedaniel.architectury.registry.trade.forge.TradeRegistryImpl to FORGE
[27Jun2025 03:15:02.110] [modloading-worker-3/DEBUG] [net.minecraftforge.fml.AutomaticEventSubscriber/LOADING]: Auto-subscribing me.shedaniel.architectury.registry.forge.BiomeModificationsImpl to FORGE
[27Jun2025 03:15:02.141] [modloading-worker-3/DEBUG] [net.minecraftforge.fml.AutomaticEventSubscriber/LOADING]: Auto-subscribing me.shedaniel.architectury.registry.forge.ReloadListenersImpl to FORGE
[27Jun2025 03:15:05.904] [modloading-worker-2/DEBUG] [net.minecraftforge.fml.AutomaticEventSubscriber/LOADING]: Attempting to inject @EventBusSubscriber classes into the eventbus for pixelmon
[27Jun2025 03:15:05.911] [modloading-worker-2/DEBUG] [net.minecraftforge.fml.AutomaticEventSubscriber/LOADING]: Auto-subscribing com.pixelmonmod.pixelmon.world.generation.AddToBiomes to FORGE
[27Jun2025 03:15:05.924] [modloading-worker-2/DEBUG] [net.minecraftforge.fml.AutomaticEventSubscriber/LOADING]: Auto-subscribing com.pixelmonmod.pixelmon.world.dimension.DimensionRegistration to MOD
[27Jun2025 03:15:05.925] [modloading-worker-2/DEBUG] [net.minecraftforge.fml.AutomaticEventSubscriber/LOADING]: Auto-subscribing com.pixelmonmod.pixelmon.storage.extras.PixelExtrasStorage to FORGE
[27Jun2025 03:15:05.930] [modloading-worker-2/DEBUG] [net.minecraftforge.fml.AutomaticEventSubscriber/LOADING]: Auto-subscribing com.pixelmonmod.pixelmon.listener.ZygardeCellsListener to FORGE
[27Jun2025 03:15:05.967] [modloading-worker-2/DEBUG] [net.minecraftforge.fml.AutomaticEventSubscriber/LOADING]: Auto-subscribing com.pixelmonmod.pixelmon.listener.CanUpdateListener to FORGE
[27Jun2025 03:15:05.991] [modloading-worker-2/DEBUG] [net.minecraftforge.fml.AutomaticEventSubscriber/LOADING]: Auto-subscribing com.pixelmonmod.pixelmon.items.armor.armoreffects.ThunderstoneEffect to FORGE
[27Jun2025 03:15:06.009] [modloading-worker-2/DEBUG] [net.minecraftforge.fml.AutomaticEventSubscriber/LOADING]: Auto-subscribing com.pixelmonmod.pixelmon.init.registry.PixelmonRegistry to MOD
[27Jun2025 03:15:06.016] [modloading-worker-2/DEBUG] [net.minecraftforge.fml.AutomaticEventSubscriber/LOADING]: Auto-subscribing com.pixelmonmod.pixelmon.init.loaders.PixelmonLoaders to FORGE
[27Jun2025 03:15:06.031] [modloading-worker-2/DEBUG] [net.minecraftforge.fml.AutomaticEventSubscriber/LOADING]: Auto-subscribing com.pixelmonmod.pixelmon.api.util.helpers.WorldHelper to FORGE
[27Jun2025 03:15:06.036] [modloading-worker-2/DEBUG] [net.minecraftforge.fml.AutomaticEventSubscriber/LOADING]: Auto-subscribing com.pixelmonmod.pixelmon.api.spawning.util.SpawningHeightmap to FORGE
[27Jun2025 03:15:06.065] [modloading-worker-2/DEBUG] [net.minecraftforge.fml.AutomaticEventSubscriber/LOADING]: Auto-subscribing com.pixelmonmod.pixelmon.api.config.RegistryHandler to MOD
[27Jun2025 03:15:06.066] [modloading-worker-2/DEBUG] [net.minecraftforge.fml.AutomaticEventSubscriber/LOADING]: Auto-subscribing com.pixelmonmod.pixelmon.CommonProxy to FORGE
[27Jun2025 03:15:08.363] [main/DEBUG] [corgiaoc.byg.BYG/]: BYG: Registering blocks...
[27Jun2025 03:15:10.230] [main/INFO] [corgiaoc.byg.BYG/]: BYG: Blocks registered!
[27Jun2025 03:15:10.239] [main/DEBUG] [net.minecraftforge.registries.ObjectHolderRef/]: Unable to lookup pixelmon:purple_cushion for public static net.minecraft.block.Block com.pixelmonmod.pixelmon.api.registries.PixelmonBlocks.purple_cushion. This means the object wasn't registered. It's likely just mod options.
[27Jun2025 03:15:10.241] [main/DEBUG] [net.minecraftforge.registries.ObjectHolderRef/]: Unable to lookup pixelmon:white_cushion for public static net.minecraft.block.Block com.pixelmonmod.pixelmon.api.registries.PixelmonBlocks.white_cushion. This means the object wasn't registered. It's likely just mod options.
[27Jun2025 03:15:10.242] [main/DEBUG] [net.minecraftforge.registries.ObjectHolderRef/]: Unable to lookup pixelmon:blue_cushion for public static net.minecraft.block.Block com.pixelmonmod.pixelmon.api.registries.PixelmonBlocks.blue_cushion. This means the object wasn't registered. It's likely just mod options.
[27Jun2025 03:15:10.242] [main/DEBUG] [net.minecraftforge.registries.ObjectHolderRef/]: Unable to lookup pixelmon:pink_cushion for public static net.minecraft.block.Block com.pixelmonmod.pixelmon.api.registries.PixelmonBlocks.pink_cushion. This means the object wasn't registered. It's likely just mod options.
[27Jun2025 03:15:10.243] [main/DEBUG] [net.minecraftforge.registries.ObjectHolderRef/]: Unable to lookup pixelmon:black_cushion for public static net.minecraft.block.Block com.pixelmonmod.pixelmon.api.registries.PixelmonBlocks.black_cushion. This means the object wasn't registered. It's likely just mod options.
[27Jun2025 03:15:10.246] [main/DEBUG] [net.minecraftforge.registries.ObjectHolderRef/]: Unable to lookup pixelmon:cyan_cushion for public static net.minecraft.block.Block com.pixelmonmod.pixelmon.api.registries.PixelmonBlocks.cyan_cushion. This means the object wasn't registered. It's likely just mod options.
[27Jun2025 03:15:10.246] [main/DEBUG] [net.minecraftforge.registries.ObjectHolderRef/]: Unable to lookup pixelmon:green_cushion for public static net.minecraft.block.Block com.pixelmonmod.pixelmon.api.registries.PixelmonBlocks.green_cushion. This means the object wasn't registered. It's likely just mod options.
[27Jun2025 03:15:10.248] [main/DEBUG] [net.minecraftforge.registries.ObjectHolderRef/]: Unable to lookup pixelmon:gray_cushion for public static net.minecraft.block.Block com.pixelmonmod.pixelmon.api.registries.PixelmonBlocks.gray_cushion. This means the object wasn't registered. It's likely just mod options.
[27Jun2025 03:15:10.249] [main/DEBUG] [net.minecraftforge.registries.ObjectHolderRef/]: Unable to lookup pixelmon:cash_register for public static net.minecraft.block.Block com.pixelmonmod.pixelmon.api.registries.PixelmonBlocks.cash_register. This means the object wasn't registered. It's likely just mod options.
[27Jun2025 03:15:10.254] [main/DEBUG] [net.minecraftforge.registries.ObjectHolderRef/]: Unable to lookup pixelmon:yellow_cushion for public static net.minecraft.block.Block com.pixelmonmod.pixelmon.api.registries.PixelmonBlocks.yellow_cushion. This means the object wasn't registered. It's likely just mod options.
[27Jun2025 03:15:10.256] [main/DEBUG] [net.minecraftforge.registries.ObjectHolderRef/]: Unable to lookup pixelmon:red_cushion for public static net.minecraft.block.Block com.pixelmonmod.pixelmon.api.registries.PixelmonBlocks.red_cushion. This means the object wasn't registered. It's likely just mod options.
[27Jun2025 03:15:10.257] [main/DEBUG] [net.minecraftforge.registries.ObjectHolderRef/]: Unable to lookup pixelmon:orange_cushion for public static net.minecraft.block.Block com.pixelmonmod.pixelmon.api.registries.PixelmonBlocks.orange_cushion. This means the object wasn't registered. It's likely just mod options.
[27Jun2025 03:15:10.258] [main/DEBUG] [net.minecraftforge.registries.ObjectHolderRef/]: Unable to lookup pixelmon:deep_sea for public static net.minecraft.block.Block com.pixelmonmod.pixelmon.api.registries.PixelmonBlocks.deep_sea. This means the object wasn't registered. It's likely just mod options.
[27Jun2025 03:15:10.259] [main/DEBUG] [net.minecraftforge.registries.ObjectHolderRef/]: Unable to lookup pixelmon:brown_cushion for public static net.minecraft.block.Block com.pixelmonmod.pixelmon.api.registries.PixelmonBlocks.brown_cushion. This means the object wasn't registered. It's likely just mod options.
[27Jun2025 03:15:10.819] [main/DEBUG] [corgiaoc.byg.BYG/]: BYG: Registering items...
[27Jun2025 03:15:10.950] [main/INFO] [corgiaoc.byg.BYG/]: BYG: Items registered!
[27Jun2025 03:15:10.955] [main/DEBUG] [net.minecraftforge.registries.ObjectHolderRef/]: Unable to lookup pixelmon:copper_hammer for public static net.minecraft.item.ToolItem com.pixelmonmod.pixelmon.api.registries.PixelmonItems.copper_hammer. This means the object wasn't registered. It's likely just mod options.
[27Jun2025 03:15:10.957] [main/DEBUG] [net.minecraftforge.registries.ObjectHolderRef/]: Unable to lookup tcg:rule_book for public static net.minecraft.item.Item com.pixelmonmod.tcg.api.accessors.TCGItems.rule_book. This means the object wasn't registered. It's likely just mod options.
[27Jun2025 03:15:11.126] [main/DEBUG] [corgiaoc.byg.BYG/]: BYG: Registering block entities...
[27Jun2025 03:15:11.132] [main/INFO] [corgiaoc.byg.BYG/]: BYG: Block Entities registered!
[27Jun2025 03:15:11.282] [main/DEBUG] [corgiaoc.byg.BYG/]: BYG: Registering entities...
[27Jun2025 03:15:11.287] [main/INFO] [corgiaoc.byg.BYG/]: BYG: Entities registered!
[27Jun2025 03:15:11.313] [main/DEBUG] [corgiaoc.byg.BYG/]: BYG: Registering block entities...
[27Jun2025 03:15:11.314] [main/INFO] [corgiaoc.byg.BYG/]: BYG: Block Entities registered!
[27Jun2025 03:15:11.380] [main/DEBUG] [corgiaoc.byg.BYG/]: BYG: Registering sounds...
[27Jun2025 03:15:11.384] [main/INFO] [corgiaoc.byg.BYG/]: BYG: Sounds registered!
[27Jun2025 03:15:11.411] [main/DEBUG] [corgiaoc.byg.BYG/]: BYG: Registering biomes...
[27Jun2025 03:15:14.110] [main/INFO] [corgiaoc.byg.BYG/]: BYG: Biomes registered!
[27Jun2025 03:15:14.111] [main/DEBUG] [corgiaoc.byg.BYG/]: BYG: Registering block placer types...
[27Jun2025 03:15:14.114] [main/INFO] [corgiaoc.byg.BYG/]: BYG: Registering block placer types!
[27Jun2025 03:15:14.134] [main/DEBUG] [corgiaoc.byg.BYG/]: BYG: Registering decorators...
[27Jun2025 03:15:14.140] [main/INFO] [corgiaoc.byg.BYG/]: BYG: Decorators registered!
[27Jun2025 03:15:14.177] [main/DEBUG] [corgiaoc.byg.BYG/]: BYG: Registering features...
[27Jun2025 03:15:14.183] [main/INFO] [corgiaoc.byg.BYG/]: BYG: Features registered!
[27Jun2025 03:15:14.318] [main/DEBUG] [corgiaoc.byg.BYG/]: BYG: Registering structures...
[27Jun2025 03:15:14.331] [main/INFO] [corgiaoc.byg.BYG/]: BYG: Structures registered!
[27Jun2025 03:15:14.346] [main/DEBUG] [corgiaoc.byg.BYG/]: BYG: Registering surface builders...
[27Jun2025 03:15:14.347] [main/INFO] [corgiaoc.byg.BYG/]: BYG: Surface builders Registered!
[27Jun2025 03:15:14.467] [main/DEBUG] [net.minecraftforge.fml.config.ConfigTracker/CONFIG]: Loading configs type COMMON
[27Jun2025 03:15:14.472] [main/DEBUG] [net.minecraftforge.fml.config.ConfigFileTypeHandler/CONFIG]: Built TOML config for /workspaces/kkk/pixel/config/forge-common.toml
[27Jun2025 03:15:14.476] [main/DEBUG] [net.minecraftforge.fml.config.ConfigFileTypeHandler/CONFIG]: Loaded TOML config file /workspaces/kkk/pixel/config/forge-common.toml
[27Jun2025 03:15:14.482] [main/DEBUG] [net.minecraftforge.fml.config.ConfigFileTypeHandler/CONFIG]: Watching TOML config file /workspaces/kkk/pixel/config/forge-common.toml for changes
[27Jun2025 03:15:14.502] [main/DEBUG] [net.minecraftforge.common.ForgeConfig/FORGEMOD]: Loaded forge config file forge-common.toml
[27Jun2025 03:15:14.503] [main/DEBUG] [net.minecraftforge.fml.config.ConfigFileTypeHandler/CONFIG]: Built TOML config for /workspaces/kkk/pixel/config/explorerscompass-common.toml
[27Jun2025 03:15:14.507] [main/DEBUG] [net.minecraftforge.fml.config.ConfigFileTypeHandler/CONFIG]: Loaded TOML config file /workspaces/kkk/pixel/config/explorerscompass-common.toml
[27Jun2025 03:15:14.507] [main/DEBUG] [net.minecraftforge.fml.config.ConfigFileTypeHandler/CONFIG]: Watching TOML config file /workspaces/kkk/pixel/config/explorerscompass-common.toml for changes
[27Jun2025 03:15:14.518] [Thread-1/DEBUG] [net.minecraftforge.fml.config.ConfigFileTypeHandler/CONFIG]: Config file forge-common.toml changed, sending notifies
[27Jun2025 03:15:14.519] [Thread-1/DEBUG] [net.minecraftforge.common.ForgeConfig/FORGEMOD]: Forge config just got changed on the file system!
[27Jun2025 03:15:14.520] [Thread-1/DEBUG] [net.minecraftforge.fml.config.ConfigFileTypeHandler/CONFIG]: Config file explorerscompass-common.toml changed, sending notifies
[27Jun2025 03:15:14.523] [Thread-1/DEBUG] [net.minecraftforge.fml.config.ConfigFileTypeHandler/CONFIG]: Config file explorerscompass-common.toml changed, sending notifies
[27Jun2025 03:15:14.527] [main/DEBUG] [net.minecraftforge.fml.config.ConfigFileTypeHandler/CONFIG]: Built TOML config for /workspaces/kkk/pixel/config/naturescompass-common.toml
[27Jun2025 03:15:14.530] [main/DEBUG] [net.minecraftforge.fml.config.ConfigFileTypeHandler/CONFIG]: Loaded TOML config file /workspaces/kkk/pixel/config/naturescompass-common.toml
[27Jun2025 03:15:14.531] [main/DEBUG] [net.minecraftforge.fml.config.ConfigFileTypeHandler/CONFIG]: Watching TOML config file /workspaces/kkk/pixel/config/naturescompass-common.toml for changes
[27Jun2025 03:15:14.541] [Thread-1/DEBUG] [net.minecraftforge.fml.config.ConfigFileTypeHandler/CONFIG]: Config file naturescompass-common.toml changed, sending notifies
[27Jun2025 03:15:14.556] [Thread-1/DEBUG] [net.minecraftforge.fml.config.ConfigFileTypeHandler/CONFIG]: Config file naturescompass-common.toml changed, sending notifies
[27Jun2025 03:15:14.571] [modloading-worker-0/INFO] [Pixelmon TCG/]: Loading TCG version 9.1.12
[27Jun2025 03:15:14.638] [modloading-worker-2/INFO] [net.minecraftforge.fml.network.FMLHandshakeHandler/FMLHANDSHAKE]: Registering forge reset packet
[27Jun2025 03:15:14.675] [modloading-worker-2/INFO] [net.minecraftforge.fml.network.FMLHandshakeHandler/FMLHANDSHAKE]: Registered forge reset packet
[27Jun2025 03:15:14.676] [modloading-worker-2/INFO] [Pixelmon/]: Loading Pixelmon version 9.1.12
[27Jun2025 03:15:14.722] [modloading-worker-3/DEBUG] [corgiaoc.byg.BYG/]: BYG: "Common Setup" Event Starting...
[27Jun2025 03:15:14.723] [modloading-worker-3/DEBUG] [corgiaoc.byg.BYG/]: BYG: Item Group Created!
[27Jun2025 03:15:14.727] [modloading-worker-3/INFO] [corgiaoc.byg.BYG/]: BYG: "Common Setup" Event Complete!
[27Jun2025 03:15:14.733] [Forge Version Check/INFO] [net.minecraftforge.fml.VersionChecker/]: [forge] Starting version check at https://files.minecraftforge.net/net/minecraftforge/forge/promotions_slim.json
[27Jun2025 03:15:16.111] [modloading-worker-0/INFO] [Pixelmon TCG/]: Initializing Pixelmon TCG v9.1.12
[27Jun2025 03:15:16.140] [Forge Version Check/DEBUG] [net.minecraftforge.fml.VersionChecker/]: [forge] Received version check data:
{
  "homepage": "https://files.minecraftforge.net/net/minecraftforge/forge/",
  "promos": {
    "1.1-latest": "1.3.4.29",
    "1.2.3-latest": "1.4.1.64",
    "1.2.4-latest": "2.0.0.68",
    "1.2.5-latest": "3.4.9.171",
    "1.3.2-latest": "4.3.5.318",
    "1.4.0-latest": "5.0.0.326",
    "1.4.1-latest": "6.0.0.329",
    "1.4.2-latest": "6.0.1.355",
    "1.4.3-latest": "6.2.1.358",
    "1.4.4-latest": "6.3.0.378",
    "1.4.5-latest": "6.4.2.448",
    "1.4.6-latest": "6.5.0.489",
    "1.4.7-latest": "6.6.2.534",
    "1.5-latest": "7.7.0.598",
    "1.5.1-latest": "7.7.2.682",
    "1.5.2-latest": "7.8.1.738",
    "1.5.2-recommended": "7.8.1.738",
    "1.6.1-latest": "8.9.0.775",
    "1.6.2-latest": "9.10.1.871",
    "1.6.2-recommended": "9.10.1.871",
    "1.6.3-latest": "9.11.0.878",
    "1.6.4-latest": "9.11.1.1345",
    "1.6.4-recommended": "9.11.1.1345",
    "1.7.2-latest": "10.12.2.1161",
    "1.7.2-recommended": "10.12.2.1161",
    "1.7.10_pre4-latest": "10.12.2.1149",
    "1.7.10-latest": "10.13.4.1614",
    "1.7.10-recommended": "10.13.4.1614",
    "1.8-latest": "11.14.4.1577",
    "1.8-recommended": "11.14.4.1563",
    "1.8.8-latest": "11.15.0.1655",
    "1.8.9-latest": "11.15.1.2318",
    "1.8.9-recommended": "11.15.1.2318",
    "1.9-latest": "12.16.1.1938",
    "1.9-recommended": "12.16.1.1887",
    "1.9.4-latest": "12.17.0.2317",
    "1.9.4-recommended": "12.17.0.2317",
    "1.10-latest": "12.18.0.2000",
    "1.10.2-latest": "12.18.3.2511",
    "1.10.2-recommended": "12.18.3.2511",
    "1.11-latest": "13.19.1.2199",
    "1.11-recommended": "13.19.1.2189",
    "1.11.2-latest": "13.20.1.2588",
    "1.11.2-recommended": "13.20.1.2588",
    "1.12-latest": "14.21.1.2443",
    "1.12-recommended": "14.21.1.2387",
    "1.12.1-latest": "14.22.1.2485",
    "1.12.1-recommended": "14.22.1.2478",
    "1.12.2-latest": "14.23.5.2860",
    "1.12.2-recommended": "14.23.5.2859",
    "1.13.2-latest": "25.0.223",
    "1.14.2-latest": "26.0.63",
    "1.14.3-latest": "27.0.60",
    "1.14.4-latest": "28.2.26",
    "1.14.4-recommended": "28.2.26",
    "1.15-latest": "29.0.4",
    "1.15.1-latest": "30.0.51",
    "1.15.2-latest": "31.2.57",
    "1.15.2-recommended": "31.2.57",
    "1.16.1-latest": "32.0.108",
    "1.16.2-latest": "33.0.61",
    "1.16.3-latest": "34.1.42",
    "1.16.3-recommended": "34.1.0",
    "1.16.4-latest": "35.1.37",
    "1.16.4-recommended": "35.1.4",
    "1.16.5-latest": "36.2.42",
    "1.16.5-recommended": "36.2.34",
    "1.17.1-latest": "37.1.1",
    "1.17.1-recommended": "37.1.1",
    "1.18-latest": "38.0.17",
    "1.18.1-latest": "39.1.2",
    "1.18.1-recommended": "39.1.0",
    "1.18.2-recommended": "40.3.0",
    "1.18.2-latest": "40.3.10",
    "1.19-latest": "41.1.0",
    "1.19-recommended": "41.1.0",
    "1.19.1-latest": "42.0.9",
    "1.19.2-recommended": "43.5.0",
    "1.19.2-latest": "43.5.0",
    "1.19.3-latest": "44.1.23",
    "1.19.3-recommended": "44.1.0",
    "1.19.4-recommended": "45.4.0",
    "1.19.4-latest": "45.4.0",
    "1.20-latest": "46.0.14",
    "1.20.1-recommended": "47.4.0",
    "1.20.1-latest": "47.4.2",
    "1.20.2-latest": "48.1.0",
    "1.20.2-recommended": "48.1.0",
    "1.20.3-latest": "49.0.2",
    "1.20.4-latest": "49.2.0",
    "1.20.4-recommended": "49.2.0",
    "1.20.6-latest": "50.2.0",
    "1.20.6-recommended": "50.2.0",
    "1.21-latest": "51.0.33",
    "1.21.1-latest": "52.1.1",
    "1.21.1-recommended": "52.1.0",
    "1.21.3-latest": "53.1.1",
    "1.21.3-recommended": "53.1.0",
    "1.21.4-latest": "54.1.3",
    "1.21.4-recommended": "54.1.0",
    "1.21.5-latest": "55.0.23",
    "1.21.6-latest": "56.0.9"
  }
}
[27Jun2025 03:15:16.142] [Forge Version Check/INFO] [net.minecraftforge.fml.VersionChecker/]: [forge] Found status: OUTDATED Current: 36.2.35 Target: 36.2.42
[27Jun2025 03:15:16.151] [Forge Version Check/INFO] [net.minecraftforge.fml.VersionChecker/]: [journeymap] Starting version check at https://forge.curseupdate.com/32274/journeymap
[27Jun2025 03:15:16.393] [Forge Version Check/WARN] [net.minecraftforge.fml.VersionChecker/]: Failed to process update information
java.lang.NullPointerException: null
	at net.minecraftforge.fml.VersionChecker$1.openUrlString(VersionChecker.java:160) ~[forge:?]
	at net.minecraftforge.fml.VersionChecker$1.process(VersionChecker.java:187) ~[forge:?]
	at java.lang.Iterable.forEach(Iterable.java:75) [?:1.8.0_402-402]
	at net.minecraftforge.fml.VersionChecker$1.run(VersionChecker.java:128) [forge:?]
[27Jun2025 03:15:16.398] [Forge Version Check/INFO] [net.minecraftforge.fml.VersionChecker/]: [pixelmon] Starting version check at https://reforged.gg/forge/update.json
[27Jun2025 03:15:16.888] [Forge Version Check/DEBUG] [net.minecraftforge.fml.VersionChecker/]: [pixelmon] Received version check data:
{
  "homepage": "https://pixelmonmod.com/",
  "1.12.2": {
    "6.0.0": "Released Pixelmon", 
    "6.0.1": "Bug fix update.",
    "6.2.0": "The Power Update",
    "6.2.1": "Bug fix update",
    "6.2.2": "Performace update",
    "6.2.3": "The toaster performance update",
    "6.3.0": "The Legendary Update",
    "6.3.1": "Bug fix update",
    "6.3.2": "Bug fix update",
    "6.3.3": "Bug fix update",
    "6.3.4": "Hotfix update",
    "7.0.0": "Generation 7 update",
    "7.0.1": "Bug fix update",
    "7.0.2": "Bug fix update",
    "7.0.3": "Crash fix",
    "7.0.4": "Bug fix update",
    "7.0.5": "They're no longer bugs. All hail Buzzwole.",
    "7.0.6": "Two words: Legendary apocalypse",
    "7.0.7": "Now with... Smart phones?",
    "7.0.8": "A few more fixes before 7.1!",
    "7.1.0": "The Integration Update",
    "7.3.0": "Bye-Bye Pixelmon 7",
    "7.3.1": "Bye-Bye Pixelmon 7",
    "8.0.0": "Generation 8",
    "8.0.2": "Generation 8",
    "8.1.0": "A Sweet Update",
    "8.1.1": "A Sweet Update",
    "8.1.2": "A Sweet Update",
    "8.2.0": "Something's different",
    "8.3.0": "Vikings, probably",
    "8.3.1": "Soup-er Spooky",
    "8.3.2": "Sheep Starvation",
    "8.3.3": "Sheep Starvation",
    "8.3.4": "Forms, fixes and... spikey hair?",
    "8.3.5": "Waiting....",
    "8.3.6": "Spin, spin spin...",
    "8.3.7": "Models, bugfixes and PL Pixelmon",
    "8.3.8": "New voices!",
    "8.4.0": "https://www.youtube.com/watch?v=SFkdcQgNJHo",
    "8.4.1": "The essence of the update",
    "8.4.2": "A Love/Hate relationship :)",
    "8.4.3": "There are DOZENS of us, DOZENS!"
  },
  "1.16.5": {
    "9.0.0": "Happy New Year!",
    "9.0.1": "Great. Now we vampires...",
    "9.0.2": "It's Hammertime....",
    "9.0.3": "The loot is on fire",
    "9.0.4": "Hoooooow Original...",
    "9.0.5": "Don't worry, Bee happy :)",
    "9.0.6": "Look up:)",
    "9.0.7": "Your Daycare and You...",
    "9.0.8": "Something about having a blast",
    "9.0.9": "You have mail!",
    "9.0.10": "GO GO GO!",
    "9.0.11": "Swim Safely!",
    "9.1.0": "Pick a card :)",
    "9.1.1": "Pretty Ribbons and Wings...",
	"9.1.2": "I already made a flight pun this week :(",
	"9.1.3": "Love is in the Pokedex!",
	"9.1.4": "Smol update",
	"9.1.5": "Rainbows, but a lack of kittens",
	"9.1.6": "9.1.6",
	"9.1.7": "Insert Lost Woods bgm",
	"9.1.8": "Witch version?",
	"9.1.9": "Pumpkin...",
	"9.1.10": "Splash!",
	"9.1.11": "Bark Bark Bark",
	"9.1.12": "9.1.12",
	"9.1.13": "9.1.13"
  },
  "1.20.1": {
    "9.2.0": "They have those cherry trees don't they? - Jay 2023",
    "9.2.1": "1.20.1 (Alpha 2)",
    "9.2.2": "1.20.1 (Alpha 3)",
    "9.2.3": "1.20.1 (Alpha 4)"
  },
  "1.20.2": {
    "9.2.4": "1.20.2 (Alpha 4)",
    "9.2.5": "1.20.2 (Alpha 5)",
    "9.2.6": "1.20.2 (Alpha 6)",
    "9.2.7": "1.20.2 (Alpha 7)",
    "9.2.8": "1.20.2 (Alpha 8)",
    "9.2.9": "1.20.2 (Alpha 9)",
    "9.2.10": "1.20.2 (Alpha 10)"
  },
  "1.21.1": {
    "9.3.0": "1.21.1 NeoForge Initial",
    "9.3.1": "9.3.1",
    "9.3.2": "9.3.2",
    "9.3.3": "9.3.3"
  },
  "promos": {
    "1.21.1-latest": "9.3.3",
    "1.21.1-recommended": "9.3.3",
    "1.20.2-latest": "9.3.3",
    "1.20.2-recommended": "9.2.10",
    "1.20.1-latest": "9.3.3",
    "1.20.1-recommended": "9.2.3",
    "1.16.5-latest": "9.3.3",
    "1.16.5-recommended": "9.1.13",
    "1.12.2-latest": "9.3.3",
    "1.12.2-recommended": "8.4.3"
  }
}
[27Jun2025 03:15:16.889] [Forge Version Check/INFO] [net.minecraftforge.fml.VersionChecker/]: [pixelmon] Found status: OUTDATED Current: 9.1.12 Target: 9.1.13
[27Jun2025 03:15:16.893] [Forge Version Check/INFO] [net.minecraftforge.fml.VersionChecker/]: [tcg] Starting version check at https://reforged.gg/forge/update.json
[27Jun2025 03:15:17.068] [Forge Version Check/DEBUG] [net.minecraftforge.fml.VersionChecker/]: [tcg] Received version check data:
{
  "homepage": "https://pixelmonmod.com/",
  "1.12.2": {
    "6.0.0": "Released Pixelmon", 
    "6.0.1": "Bug fix update.",
    "6.2.0": "The Power Update",
    "6.2.1": "Bug fix update",
    "6.2.2": "Performace update",
    "6.2.3": "The toaster performance update",
    "6.3.0": "The Legendary Update",
    "6.3.1": "Bug fix update",
    "6.3.2": "Bug fix update",
    "6.3.3": "Bug fix update",
    "6.3.4": "Hotfix update",
    "7.0.0": "Generation 7 update",
    "7.0.1": "Bug fix update",
    "7.0.2": "Bug fix update",
    "7.0.3": "Crash fix",
    "7.0.4": "Bug fix update",
    "7.0.5": "They're no longer bugs. All hail Buzzwole.",
    "7.0.6": "Two words: Legendary apocalypse",
    "7.0.7": "Now with... Smart phones?",
    "7.0.8": "A few more fixes before 7.1!",
    "7.1.0": "The Integration Update",
    "7.3.0": "Bye-Bye Pixelmon 7",
    "7.3.1": "Bye-Bye Pixelmon 7",
    "8.0.0": "Generation 8",
    "8.0.2": "Generation 8",
    "8.1.0": "A Sweet Update",
    "8.1.1": "A Sweet Update",
    "8.1.2": "A Sweet Update",
    "8.2.0": "Something's different",
    "8.3.0": "Vikings, probably",
    "8.3.1": "Soup-er Spooky",
    "8.3.2": "Sheep Starvation",
    "8.3.3": "Sheep Starvation",
    "8.3.4": "Forms, fixes and... spikey hair?",
    "8.3.5": "Waiting....",
    "8.3.6": "Spin, spin spin...",
    "8.3.7": "Models, bugfixes and PL Pixelmon",
    "8.3.8": "New voices!",
    "8.4.0": "https://www.youtube.com/watch?v=SFkdcQgNJHo",
    "8.4.1": "The essence of the update",
    "8.4.2": "A Love/Hate relationship :)",
    "8.4.3": "There are DOZENS of us, DOZENS!"
  },
  "1.16.5": {
    "9.0.0": "Happy New Year!",
    "9.0.1": "Great. Now we vampires...",
    "9.0.2": "It's Hammertime....",
    "9.0.3": "The loot is on fire",
    "9.0.4": "Hoooooow Original...",
    "9.0.5": "Don't worry, Bee happy :)",
    "9.0.6": "Look up:)",
    "9.0.7": "Your Daycare and You...",
    "9.0.8": "Something about having a blast",
    "9.0.9": "You have mail!",
    "9.0.10": "GO GO GO!",
    "9.0.11": "Swim Safely!",
    "9.1.0": "Pick a card :)",
    "9.1.1": "Pretty Ribbons and Wings...",
	"9.1.2": "I already made a flight pun this week :(",
	"9.1.3": "Love is in the Pokedex!",
	"9.1.4": "Smol update",
	"9.1.5": "Rainbows, but a lack of kittens",
	"9.1.6": "9.1.6",
	"9.1.7": "Insert Lost Woods bgm",
	"9.1.8": "Witch version?",
	"9.1.9": "Pumpkin...",
	"9.1.10": "Splash!",
	"9.1.11": "Bark Bark Bark",
	"9.1.12": "9.1.12",
	"9.1.13": "9.1.13"
  },
  "1.20.1": {
    "9.2.0": "They have those cherry trees don't they? - Jay 2023",
    "9.2.1": "1.20.1 (Alpha 2)",
    "9.2.2": "1.20.1 (Alpha 3)",
    "9.2.3": "1.20.1 (Alpha 4)"
  },
  "1.20.2": {
    "9.2.4": "1.20.2 (Alpha 4)",
    "9.2.5": "1.20.2 (Alpha 5)",
    "9.2.6": "1.20.2 (Alpha 6)",
    "9.2.7": "1.20.2 (Alpha 7)",
    "9.2.8": "1.20.2 (Alpha 8)",
    "9.2.9": "1.20.2 (Alpha 9)",
    "9.2.10": "1.20.2 (Alpha 10)"
  },
  "1.21.1": {
    "9.3.0": "1.21.1 NeoForge Initial",
    "9.3.1": "9.3.1",
    "9.3.2": "9.3.2",
    "9.3.3": "9.3.3"
  },
  "promos": {
    "1.21.1-latest": "9.3.3",
    "1.21.1-recommended": "9.3.3",
    "1.20.2-latest": "9.3.3",
    "1.20.2-recommended": "9.2.10",
    "1.20.1-latest": "9.3.3",
    "1.20.1-recommended": "9.2.3",
    "1.16.5-latest": "9.3.3",
    "1.16.5-recommended": "9.1.13",
    "1.12.2-latest": "9.3.3",
    "1.12.2-recommended": "8.4.3"
  }
}
[27Jun2025 03:15:17.095] [Forge Version Check/INFO] [net.minecraftforge.fml.VersionChecker/]: [tcg] Found status: OUTDATED Current: 9.1.12 Target: 9.1.13
[27Jun2025 03:15:17.455] [modloading-worker-2/INFO] [Pixelmon/]: Loaded Advancements
[27Jun2025 03:15:17.529] [modloading-worker-2/INFO] [Pixelmon/]: Started the async storage scheduler.
[27Jun2025 03:15:18.746] [main/DEBUG] [net.minecraftforge.fml.DeferredWorkQueue/LOADING]: Dispatching synchronous work after COMMON_SETUP: 3 jobs
[27Jun2025 03:15:18.761] [main/INFO] [journeymap/]: Initializing Packet Registries
[27Jun2025 03:15:18.776] [main/DEBUG] [journeymap/]: Registering internal Network handler.
[27Jun2025 03:15:18.810] [main/DEBUG] [journeymap/]: Registering external WorldId packet handler on channel -> "worldinfo:world_id".
[27Jun2025 03:15:18.817] [main/DEBUG] [journeymap/]: Registering external waypoint crud listener handler on channel -> "journeymap:waypoint".
[27Jun2025 03:15:19.041] [main/DEBUG] [net.minecraftforge.fml.DeferredWorkQueue/LOADING]: Synchronous work queue completed in 00:00:00.281
[27Jun2025 03:15:19.060] [main/DEBUG] [net.minecraftforge.fml.DeferredWorkQueue/LOADING]: Dispatching synchronous work after COMPLETE: 1 jobs
[27Jun2025 03:15:19.061] [main/DEBUG] [corgiaoc.byg.BYG/]: BYG: "Load Complete Event" Starting...
[27Jun2025 03:15:19.068] [main/DEBUG] [corgiaoc.byg.BYG/]: BYG: Adding Compostible Blocks...
[27Jun2025 03:15:19.086] [main/INFO] [corgiaoc.byg.BYG/]: BYG: Compostible Blocks Added!
[27Jun2025 03:15:19.090] [main/DEBUG] [corgiaoc.byg.BYG/]: BYG: Adding Hoeable Blocks...
[27Jun2025 03:15:19.091] [main/INFO] [corgiaoc.byg.BYG/]: BYG: Added Hoeable Blocks!
[27Jun2025 03:15:19.096] [main/DEBUG] [corgiaoc.byg.BYG/]: BYG: Adding Flammables...
[27Jun2025 03:15:19.107] [main/INFO] [corgiaoc.byg.BYG/]: BYG: Added Flammables!
[27Jun2025 03:15:19.111] [main/DEBUG] [corgiaoc.byg.BYG/]: BYG: Adding strippable Blocks...
[27Jun2025 03:15:19.117] [main/INFO] [corgiaoc.byg.BYG/]: BYG: Added strippable Blocks...
[27Jun2025 03:15:19.123] [main/DEBUG] [net.minecraftforge.fml.DeferredWorkQueue/LOADING]: Synchronous work queue completed in 00:00:00.062
[27Jun2025 03:15:25.015] [main/DEBUG] [mixin/]: Mixing common.world.layers.MixinDimensionType from byg.mixins.json into net.minecraft.world.DimensionType
[27Jun2025 03:15:25.015] [main/DEBUG] [mixin/]: Renaming synthetic method lambda$endDimensionBYG$1(Lnet/minecraft/util/registry/Registry;)Lnet/minecraft/world/gen/DimensionSettings; to mdf66eea$lambda$endDimensionBYG$1$0 in byg.mixins.json:common.world.layers.MixinDimensionType
[27Jun2025 03:15:25.016] [main/DEBUG] [mixin/]: Renaming synthetic method lambda$netherDimensionBYG$0(Lnet/minecraft/util/registry/Registry;)Lnet/minecraft/world/gen/DimensionSettings; to mdf66eea$lambda$netherDimensionBYG$0$1 in byg.mixins.json:common.world.layers.MixinDimensionType
[27Jun2025 03:15:25.490] [main/DEBUG] [net.minecraftforge.common.ForgeTagHandler/]: Populated the TagCollectionManager with 3 extra types
[27Jun2025 03:15:27.168] [main/DEBUG] [mixin/]: Mixing common.world.layers.MixinHillsLayer from byg.mixins.json into net.minecraft.world.gen.layer.HillsLayer
[27Jun2025 03:15:27.206] [main/DEBUG] [mixin/]: Mixing common.world.layers.MixinShoreLayer from byg.mixins.json into net.minecraft.world.gen.layer.ShoreLayer
[27Jun2025 03:15:27.225] [main/DEBUG] [mixin/]: Mixing common.world.layers.MixinRiverLayer from byg.mixins.json into net.minecraft.world.gen.layer.MixRiverLayer
[27Jun2025 03:15:27.234] [main/DEBUG] [mixin/]: Mixing common.world.layers.ocean.MixinMixOceansLayer from byg.mixins.json into net.minecraft.world.gen.layer.MixOceansLayer
[27Jun2025 03:15:27.305] [main/INFO] [com.mojang.authlib.yggdrasil.YggdrasilAuthenticationService/]: Environment: authHost='https://authserver.mojang.com', accountsHost='https://api.mojang.com', sessionHost='https://sessionserver.mojang.com', servicesHost='https://api.minecraftservices.com', name='PROD'
[27Jun2025 03:15:27.346] [main/DEBUG] [mixin/]: Mixing GameRulesAccessor from architectury.mixins.json into net.minecraft.world.GameRules
[27Jun2025 03:15:27.356] [main/DEBUG] [mixin/]: Mixing GameRulesAccessor$BooleanValue from architectury.mixins.json into net.minecraft.world.GameRules$BooleanValue
[27Jun2025 03:15:27.360] [main/DEBUG] [mixin/]: Renaming @Invoker method invokeCreateArchitectury(ZLjava/util/function/BiConsumer;)Lnet/minecraft/world/GameRules$RuleType; to invokeCreateArchitectury_$md$f66eea$0 in architectury.mixins.json:GameRulesAccessor$BooleanValue
[27Jun2025 03:15:27.360] [main/DEBUG] [mixin/]: Mixing GameRulesAccessor$BooleanValueSimple from architectury.mixins.json into net.minecraft.world.GameRules$BooleanValue
[27Jun2025 03:15:27.360] [main/DEBUG] [mixin/]: Renaming @Invoker method invokeCreateArchitectury(Z)Lnet/minecraft/world/GameRules$RuleType; to invokeCreateArchitectury_$md$f66eea$1 in architectury.mixins.json:GameRulesAccessor$BooleanValueSimple
[27Jun2025 03:15:27.371] [main/DEBUG] [mixin/]: Mixing GameRulesAccessor$IntegerValue from architectury.mixins.json into net.minecraft.world.GameRules$IntegerValue
[27Jun2025 03:15:27.371] [main/DEBUG] [mixin/]: Renaming @Invoker method invokeCreateArchitectury(ILjava/util/function/BiConsumer;)Lnet/minecraft/world/GameRules$RuleType; to invokeCreateArchitectury_$md$f66eea$0 in architectury.mixins.json:GameRulesAccessor$IntegerValue
[27Jun2025 03:15:27.372] [main/DEBUG] [mixin/]: Mixing GameRulesAccessor$IntegerValueSimple from architectury.mixins.json into net.minecraft.world.GameRules$IntegerValue
[27Jun2025 03:15:27.372] [main/DEBUG] [mixin/]: Renaming @Invoker method invokeCreateArchitectury(I)Lnet/minecraft/world/GameRules$RuleType; to invokeCreateArchitectury_$md$f66eea$1 in architectury.mixins.json:GameRulesAccessor$IntegerValueSimple
[27Jun2025 03:15:27.822] [main/DEBUG] [net.minecraftforge.fml.server.ServerLifecycleHooks/CORE]: Generating PackInfo named mod:forge for mod file /workspaces/kkk/pixel/libraries/net/minecraftforge/forge/1.16.5-36.2.35/forge-1.16.5-36.2.35-universal.jar
[27Jun2025 03:15:27.823] [main/DEBUG] [net.minecraftforge.fml.server.ServerLifecycleHooks/CORE]: Generating PackInfo named mod:architectury for mod file /workspaces/kkk/pixel/mods/architectury-1.32.68.jar
[27Jun2025 03:15:27.823] [main/DEBUG] [net.minecraftforge.fml.server.ServerLifecycleHooks/CORE]: Generating PackInfo named mod:ftblibrary for mod file /workspaces/kkk/pixel/mods/ftb-library-forge-1605.3.4-build.90.jar
[27Jun2025 03:15:27.823] [main/DEBUG] [net.minecraftforge.fml.server.ServerLifecycleHooks/CORE]: Generating PackInfo named mod:ftbranks for mod file /workspaces/kkk/pixel/mods/ftb-ranks-forge-1605.1.6-build.33.jar
[27Jun2025 03:15:27.823] [main/DEBUG] [net.minecraftforge.fml.server.ServerLifecycleHooks/CORE]: Generating PackInfo named mod:journeymap for mod file /workspaces/kkk/pixel/mods/journeymap-1.16.5-5.8.3.jar
[27Jun2025 03:15:27.824] [main/DEBUG] [net.minecraftforge.fml.server.ServerLifecycleHooks/CORE]: Generating PackInfo named mod:pixelmon for mod file /workspaces/kkk/pixel/mods/Pixelmon-1.16.5-9.1.13-server.jar
[27Jun2025 03:15:27.824] [main/DEBUG] [net.minecraftforge.fml.server.ServerLifecycleHooks/CORE]: Generating PackInfo named mod:byg for mod file /workspaces/kkk/pixel/mods/byg-1.3.6.jar
[27Jun2025 03:15:27.824] [main/DEBUG] [net.minecraftforge.fml.server.ServerLifecycleHooks/CORE]: Generating PackInfo named mod:explorerscompass for mod file /workspaces/kkk/pixel/mods/ExplorersCompass-1.16.5-1.1.2-forge.jar
[27Jun2025 03:15:27.827] [main/DEBUG] [net.minecraftforge.fml.server.ServerLifecycleHooks/CORE]: Generating PackInfo named mod:naturescompass for mod file /workspaces/kkk/pixel/mods/NaturesCompass-1.16.5-1.9.1-forge.jar
[27Jun2025 03:15:27.851] [main/DEBUG] [net.minecraftforge.common.ForgeTagHandler/]: Gathering custom tag collection reader from types.
[27Jun2025 03:15:29.024] [main/WARN] [net.minecraft.command.Commands/]: Ambiguity between arguments [spectate, ] and [spectate, target] with inputs: [words with spaces, "and symbols", word]
[27Jun2025 03:15:29.031] [main/WARN] [net.minecraft.command.Commands/]: Ambiguity between arguments [spectate, target] and [spectate, ] with inputs: [Player, 0123, @e, @e[type=foo], dd12be42-52a9-4a91-a8a1-11c01849e498]
[27Jun2025 03:15:29.051] [main/WARN] [net.minecraft.command.Commands/]: Ambiguity between arguments [teleport, destination] and [teleport, targets] with inputs: [Player, 0123, @e, dd12be42-52a9-4a91-a8a1-11c01849e498]
[27Jun2025 03:15:29.052] [main/WARN] [net.minecraft.command.Commands/]: Ambiguity between arguments [teleport, location] and [teleport, destination] with inputs: [0.1 -0.5 .9, 0 0 0]
[27Jun2025 03:15:29.065] [main/WARN] [net.minecraft.command.Commands/]: Ambiguity between arguments [teleport, location] and [teleport, targets] with inputs: [0.1 -0.5 .9, 0 0 0]
[27Jun2025 03:15:29.068] [main/WARN] [net.minecraft.command.Commands/]: Ambiguity between arguments [teleport, targets] and [teleport, destination] with inputs: [Player, 0123, dd12be42-52a9-4a91-a8a1-11c01849e498]
[27Jun2025 03:15:29.069] [main/WARN] [net.minecraft.command.Commands/]: Ambiguity between arguments [teleport, targets, location] and [teleport, targets, destination] with inputs: [0.1 -0.5 .9, 0 0 0]
[27Jun2025 03:15:29.087] [main/WARN] [net.minecraft.command.Commands/]: Ambiguity between arguments [waypoint, create, name, dimension, location, color, announce] and [waypoint, create, name, dimension, location, color, player] with inputs: [true, false]
[27Jun2025 03:15:29.093] [main/WARN] [net.minecraft.command.Commands/]: Ambiguity between arguments [waypoint, delete, name, announce] and [waypoint, delete, name, player] with inputs: [true, false]
[27Jun2025 03:15:29.102] [main/INFO] [FTB Ranks/]: Loading command nodes...
[27Jun2025 03:15:29.104] [main/DEBUG] [FTB Ranks/]: command.advancement
[27Jun2025 03:15:29.111] [main/DEBUG] [FTB Ranks/]: command.advancement.grant
[27Jun2025 03:15:29.112] [main/DEBUG] [FTB Ranks/]: command.advancement.grant.targets
[27Jun2025 03:15:29.112] [main/DEBUG] [FTB Ranks/]: command.advancement.grant.targets.everything
[27Jun2025 03:15:29.112] [main/DEBUG] [FTB Ranks/]: command.advancement.grant.targets.from
[27Jun2025 03:15:29.112] [main/DEBUG] [FTB Ranks/]: command.advancement.grant.targets.from.advancement
[27Jun2025 03:15:29.112] [main/DEBUG] [FTB Ranks/]: command.advancement.grant.targets.only
[27Jun2025 03:15:29.113] [main/DEBUG] [FTB Ranks/]: command.advancement.grant.targets.only.advancement
[27Jun2025 03:15:29.113] [main/DEBUG] [FTB Ranks/]: command.advancement.grant.targets.only.advancement.criterion
[27Jun2025 03:15:29.113] [main/DEBUG] [FTB Ranks/]: command.advancement.grant.targets.through
[27Jun2025 03:15:29.113] [main/DEBUG] [FTB Ranks/]: command.advancement.grant.targets.through.advancement
[27Jun2025 03:15:29.113] [main/DEBUG] [FTB Ranks/]: command.advancement.grant.targets.until
[27Jun2025 03:15:29.113] [main/DEBUG] [FTB Ranks/]: command.advancement.grant.targets.until.advancement
[27Jun2025 03:15:29.114] [main/DEBUG] [FTB Ranks/]: command.advancement.revoke
[27Jun2025 03:15:29.114] [main/DEBUG] [FTB Ranks/]: command.advancement.revoke.targets
[27Jun2025 03:15:29.114] [main/DEBUG] [FTB Ranks/]: command.advancement.revoke.targets.everything
[27Jun2025 03:15:29.115] [main/DEBUG] [FTB Ranks/]: command.advancement.revoke.targets.from
[27Jun2025 03:15:29.115] [main/DEBUG] [FTB Ranks/]: command.advancement.revoke.targets.from.advancement
[27Jun2025 03:15:29.115] [main/DEBUG] [FTB Ranks/]: command.advancement.revoke.targets.only
[27Jun2025 03:15:29.115] [main/DEBUG] [FTB Ranks/]: command.advancement.revoke.targets.only.advancement
[27Jun2025 03:15:29.115] [main/DEBUG] [FTB Ranks/]: command.advancement.revoke.targets.only.advancement.criterion
[27Jun2025 03:15:29.115] [main/DEBUG] [FTB Ranks/]: command.advancement.revoke.targets.through
[27Jun2025 03:15:29.115] [main/DEBUG] [FTB Ranks/]: command.advancement.revoke.targets.through.advancement
[27Jun2025 03:15:29.115] [main/DEBUG] [FTB Ranks/]: command.advancement.revoke.targets.until
[27Jun2025 03:15:29.115] [main/DEBUG] [FTB Ranks/]: command.advancement.revoke.targets.until.advancement
[27Jun2025 03:15:29.115] [main/DEBUG] [FTB Ranks/]: command.attribute
[27Jun2025 03:15:29.115] [main/DEBUG] [FTB Ranks/]: command.attribute.target
[27Jun2025 03:15:29.118] [main/DEBUG] [FTB Ranks/]: command.attribute.target.attribute
[27Jun2025 03:15:29.118] [main/DEBUG] [FTB Ranks/]: command.attribute.target.attribute.base
[27Jun2025 03:15:29.118] [main/DEBUG] [FTB Ranks/]: command.attribute.target.attribute.base.get
[27Jun2025 03:15:29.118] [main/DEBUG] [FTB Ranks/]: command.attribute.target.attribute.base.get.scale
[27Jun2025 03:15:29.119] [main/DEBUG] [FTB Ranks/]: command.attribute.target.attribute.base.set
[27Jun2025 03:15:29.119] [main/DEBUG] [FTB Ranks/]: command.attribute.target.attribute.base.set.value
[27Jun2025 03:15:29.119] [main/DEBUG] [FTB Ranks/]: command.attribute.target.attribute.get
[27Jun2025 03:15:29.119] [main/DEBUG] [FTB Ranks/]: command.attribute.target.attribute.get.scale
[27Jun2025 03:15:29.119] [main/DEBUG] [FTB Ranks/]: command.attribute.target.attribute.modifier
[27Jun2025 03:15:29.119] [main/DEBUG] [FTB Ranks/]: command.attribute.target.attribute.modifier.add
[27Jun2025 03:15:29.119] [main/DEBUG] [FTB Ranks/]: command.attribute.target.attribute.modifier.add.uuid
[27Jun2025 03:15:29.119] [main/DEBUG] [FTB Ranks/]: command.attribute.target.attribute.modifier.add.uuid.name
[27Jun2025 03:15:29.119] [main/DEBUG] [FTB Ranks/]: command.attribute.target.attribute.modifier.add.uuid.name.value
[27Jun2025 03:15:29.119] [main/DEBUG] [FTB Ranks/]: command.attribute.target.attribute.modifier.add.uuid.name.value.add
[27Jun2025 03:15:29.119] [main/DEBUG] [FTB Ranks/]: command.attribute.target.attribute.modifier.add.uuid.name.value.multiply
[27Jun2025 03:15:29.119] [main/DEBUG] [FTB Ranks/]: command.attribute.target.attribute.modifier.add.uuid.name.value.multiply_base
[27Jun2025 03:15:29.119] [main/DEBUG] [FTB Ranks/]: command.attribute.target.attribute.modifier.remove
[27Jun2025 03:15:29.119] [main/DEBUG] [FTB Ranks/]: command.attribute.target.attribute.modifier.remove.uuid
[27Jun2025 03:15:29.119] [main/DEBUG] [FTB Ranks/]: command.attribute.target.attribute.modifier.value
[27Jun2025 03:15:29.120] [main/DEBUG] [FTB Ranks/]: command.attribute.target.attribute.modifier.value.get
[27Jun2025 03:15:29.120] [main/DEBUG] [FTB Ranks/]: command.attribute.target.attribute.modifier.value.get.uuid
[27Jun2025 03:15:29.120] [main/DEBUG] [FTB Ranks/]: command.attribute.target.attribute.modifier.value.get.uuid.scale
[27Jun2025 03:15:29.120] [main/DEBUG] [FTB Ranks/]: command.ban
[27Jun2025 03:15:29.120] [main/DEBUG] [FTB Ranks/]: command.ban.targets
[27Jun2025 03:15:29.120] [main/DEBUG] [FTB Ranks/]: command.ban.targets.reason
[27Jun2025 03:15:29.120] [main/DEBUG] [FTB Ranks/]: command.ban-ip
[27Jun2025 03:15:29.120] [main/DEBUG] [FTB Ranks/]: command.ban-ip.target
[27Jun2025 03:15:29.120] [main/DEBUG] [FTB Ranks/]: command.ban-ip.target.reason
[27Jun2025 03:15:29.120] [main/DEBUG] [FTB Ranks/]: command.banlist
[27Jun2025 03:15:29.120] [main/DEBUG] [FTB Ranks/]: command.banlist.ips
[27Jun2025 03:15:29.120] [main/DEBUG] [FTB Ranks/]: command.banlist.players
[27Jun2025 03:15:29.120] [main/DEBUG] [FTB Ranks/]: command.battlelog
[27Jun2025 03:15:29.120] [main/DEBUG] [FTB Ranks/]: command.battlelog.
[27Jun2025 03:15:29.120] [main/DEBUG] [FTB Ranks/]: command.battletests
[27Jun2025 03:15:29.120] [main/DEBUG] [FTB Ranks/]: command.battletests.
[27Jun2025 03:15:29.120] [main/DEBUG] [FTB Ranks/]: command.bossbar
[27Jun2025 03:15:29.120] [main/DEBUG] [FTB Ranks/]: command.bossbar.add
[27Jun2025 03:15:29.120] [main/DEBUG] [FTB Ranks/]: command.bossbar.add.id
[27Jun2025 03:15:29.120] [main/DEBUG] [FTB Ranks/]: command.bossbar.add.id.name
[27Jun2025 03:15:29.121] [main/DEBUG] [FTB Ranks/]: command.bossbar.get
[27Jun2025 03:15:29.121] [main/DEBUG] [FTB Ranks/]: command.bossbar.get.id
[27Jun2025 03:15:29.121] [main/DEBUG] [FTB Ranks/]: command.bossbar.get.id.max
[27Jun2025 03:15:29.121] [main/DEBUG] [FTB Ranks/]: command.bossbar.get.id.players
[27Jun2025 03:15:29.121] [main/DEBUG] [FTB Ranks/]: command.bossbar.get.id.value
[27Jun2025 03:15:29.121] [main/DEBUG] [FTB Ranks/]: command.bossbar.get.id.visible
[27Jun2025 03:15:29.121] [main/DEBUG] [FTB Ranks/]: command.bossbar.list
[27Jun2025 03:15:29.121] [main/DEBUG] [FTB Ranks/]: command.bossbar.remove
[27Jun2025 03:15:29.121] [main/DEBUG] [FTB Ranks/]: command.bossbar.remove.id
[27Jun2025 03:15:29.121] [main/DEBUG] [FTB Ranks/]: command.bossbar.set
[27Jun2025 03:15:29.121] [main/DEBUG] [FTB Ranks/]: command.bossbar.set.id
[27Jun2025 03:15:29.121] [main/DEBUG] [FTB Ranks/]: command.bossbar.set.id.color
[27Jun2025 03:15:29.121] [main/DEBUG] [FTB Ranks/]: command.bossbar.set.id.color.blue
[27Jun2025 03:15:29.121] [main/DEBUG] [FTB Ranks/]: command.bossbar.set.id.color.green
[27Jun2025 03:15:29.121] [main/DEBUG] [FTB Ranks/]: command.bossbar.set.id.color.pink
[27Jun2025 03:15:29.121] [main/DEBUG] [FTB Ranks/]: command.bossbar.set.id.color.purple
[27Jun2025 03:15:29.122] [main/DEBUG] [FTB Ranks/]: command.bossbar.set.id.color.red
[27Jun2025 03:15:29.122] [main/DEBUG] [FTB Ranks/]: command.bossbar.set.id.color.white
[27Jun2025 03:15:29.122] [main/DEBUG] [FTB Ranks/]: command.bossbar.set.id.color.yellow
[27Jun2025 03:15:29.122] [main/DEBUG] [FTB Ranks/]: command.bossbar.set.id.max
[27Jun2025 03:15:29.125] [main/DEBUG] [FTB Ranks/]: command.bossbar.set.id.max.max
[27Jun2025 03:15:29.125] [main/DEBUG] [FTB Ranks/]: command.bossbar.set.id.name
[27Jun2025 03:15:29.125] [main/DEBUG] [FTB Ranks/]: command.bossbar.set.id.name.name
[27Jun2025 03:15:29.125] [main/DEBUG] [FTB Ranks/]: command.bossbar.set.id.players
[27Jun2025 03:15:29.125] [main/DEBUG] [FTB Ranks/]: command.bossbar.set.id.players.targets
[27Jun2025 03:15:29.125] [main/DEBUG] [FTB Ranks/]: command.bossbar.set.id.style
[27Jun2025 03:15:29.125] [main/DEBUG] [FTB Ranks/]: command.bossbar.set.id.style.notched_10
[27Jun2025 03:15:29.125] [main/DEBUG] [FTB Ranks/]: command.bossbar.set.id.style.notched_12
[27Jun2025 03:15:29.126] [main/DEBUG] [FTB Ranks/]: command.bossbar.set.id.style.notched_20
[27Jun2025 03:15:29.126] [main/DEBUG] [FTB Ranks/]: command.bossbar.set.id.style.notched_6
[27Jun2025 03:15:29.126] [main/DEBUG] [FTB Ranks/]: command.bossbar.set.id.style.progress
[27Jun2025 03:15:29.126] [main/DEBUG] [FTB Ranks/]: command.bossbar.set.id.value
[27Jun2025 03:15:29.126] [main/DEBUG] [FTB Ranks/]: command.bossbar.set.id.value.value
[27Jun2025 03:15:29.126] [main/DEBUG] [FTB Ranks/]: command.bossbar.set.id.visible
[27Jun2025 03:15:29.126] [main/DEBUG] [FTB Ranks/]: command.bossbar.set.id.visible.visible
[27Jun2025 03:15:29.126] [main/DEBUG] [FTB Ranks/]: command.breed
[27Jun2025 03:15:29.126] [main/DEBUG] [FTB Ranks/]: command.breed.
[27Jun2025 03:15:29.126] [main/DEBUG] [FTB Ranks/]: command.catchingcharm
[27Jun2025 03:15:29.126] [main/DEBUG] [FTB Ranks/]: command.catchingcharm.
[27Jun2025 03:15:29.126] [main/DEBUG] [FTB Ranks/]: command.cedit
[27Jun2025 03:15:29.126] [main/DEBUG] [FTB Ranks/]: command.cedit.
[27Jun2025 03:15:29.126] [main/DEBUG] [FTB Ranks/]: command.checkspawns
[27Jun2025 03:15:29.126] [main/DEBUG] [FTB Ranks/]: command.checkspawns.
[27Jun2025 03:15:29.126] [main/DEBUG] [FTB Ranks/]: command.clear
[27Jun2025 03:15:29.127] [main/DEBUG] [FTB Ranks/]: command.clear.targets
[27Jun2025 03:15:29.127] [main/DEBUG] [FTB Ranks/]: command.clear.targets.item
[27Jun2025 03:15:29.127] [main/DEBUG] [FTB Ranks/]: command.clear.targets.item.maxCount
[27Jun2025 03:15:29.127] [main/DEBUG] [FTB Ranks/]: command.clone
[27Jun2025 03:15:29.127] [main/DEBUG] [FTB Ranks/]: command.clone.begin
[27Jun2025 03:15:29.127] [main/DEBUG] [FTB Ranks/]: command.clone.begin.end
[27Jun2025 03:15:29.127] [main/DEBUG] [FTB Ranks/]: command.clone.begin.end.destination
[27Jun2025 03:15:29.127] [main/DEBUG] [FTB Ranks/]: command.clone.begin.end.destination.filtered
[27Jun2025 03:15:29.127] [main/DEBUG] [FTB Ranks/]: command.clone.begin.end.destination.filtered.filter
[27Jun2025 03:15:29.127] [main/DEBUG] [FTB Ranks/]: command.clone.begin.end.destination.filtered.filter.force
[27Jun2025 03:15:29.127] [main/DEBUG] [FTB Ranks/]: command.clone.begin.end.destination.filtered.filter.move
[27Jun2025 03:15:29.127] [main/DEBUG] [FTB Ranks/]: command.clone.begin.end.destination.filtered.filter.normal
[27Jun2025 03:15:29.127] [main/DEBUG] [FTB Ranks/]: command.clone.begin.end.destination.masked
[27Jun2025 03:15:29.127] [main/DEBUG] [FTB Ranks/]: command.clone.begin.end.destination.masked.force
[27Jun2025 03:15:29.127] [main/DEBUG] [FTB Ranks/]: command.clone.begin.end.destination.masked.move
[27Jun2025 03:15:29.128] [main/DEBUG] [FTB Ranks/]: command.clone.begin.end.destination.masked.normal
[27Jun2025 03:15:29.128] [main/DEBUG] [FTB Ranks/]: command.clone.begin.end.destination.replace
[27Jun2025 03:15:29.128] [main/DEBUG] [FTB Ranks/]: command.clone.begin.end.destination.replace.force
[27Jun2025 03:15:29.128] [main/DEBUG] [FTB Ranks/]: command.clone.begin.end.destination.replace.move
[27Jun2025 03:15:29.128] [main/DEBUG] [FTB Ranks/]: command.clone.begin.end.destination.replace.normal
[27Jun2025 03:15:29.128] [main/DEBUG] [FTB Ranks/]: command.compedit
[27Jun2025 03:15:29.128] [main/DEBUG] [FTB Ranks/]: command.compedit.
[27Jun2025 03:15:29.128] [main/DEBUG] [FTB Ranks/]: command.completeallquests
[27Jun2025 03:15:29.130] [main/DEBUG] [FTB Ranks/]: command.completeallquests.
[27Jun2025 03:15:29.131] [main/DEBUG] [FTB Ranks/]: command.compsearch
[27Jun2025 03:15:29.131] [main/DEBUG] [FTB Ranks/]: command.compsearch.
[27Jun2025 03:15:29.131] [main/DEBUG] [FTB Ranks/]: command.compsee
[27Jun2025 03:15:29.131] [main/DEBUG] [FTB Ranks/]: command.compsee.
[27Jun2025 03:15:29.131] [main/DEBUG] [FTB Ranks/]: command.comptake
[27Jun2025 03:15:29.131] [main/DEBUG] [FTB Ranks/]: command.comptake.
[27Jun2025 03:15:29.131] [main/DEBUG] [FTB Ranks/]: command.comptest
[27Jun2025 03:15:29.131] [main/DEBUG] [FTB Ranks/]: command.comptest.
[27Jun2025 03:15:29.131] [main/DEBUG] [FTB Ranks/]: command.config
[27Jun2025 03:15:29.131] [main/DEBUG] [FTB Ranks/]: command.config.showfile
[27Jun2025 03:15:29.131] [main/DEBUG] [FTB Ranks/]: command.config.showfile.mod
[27Jun2025 03:15:29.131] [main/DEBUG] [FTB Ranks/]: command.config.showfile.mod.type
[27Jun2025 03:15:29.131] [main/DEBUG] [FTB Ranks/]: command.ctake
[27Jun2025 03:15:29.131] [main/DEBUG] [FTB Ranks/]: command.ctake.
[27Jun2025 03:15:29.131] [main/DEBUG] [FTB Ranks/]: command.data
[27Jun2025 03:15:29.131] [main/DEBUG] [FTB Ranks/]: command.data.get
[27Jun2025 03:15:29.131] [main/DEBUG] [FTB Ranks/]: command.data.get.block
[27Jun2025 03:15:29.131] [main/DEBUG] [FTB Ranks/]: command.data.get.block.targetPos
[27Jun2025 03:15:29.131] [main/DEBUG] [FTB Ranks/]: command.data.get.block.targetPos.path
[27Jun2025 03:15:29.132] [main/DEBUG] [FTB Ranks/]: command.data.get.block.targetPos.path.scale
[27Jun2025 03:15:29.132] [main/DEBUG] [FTB Ranks/]: command.data.get.entity
[27Jun2025 03:15:29.132] [main/DEBUG] [FTB Ranks/]: command.data.get.entity.target
[27Jun2025 03:15:29.132] [main/DEBUG] [FTB Ranks/]: command.data.get.entity.target.path
[27Jun2025 03:15:29.132] [main/DEBUG] [FTB Ranks/]: command.data.get.entity.target.path.scale
[27Jun2025 03:15:29.132] [main/DEBUG] [FTB Ranks/]: command.data.get.storage
[27Jun2025 03:15:29.132] [main/DEBUG] [FTB Ranks/]: command.data.get.storage.target
[27Jun2025 03:15:29.132] [main/DEBUG] [FTB Ranks/]: command.data.get.storage.target.path
[27Jun2025 03:15:29.132] [main/DEBUG] [FTB Ranks/]: command.data.get.storage.target.path.scale
[27Jun2025 03:15:29.132] [main/DEBUG] [FTB Ranks/]: command.data.merge
[27Jun2025 03:15:29.132] [main/DEBUG] [FTB Ranks/]: command.data.merge.block
[27Jun2025 03:15:29.132] [main/DEBUG] [FTB Ranks/]: command.data.merge.block.targetPos
[27Jun2025 03:15:29.132] [main/DEBUG] [FTB Ranks/]: command.data.merge.block.targetPos.nbt
[27Jun2025 03:15:29.132] [main/DEBUG] [FTB Ranks/]: command.data.merge.entity
[27Jun2025 03:15:29.132] [main/DEBUG] [FTB Ranks/]: command.data.merge.entity.target
[27Jun2025 03:15:29.132] [main/DEBUG] [FTB Ranks/]: command.data.merge.entity.target.nbt
[27Jun2025 03:15:29.132] [main/DEBUG] [FTB Ranks/]: command.data.merge.storage
[27Jun2025 03:15:29.132] [main/DEBUG] [FTB Ranks/]: command.data.merge.storage.target
[27Jun2025 03:15:29.132] [main/DEBUG] [FTB Ranks/]: command.data.merge.storage.target.nbt
[27Jun2025 03:15:29.132] [main/DEBUG] [FTB Ranks/]: command.data.modify
[27Jun2025 03:15:29.133] [main/DEBUG] [FTB Ranks/]: command.data.modify.block
[27Jun2025 03:15:29.133] [main/DEBUG] [FTB Ranks/]: command.data.modify.block.targetPos
[27Jun2025 03:15:29.133] [main/DEBUG] [FTB Ranks/]: command.data.modify.block.targetPos.targetPath
[27Jun2025 03:15:29.133] [main/DEBUG] [FTB Ranks/]: command.data.modify.block.targetPos.targetPath.append
[27Jun2025 03:15:29.133] [main/DEBUG] [FTB Ranks/]: command.data.modify.block.targetPos.targetPath.append.from
[27Jun2025 03:15:29.133] [main/DEBUG] [FTB Ranks/]: command.data.modify.block.targetPos.targetPath.append.from.block
[27Jun2025 03:15:29.133] [main/DEBUG] [FTB Ranks/]: command.data.modify.block.targetPos.targetPath.append.from.block.sourcePos
[27Jun2025 03:15:29.133] [main/DEBUG] [FTB Ranks/]: command.data.modify.block.targetPos.targetPath.append.from.block.sourcePos.sourcePath
[27Jun2025 03:15:29.133] [main/DEBUG] [FTB Ranks/]: command.data.modify.block.targetPos.targetPath.append.from.entity
[27Jun2025 03:15:29.133] [main/DEBUG] [FTB Ranks/]: command.data.modify.block.targetPos.targetPath.append.from.entity.source
[27Jun2025 03:15:29.133] [main/DEBUG] [FTB Ranks/]: command.data.modify.block.targetPos.targetPath.append.from.entity.source.sourcePath
[27Jun2025 03:15:29.133] [main/DEBUG] [FTB Ranks/]: command.data.modify.block.targetPos.targetPath.append.from.storage
[27Jun2025 03:15:29.133] [main/DEBUG] [FTB Ranks/]: command.data.modify.block.targetPos.targetPath.append.from.storage.source
[27Jun2025 03:15:29.133] [main/DEBUG] [FTB Ranks/]: command.data.modify.block.targetPos.targetPath.append.from.storage.source.sourcePath
[27Jun2025 03:15:29.133] [main/DEBUG] [FTB Ranks/]: command.data.modify.block.targetPos.targetPath.append.value
[27Jun2025 03:15:29.133] [main/DEBUG] [FTB Ranks/]: command.data.modify.block.targetPos.targetPath.append.value.value
[27Jun2025 03:15:29.133] [main/DEBUG] [FTB Ranks/]: command.data.modify.block.targetPos.targetPath.insert
[27Jun2025 03:15:29.133] [main/DEBUG] [FTB Ranks/]: command.data.modify.block.targetPos.targetPath.insert.index
[27Jun2025 03:15:29.136] [main/DEBUG] [FTB Ranks/]: command.data.modify.block.targetPos.targetPath.insert.index.from
[27Jun2025 03:15:29.137] [main/DEBUG] [FTB Ranks/]: command.data.modify.block.targetPos.targetPath.insert.index.from.block
[27Jun2025 03:15:29.137] [main/DEBUG] [FTB Ranks/]: command.data.modify.block.targetPos.targetPath.insert.index.from.block.sourcePos
[27Jun2025 03:15:29.137] [main/DEBUG] [FTB Ranks/]: command.data.modify.block.targetPos.targetPath.insert.index.from.block.sourcePos.sourcePath
[27Jun2025 03:15:29.137] [main/DEBUG] [FTB Ranks/]: command.data.modify.block.targetPos.targetPath.insert.index.from.entity
[27Jun2025 03:15:29.137] [main/DEBUG] [FTB Ranks/]: command.data.modify.block.targetPos.targetPath.insert.index.from.entity.source
[27Jun2025 03:15:29.137] [main/DEBUG] [FTB Ranks/]: command.data.modify.block.targetPos.targetPath.insert.index.from.entity.source.sourcePath
[27Jun2025 03:15:29.137] [main/DEBUG] [FTB Ranks/]: command.data.modify.block.targetPos.targetPath.insert.index.from.storage
[27Jun2025 03:15:29.137] [main/DEBUG] [FTB Ranks/]: command.data.modify.block.targetPos.targetPath.insert.index.from.storage.source
[27Jun2025 03:15:29.137] [main/DEBUG] [FTB Ranks/]: command.data.modify.block.targetPos.targetPath.insert.index.from.storage.source.sourcePath
[27Jun2025 03:15:29.137] [main/DEBUG] [FTB Ranks/]: command.data.modify.block.targetPos.targetPath.insert.index.value
[27Jun2025 03:15:29.137] [main/DEBUG] [FTB Ranks/]: command.data.modify.block.targetPos.targetPath.insert.index.value.value
[27Jun2025 03:15:29.137] [main/DEBUG] [FTB Ranks/]: command.data.modify.block.targetPos.targetPath.merge
[27Jun2025 03:15:29.137] [main/DEBUG] [FTB Ranks/]: command.data.modify.block.targetPos.targetPath.merge.from
[27Jun2025 03:15:29.137] [main/DEBUG] [FTB Ranks/]: command.data.modify.block.targetPos.targetPath.merge.from.block
[27Jun2025 03:15:29.137] [main/DEBUG] [FTB Ranks/]: command.data.modify.block.targetPos.targetPath.merge.from.block.sourcePos
[27Jun2025 03:15:29.137] [main/DEBUG] [FTB Ranks/]: command.data.modify.block.targetPos.targetPath.merge.from.block.sourcePos.sourcePath
[27Jun2025 03:15:29.137] [main/DEBUG] [FTB Ranks/]: command.data.modify.block.targetPos.targetPath.merge.from.entity
[27Jun2025 03:15:29.137] [main/DEBUG] [FTB Ranks/]: command.data.modify.block.targetPos.targetPath.merge.from.entity.source
[27Jun2025 03:15:29.138] [main/DEBUG] [FTB Ranks/]: command.data.modify.block.targetPos.targetPath.merge.from.entity.source.sourcePath
[27Jun2025 03:15:29.138] [main/DEBUG] [FTB Ranks/]: command.data.modify.block.targetPos.targetPath.merge.from.storage
[27Jun2025 03:15:29.138] [main/DEBUG] [FTB Ranks/]: command.data.modify.block.targetPos.targetPath.merge.from.storage.source
[27Jun2025 03:15:29.138] [main/DEBUG] [FTB Ranks/]: command.data.modify.block.targetPos.targetPath.merge.from.storage.source.sourcePath
[27Jun2025 03:15:29.138] [main/DEBUG] [FTB Ranks/]: command.data.modify.block.targetPos.targetPath.merge.value
[27Jun2025 03:15:29.138] [main/DEBUG] [FTB Ranks/]: command.data.modify.block.targetPos.targetPath.merge.value.value
[27Jun2025 03:15:29.138] [main/DEBUG] [FTB Ranks/]: command.data.modify.block.targetPos.targetPath.prepend
[27Jun2025 03:15:29.138] [main/DEBUG] [FTB Ranks/]: command.data.modify.block.targetPos.targetPath.prepend.from
[27Jun2025 03:15:29.138] [main/DEBUG] [FTB Ranks/]: command.data.modify.block.targetPos.targetPath.prepend.from.block
[27Jun2025 03:15:29.138] [main/DEBUG] [FTB Ranks/]: command.data.modify.block.targetPos.targetPath.prepend.from.block.sourcePos
[27Jun2025 03:15:29.138] [main/DEBUG] [FTB Ranks/]: command.data.modify.block.targetPos.targetPath.prepend.from.block.sourcePos.sourcePath
[27Jun2025 03:15:29.138] [main/DEBUG] [FTB Ranks/]: command.data.modify.block.targetPos.targetPath.prepend.from.entity
[27Jun2025 03:15:29.138] [main/DEBUG] [FTB Ranks/]: command.data.modify.block.targetPos.targetPath.prepend.from.entity.source
[27Jun2025 03:15:29.138] [main/DEBUG] [FTB Ranks/]: command.data.modify.block.targetPos.targetPath.prepend.from.entity.source.sourcePath
[27Jun2025 03:15:29.138] [main/DEBUG] [FTB Ranks/]: command.data.modify.block.targetPos.targetPath.prepend.from.storage
[27Jun2025 03:15:29.138] [main/DEBUG] [FTB Ranks/]: command.data.modify.block.targetPos.targetPath.prepend.from.storage.source
[27Jun2025 03:15:29.138] [main/DEBUG] [FTB Ranks/]: command.data.modify.block.targetPos.targetPath.prepend.from.storage.source.sourcePath
[27Jun2025 03:15:29.138] [main/DEBUG] [FTB Ranks/]: command.data.modify.block.targetPos.targetPath.prepend.value
[27Jun2025 03:15:29.138] [main/DEBUG] [FTB Ranks/]: command.data.modify.block.targetPos.targetPath.prepend.value.value
[27Jun2025 03:15:29.138] [main/DEBUG] [FTB Ranks/]: command.data.modify.block.targetPos.targetPath.set
[27Jun2025 03:15:29.138] [main/DEBUG] [FTB Ranks/]: command.data.modify.block.targetPos.targetPath.set.from
[27Jun2025 03:15:29.138] [main/DEBUG] [FTB Ranks/]: command.data.modify.block.targetPos.targetPath.set.from.block
[27Jun2025 03:15:29.138] [main/DEBUG] [FTB Ranks/]: command.data.modify.block.targetPos.targetPath.set.from.block.sourcePos
[27Jun2025 03:15:29.138] [main/DEBUG] [FTB Ranks/]: command.data.modify.block.targetPos.targetPath.set.from.block.sourcePos.sourcePath
[27Jun2025 03:15:29.139] [main/DEBUG] [FTB Ranks/]: command.data.modify.block.targetPos.targetPath.set.from.entity
[27Jun2025 03:15:29.139] [main/DEBUG] [FTB Ranks/]: command.data.modify.block.targetPos.targetPath.set.from.entity.source
[27Jun2025 03:15:29.139] [main/DEBUG] [FTB Ranks/]: command.data.modify.block.targetPos.targetPath.set.from.entity.source.sourcePath
[27Jun2025 03:15:29.139] [main/DEBUG] [FTB Ranks/]: command.data.modify.block.targetPos.targetPath.set.from.storage
[27Jun2025 03:15:29.139] [main/DEBUG] [FTB Ranks/]: command.data.modify.block.targetPos.targetPath.set.from.storage.source
[27Jun2025 03:15:29.139] [main/DEBUG] [FTB Ranks/]: command.data.modify.block.targetPos.targetPath.set.from.storage.source.sourcePath
[27Jun2025 03:15:29.139] [main/DEBUG] [FTB Ranks/]: command.data.modify.block.targetPos.targetPath.set.value
[27Jun2025 03:15:29.139] [main/DEBUG] [FTB Ranks/]: command.data.modify.block.targetPos.targetPath.set.value.value
[27Jun2025 03:15:29.139] [main/DEBUG] [FTB Ranks/]: command.data.modify.entity
[27Jun2025 03:15:29.139] [main/DEBUG] [FTB Ranks/]: command.data.modify.entity.target
[27Jun2025 03:15:29.139] [main/DEBUG] [FTB Ranks/]: command.data.modify.entity.target.targetPath
[27Jun2025 03:15:29.139] [main/DEBUG] [FTB Ranks/]: command.data.modify.entity.target.targetPath.append
[27Jun2025 03:15:29.139] [main/DEBUG] [FTB Ranks/]: command.data.modify.entity.target.targetPath.append.from
[27Jun2025 03:15:29.139] [main/DEBUG] [FTB Ranks/]: command.data.modify.entity.target.targetPath.append.from.block
[27Jun2025 03:15:29.139] [main/DEBUG] [FTB Ranks/]: command.data.modify.entity.target.targetPath.append.from.block.sourcePos
[27Jun2025 03:15:29.139] [main/DEBUG] [FTB Ranks/]: command.data.modify.entity.target.targetPath.append.from.block.sourcePos.sourcePath
[27Jun2025 03:15:29.139] [main/DEBUG] [FTB Ranks/]: command.data.modify.entity.target.targetPath.append.from.entity
[27Jun2025 03:15:29.139] [main/DEBUG] [FTB Ranks/]: command.data.modify.entity.target.targetPath.append.from.entity.source
[27Jun2025 03:15:29.139] [main/DEBUG] [FTB Ranks/]: command.data.modify.entity.target.targetPath.append.from.entity.source.sourcePath
[27Jun2025 03:15:29.139] [main/DEBUG] [FTB Ranks/]: command.data.modify.entity.target.targetPath.append.from.storage
[27Jun2025 03:15:29.139] [main/DEBUG] [FTB Ranks/]: command.data.modify.entity.target.targetPath.append.from.storage.source
[27Jun2025 03:15:29.139] [main/DEBUG] [FTB Ranks/]: command.data.modify.entity.target.targetPath.append.from.storage.source.sourcePath
[27Jun2025 03:15:29.139] [main/DEBUG] [FTB Ranks/]: command.data.modify.entity.target.targetPath.append.value
[27Jun2025 03:15:29.139] [main/DEBUG] [FTB Ranks/]: command.data.modify.entity.target.targetPath.append.value.value
[27Jun2025 03:15:29.139] [main/DEBUG] [FTB Ranks/]: command.data.modify.entity.target.targetPath.insert
[27Jun2025 03:15:29.139] [main/DEBUG] [FTB Ranks/]: command.data.modify.entity.target.targetPath.insert.index
[27Jun2025 03:15:29.139] [main/DEBUG] [FTB Ranks/]: command.data.modify.entity.target.targetPath.insert.index.from
[27Jun2025 03:15:29.139] [main/DEBUG] [FTB Ranks/]: command.data.modify.entity.target.targetPath.insert.index.from.block
[27Jun2025 03:15:29.139] [main/DEBUG] [FTB Ranks/]: command.data.modify.entity.target.targetPath.insert.index.from.block.sourcePos
[27Jun2025 03:15:29.139] [main/DEBUG] [FTB Ranks/]: command.data.modify.entity.target.targetPath.insert.index.from.block.sourcePos.sourcePath
[27Jun2025 03:15:29.139] [main/DEBUG] [FTB Ranks/]: command.data.modify.entity.target.targetPath.insert.index.from.entity
[27Jun2025 03:15:29.139] [main/DEBUG] [FTB Ranks/]: command.data.modify.entity.target.targetPath.insert.index.from.entity.source
[27Jun2025 03:15:29.140] [main/DEBUG] [FTB Ranks/]: command.data.modify.entity.target.targetPath.insert.index.from.entity.source.sourcePath
[27Jun2025 03:15:29.140] [main/DEBUG] [FTB Ranks/]: command.data.modify.entity.target.targetPath.insert.index.from.storage
[27Jun2025 03:15:29.140] [main/DEBUG] [FTB Ranks/]: command.data.modify.entity.target.targetPath.insert.index.from.storage.source
[27Jun2025 03:15:29.140] [main/DEBUG] [FTB Ranks/]: command.data.modify.entity.target.targetPath.insert.index.from.storage.source.sourcePath
[27Jun2025 03:15:29.140] [main/DEBUG] [FTB Ranks/]: command.data.modify.entity.target.targetPath.insert.index.value
[27Jun2025 03:15:29.140] [main/DEBUG] [FTB Ranks/]: command.data.modify.entity.target.targetPath.insert.index.value.value
[27Jun2025 03:15:29.142] [main/DEBUG] [FTB Ranks/]: command.data.modify.entity.target.targetPath.merge
[27Jun2025 03:15:29.143] [main/DEBUG] [FTB Ranks/]: command.data.modify.entity.target.targetPath.merge.from
[27Jun2025 03:15:29.143] [main/DEBUG] [FTB Ranks/]: command.data.modify.entity.target.targetPath.merge.from.block
[27Jun2025 03:15:29.143] [main/DEBUG] [FTB Ranks/]: command.data.modify.entity.target.targetPath.merge.from.block.sourcePos
[27Jun2025 03:15:29.143] [main/DEBUG] [FTB Ranks/]: command.data.modify.entity.target.targetPath.merge.from.block.sourcePos.sourcePath
[27Jun2025 03:15:29.143] [main/DEBUG] [FTB Ranks/]: command.data.modify.entity.target.targetPath.merge.from.entity
[27Jun2025 03:15:29.143] [main/DEBUG] [FTB Ranks/]: command.data.modify.entity.target.targetPath.merge.from.entity.source
[27Jun2025 03:15:29.143] [main/DEBUG] [FTB Ranks/]: command.data.modify.entity.target.targetPath.merge.from.entity.source.sourcePath
[27Jun2025 03:15:29.143] [main/DEBUG] [FTB Ranks/]: command.data.modify.entity.target.targetPath.merge.from.storage
[27Jun2025 03:15:29.143] [main/DEBUG] [FTB Ranks/]: command.data.modify.entity.target.targetPath.merge.from.storage.source
[27Jun2025 03:15:29.143] [main/DEBUG] [FTB Ranks/]: command.data.modify.entity.target.targetPath.merge.from.storage.source.sourcePath
[27Jun2025 03:15:29.143] [main/DEBUG] [FTB Ranks/]: command.data.modify.entity.target.targetPath.merge.value
[27Jun2025 03:15:29.143] [main/DEBUG] [FTB Ranks/]: command.data.modify.entity.target.targetPath.merge.value.value
[27Jun2025 03:15:29.143] [main/DEBUG] [FTB Ranks/]: command.data.modify.entity.target.targetPath.prepend
[27Jun2025 03:15:29.143] [main/DEBUG] [FTB Ranks/]: command.data.modify.entity.target.targetPath.prepend.from
[27Jun2025 03:15:29.143] [main/DEBUG] [FTB Ranks/]: command.data.modify.entity.target.targetPath.prepend.from.block
[27Jun2025 03:15:29.143] [main/DEBUG] [FTB Ranks/]: command.data.modify.entity.target.targetPath.prepend.from.block.sourcePos
[27Jun2025 03:15:29.143] [main/DEBUG] [FTB Ranks/]: command.data.modify.entity.target.targetPath.prepend.from.block.sourcePos.sourcePath
[27Jun2025 03:15:29.143] [main/DEBUG] [FTB Ranks/]: command.data.modify.entity.target.targetPath.prepend.from.entity
[27Jun2025 03:15:29.143] [main/DEBUG] [FTB Ranks/]: command.data.modify.entity.target.targetPath.prepend.from.entity.source
[27Jun2025 03:15:29.144] [main/DEBUG] [FTB Ranks/]: command.data.modify.entity.target.targetPath.prepend.from.entity.source.sourcePath
[27Jun2025 03:15:29.144] [main/DEBUG] [FTB Ranks/]: command.data.modify.entity.target.targetPath.prepend.from.storage
[27Jun2025 03:15:29.144] [main/DEBUG] [FTB Ranks/]: command.data.modify.entity.target.targetPath.prepend.from.storage.source
[27Jun2025 03:15:29.144] [main/DEBUG] [FTB Ranks/]: command.data.modify.entity.target.targetPath.prepend.from.storage.source.sourcePath
[27Jun2025 03:15:29.144] [main/DEBUG] [FTB Ranks/]: command.data.modify.entity.target.targetPath.prepend.value
[27Jun2025 03:15:29.144] [main/DEBUG] [FTB Ranks/]: command.data.modify.entity.target.targetPath.prepend.value.value
[27Jun2025 03:15:29.144] [main/DEBUG] [FTB Ranks/]: command.data.modify.entity.target.targetPath.set
[27Jun2025 03:15:29.144] [main/DEBUG] [FTB Ranks/]: command.data.modify.entity.target.targetPath.set.from
[27Jun2025 03:15:29.144] [main/DEBUG] [FTB Ranks/]: command.data.modify.entity.target.targetPath.set.from.block
[27Jun2025 03:15:29.144] [main/DEBUG] [FTB Ranks/]: command.data.modify.entity.target.targetPath.set.from.block.sourcePos
[27Jun2025 03:15:29.144] [main/DEBUG] [FTB Ranks/]: command.data.modify.entity.target.targetPath.set.from.block.sourcePos.sourcePath
[27Jun2025 03:15:29.144] [main/DEBUG] [FTB Ranks/]: command.data.modify.entity.target.targetPath.set.from.entity
[27Jun2025 03:15:29.144] [main/DEBUG] [FTB Ranks/]: command.data.modify.entity.target.targetPath.set.from.entity.source
[27Jun2025 03:15:29.144] [main/DEBUG] [FTB Ranks/]: command.data.modify.entity.target.targetPath.set.from.entity.source.sourcePath
[27Jun2025 03:15:29.144] [main/DEBUG] [FTB Ranks/]: command.data.modify.entity.target.targetPath.set.from.storage
[27Jun2025 03:15:29.144] [main/DEBUG] [FTB Ranks/]: command.data.modify.entity.target.targetPath.set.from.storage.source
[27Jun2025 03:15:29.144] [main/DEBUG] [FTB Ranks/]: command.data.modify.entity.target.targetPath.set.from.storage.source.sourcePath
[27Jun2025 03:15:29.144] [main/DEBUG] [FTB Ranks/]: command.data.modify.entity.target.targetPath.set.value
[27Jun2025 03:15:29.144] [main/DEBUG] [FTB Ranks/]: command.data.modify.entity.target.targetPath.set.value.value
[27Jun2025 03:15:29.144] [main/DEBUG] [FTB Ranks/]: command.data.modify.storage
[27Jun2025 03:15:29.144] [main/DEBUG] [FTB Ranks/]: command.data.modify.storage.target
[27Jun2025 03:15:29.144] [main/DEBUG] [FTB Ranks/]: command.data.modify.storage.target.targetPath
[27Jun2025 03:15:29.145] [main/DEBUG] [FTB Ranks/]: command.data.modify.storage.target.targetPath.append
[27Jun2025 03:15:29.145] [main/DEBUG] [FTB Ranks/]: command.data.modify.storage.target.targetPath.append.from
[27Jun2025 03:15:29.145] [main/DEBUG] [FTB Ranks/]: command.data.modify.storage.target.targetPath.append.from.block
[27Jun2025 03:15:29.145] [main/DEBUG] [FTB Ranks/]: command.data.modify.storage.target.targetPath.append.from.block.sourcePos
[27Jun2025 03:15:29.145] [main/DEBUG] [FTB Ranks/]: command.data.modify.storage.target.targetPath.append.from.block.sourcePos.sourcePath
[27Jun2025 03:15:29.145] [main/DEBUG] [FTB Ranks/]: command.data.modify.storage.target.targetPath.append.from.entity
[27Jun2025 03:15:29.145] [main/DEBUG] [FTB Ranks/]: command.data.modify.storage.target.targetPath.append.from.entity.source
[27Jun2025 03:15:29.145] [main/DEBUG] [FTB Ranks/]: command.data.modify.storage.target.targetPath.append.from.entity.source.sourcePath
[27Jun2025 03:15:29.145] [main/DEBUG] [FTB Ranks/]: command.data.modify.storage.target.targetPath.append.from.storage
[27Jun2025 03:15:29.145] [main/DEBUG] [FTB Ranks/]: command.data.modify.storage.target.targetPath.append.from.storage.source
[27Jun2025 03:15:29.145] [main/DEBUG] [FTB Ranks/]: command.data.modify.storage.target.targetPath.append.from.storage.source.sourcePath
[27Jun2025 03:15:29.145] [main/DEBUG] [FTB Ranks/]: command.data.modify.storage.target.targetPath.append.value
[27Jun2025 03:15:29.145] [main/DEBUG] [FTB Ranks/]: command.data.modify.storage.target.targetPath.append.value.value
[27Jun2025 03:15:29.145] [main/DEBUG] [FTB Ranks/]: command.data.modify.storage.target.targetPath.insert
[27Jun2025 03:15:29.145] [main/DEBUG] [FTB Ranks/]: command.data.modify.storage.target.targetPath.insert.index
[27Jun2025 03:15:29.145] [main/DEBUG] [FTB Ranks/]: command.data.modify.storage.target.targetPath.insert.index.from
[27Jun2025 03:15:29.145] [main/DEBUG] [FTB Ranks/]: command.data.modify.storage.target.targetPath.insert.index.from.block
[27Jun2025 03:15:29.145] [main/DEBUG] [FTB Ranks/]: command.data.modify.storage.target.targetPath.insert.index.from.block.sourcePos
[27Jun2025 03:15:29.145] [main/DEBUG] [FTB Ranks/]: command.data.modify.storage.target.targetPath.insert.index.from.block.sourcePos.sourcePath
[27Jun2025 03:15:29.145] [main/DEBUG] [FTB Ranks/]: command.data.modify.storage.target.targetPath.insert.index.from.entity
[27Jun2025 03:15:29.145] [main/DEBUG] [FTB Ranks/]: command.data.modify.storage.target.targetPath.insert.index.from.entity.source
[27Jun2025 03:15:29.146] [main/DEBUG] [FTB Ranks/]: command.data.modify.storage.target.targetPath.insert.index.from.entity.source.sourcePath
[27Jun2025 03:15:29.146] [main/DEBUG] [FTB Ranks/]: command.data.modify.storage.target.targetPath.insert.index.from.storage
[27Jun2025 03:15:29.146] [main/DEBUG] [FTB Ranks/]: command.data.modify.storage.target.targetPath.insert.index.from.storage.source
[27Jun2025 03:15:29.146] [main/DEBUG] [FTB Ranks/]: command.data.modify.storage.target.targetPath.insert.index.from.storage.source.sourcePath
[27Jun2025 03:15:29.148] [main/DEBUG] [FTB Ranks/]: command.data.modify.storage.target.targetPath.insert.index.value
[27Jun2025 03:15:29.149] [main/DEBUG] [FTB Ranks/]: command.data.modify.storage.target.targetPath.insert.index.value.value
[27Jun2025 03:15:29.149] [main/DEBUG] [FTB Ranks/]: command.data.modify.storage.target.targetPath.merge
[27Jun2025 03:15:29.149] [main/DEBUG] [FTB Ranks/]: command.data.modify.storage.target.targetPath.merge.from
[27Jun2025 03:15:29.149] [main/DEBUG] [FTB Ranks/]: command.data.modify.storage.target.targetPath.merge.from.block
[27Jun2025 03:15:29.149] [main/DEBUG] [FTB Ranks/]: command.data.modify.storage.target.targetPath.merge.from.block.sourcePos
[27Jun2025 03:15:29.149] [main/DEBUG] [FTB Ranks/]: command.data.modify.storage.target.targetPath.merge.from.block.sourcePos.sourcePath
[27Jun2025 03:15:29.149] [main/DEBUG] [FTB Ranks/]: command.data.modify.storage.target.targetPath.merge.from.entity
[27Jun2025 03:15:29.149] [main/DEBUG] [FTB Ranks/]: command.data.modify.storage.target.targetPath.merge.from.entity.source
[27Jun2025 03:15:29.149] [main/DEBUG] [FTB Ranks/]: command.data.modify.storage.target.targetPath.merge.from.entity.source.sourcePath
[27Jun2025 03:15:29.149] [main/DEBUG] [FTB Ranks/]: command.data.modify.storage.target.targetPath.merge.from.storage
[27Jun2025 03:15:29.149] [main/DEBUG] [FTB Ranks/]: command.data.modify.storage.target.targetPath.merge.from.storage.source
[27Jun2025 03:15:29.149] [main/DEBUG] [FTB Ranks/]: command.data.modify.storage.target.targetPath.merge.from.storage.source.sourcePath
[27Jun2025 03:15:29.149] [main/DEBUG] [FTB Ranks/]: command.data.modify.storage.target.targetPath.merge.value
[27Jun2025 03:15:29.149] [main/DEBUG] [FTB Ranks/]: command.data.modify.storage.target.targetPath.merge.value.value
[27Jun2025 03:15:29.149] [main/DEBUG] [FTB Ranks/]: command.data.modify.storage.target.targetPath.prepend
[27Jun2025 03:15:29.149] [main/DEBUG] [FTB Ranks/]: command.data.modify.storage.target.targetPath.prepend.from
[27Jun2025 03:15:29.149] [main/DEBUG] [FTB Ranks/]: command.data.modify.storage.target.targetPath.prepend.from.block
[27Jun2025 03:15:29.149] [main/DEBUG] [FTB Ranks/]: command.data.modify.storage.target.targetPath.prepend.from.block.sourcePos
[27Jun2025 03:15:29.149] [main/DEBUG] [FTB Ranks/]: command.data.modify.storage.target.targetPath.prepend.from.block.sourcePos.sourcePath
[27Jun2025 03:15:29.149] [main/DEBUG] [FTB Ranks/]: command.data.modify.storage.target.targetPath.prepend.from.entity
[27Jun2025 03:15:29.149] [main/DEBUG] [FTB Ranks/]: command.data.modify.storage.target.targetPath.prepend.from.entity.source
[27Jun2025 03:15:29.149] [main/DEBUG] [FTB Ranks/]: command.data.modify.storage.target.targetPath.prepend.from.entity.source.sourcePath
[27Jun2025 03:15:29.150] [main/DEBUG] [FTB Ranks/]: command.data.modify.storage.target.targetPath.prepend.from.storage
[27Jun2025 03:15:29.150] [main/DEBUG] [FTB Ranks/]: command.data.modify.storage.target.targetPath.prepend.from.storage.source
[27Jun2025 03:15:29.150] [main/DEBUG] [FTB Ranks/]: command.data.modify.storage.target.targetPath.prepend.from.storage.source.sourcePath
[27Jun2025 03:15:29.150] [main/DEBUG] [FTB Ranks/]: command.data.modify.storage.target.targetPath.prepend.value
[27Jun2025 03:15:29.150] [main/DEBUG] [FTB Ranks/]: command.data.modify.storage.target.targetPath.prepend.value.value
[27Jun2025 03:15:29.150] [main/DEBUG] [FTB Ranks/]: command.data.modify.storage.target.targetPath.set
[27Jun2025 03:15:29.150] [main/DEBUG] [FTB Ranks/]: command.data.modify.storage.target.targetPath.set.from
[27Jun2025 03:15:29.150] [main/DEBUG] [FTB Ranks/]: command.data.modify.storage.target.targetPath.set.from.block
[27Jun2025 03:15:29.150] [main/DEBUG] [FTB Ranks/]: command.data.modify.storage.target.targetPath.set.from.block.sourcePos
[27Jun2025 03:15:29.150] [main/DEBUG] [FTB Ranks/]: command.data.modify.storage.target.targetPath.set.from.block.sourcePos.sourcePath
[27Jun2025 03:15:29.150] [main/DEBUG] [FTB Ranks/]: command.data.modify.storage.target.targetPath.set.from.entity
[27Jun2025 03:15:29.150] [main/DEBUG] [FTB Ranks/]: command.data.modify.storage.target.targetPath.set.from.entity.source
[27Jun2025 03:15:29.150] [main/DEBUG] [FTB Ranks/]: command.data.modify.storage.target.targetPath.set.from.entity.source.sourcePath
[27Jun2025 03:15:29.150] [main/DEBUG] [FTB Ranks/]: command.data.modify.storage.target.targetPath.set.from.storage
[27Jun2025 03:15:29.150] [main/DEBUG] [FTB Ranks/]: command.data.modify.storage.target.targetPath.set.from.storage.source
[27Jun2025 03:15:29.150] [main/DEBUG] [FTB Ranks/]: command.data.modify.storage.target.targetPath.set.from.storage.source.sourcePath
[27Jun2025 03:15:29.151] [main/DEBUG] [FTB Ranks/]: command.data.modify.storage.target.targetPath.set.value
[27Jun2025 03:15:29.151] [main/DEBUG] [FTB Ranks/]: command.data.modify.storage.target.targetPath.set.value.value
[27Jun2025 03:15:29.151] [main/DEBUG] [FTB Ranks/]: command.data.remove
[27Jun2025 03:15:29.151] [main/DEBUG] [FTB Ranks/]: command.data.remove.block
[27Jun2025 03:15:29.151] [main/DEBUG] [FTB Ranks/]: command.data.remove.block.targetPos
[27Jun2025 03:15:29.151] [main/DEBUG] [FTB Ranks/]: command.data.remove.block.targetPos.path
[27Jun2025 03:15:29.151] [main/DEBUG] [FTB Ranks/]: command.data.remove.entity
[27Jun2025 03:15:29.151] [main/DEBUG] [FTB Ranks/]: command.data.remove.entity.target
[27Jun2025 03:15:29.151] [main/DEBUG] [FTB Ranks/]: command.data.remove.entity.target.path
[27Jun2025 03:15:29.151] [main/DEBUG] [FTB Ranks/]: command.data.remove.storage
[27Jun2025 03:15:29.151] [main/DEBUG] [FTB Ranks/]: command.data.remove.storage.target
[27Jun2025 03:15:29.151] [main/DEBUG] [FTB Ranks/]: command.data.remove.storage.target.path
[27Jun2025 03:15:29.151] [main/DEBUG] [FTB Ranks/]: command.datapack
[27Jun2025 03:15:29.151] [main/DEBUG] [FTB Ranks/]: command.datapack.disable
[27Jun2025 03:15:29.151] [main/DEBUG] [FTB Ranks/]: command.datapack.disable.name
[27Jun2025 03:15:29.151] [main/DEBUG] [FTB Ranks/]: command.datapack.enable
[27Jun2025 03:15:29.151] [main/DEBUG] [FTB Ranks/]: command.datapack.enable.name
[27Jun2025 03:15:29.151] [main/DEBUG] [FTB Ranks/]: command.datapack.enable.name.after
[27Jun2025 03:15:29.151] [main/DEBUG] [FTB Ranks/]: command.datapack.enable.name.after.existing
[27Jun2025 03:15:29.151] [main/DEBUG] [FTB Ranks/]: command.datapack.enable.name.before
[27Jun2025 03:15:29.151] [main/DEBUG] [FTB Ranks/]: command.datapack.enable.name.before.existing
[27Jun2025 03:15:29.151] [main/DEBUG] [FTB Ranks/]: command.datapack.enable.name.first
[27Jun2025 03:15:29.151] [main/DEBUG] [FTB Ranks/]: command.datapack.enable.name.last
[27Jun2025 03:15:29.152] [main/DEBUG] [FTB Ranks/]: command.datapack.list
[27Jun2025 03:15:29.152] [main/DEBUG] [FTB Ranks/]: command.datapack.list.available
[27Jun2025 03:15:29.152] [main/DEBUG] [FTB Ranks/]: command.datapack.list.enabled
[27Jun2025 03:15:29.152] [main/DEBUG] [FTB Ranks/]: command.debug
[27Jun2025 03:15:29.155] [main/DEBUG] [FTB Ranks/]: command.debug.report
[27Jun2025 03:15:29.155] [main/DEBUG] [FTB Ranks/]: command.debug.start
[27Jun2025 03:15:29.155] [main/DEBUG] [FTB Ranks/]: command.debug.stop
[27Jun2025 03:15:29.155] [main/DEBUG] [FTB Ranks/]: command.defaultgamemode
[27Jun2025 03:15:29.155] [main/DEBUG] [FTB Ranks/]: command.defaultgamemode.adventure
[27Jun2025 03:15:29.155] [main/DEBUG] [FTB Ranks/]: command.defaultgamemode.creative
[27Jun2025 03:15:29.155] [main/DEBUG] [FTB Ranks/]: command.defaultgamemode.spectator
[27Jun2025 03:15:29.155] [main/DEBUG] [FTB Ranks/]: command.defaultgamemode.survival
[27Jun2025 03:15:29.156] [main/DEBUG] [FTB Ranks/]: command.deop
[27Jun2025 03:15:29.158] [main/DEBUG] [FTB Ranks/]: command.deop.targets
[27Jun2025 03:15:29.159] [main/DEBUG] [FTB Ranks/]: command.devspritecheck
[27Jun2025 03:15:29.159] [main/DEBUG] [FTB Ranks/]: command.devspritecheck.
[27Jun2025 03:15:29.159] [main/DEBUG] [FTB Ranks/]: command.devtempparty
[27Jun2025 03:15:29.159] [main/DEBUG] [FTB Ranks/]: command.devtempparty.
[27Jun2025 03:15:29.159] [main/DEBUG] [FTB Ranks/]: command.dexcheck
[27Jun2025 03:15:29.159] [main/DEBUG] [FTB Ranks/]: command.dexcheck.
[27Jun2025 03:15:29.159] [main/DEBUG] [FTB Ranks/]: command.difficulty
[27Jun2025 03:15:29.159] [main/DEBUG] [FTB Ranks/]: command.difficulty.easy
[27Jun2025 03:15:29.159] [main/DEBUG] [FTB Ranks/]: command.difficulty.hard
[27Jun2025 03:15:29.159] [main/DEBUG] [FTB Ranks/]: command.difficulty.normal
[27Jun2025 03:15:29.159] [main/DEBUG] [FTB Ranks/]: command.difficulty.peaceful
[27Jun2025 03:15:29.159] [main/DEBUG] [FTB Ranks/]: command.disablebattle
[27Jun2025 03:15:29.159] [main/DEBUG] [FTB Ranks/]: command.disablebattle.
[27Jun2025 03:15:29.159] [main/DEBUG] [FTB Ranks/]: command.dolegendaryspawn
[27Jun2025 03:15:29.159] [main/DEBUG] [FTB Ranks/]: command.dolegendaryspawn.
[27Jun2025 03:15:29.159] [main/DEBUG] [FTB Ranks/]: command.dynamaxband
[27Jun2025 03:15:29.159] [main/DEBUG] [FTB Ranks/]: command.dynamaxband.
[27Jun2025 03:15:29.159] [main/DEBUG] [FTB Ranks/]: command.effect
[27Jun2025 03:15:29.160] [main/DEBUG] [FTB Ranks/]: command.effect.clear
[27Jun2025 03:15:29.160] [main/DEBUG] [FTB Ranks/]: command.effect.clear.targets
[27Jun2025 03:15:29.160] [main/DEBUG] [FTB Ranks/]: command.effect.clear.targets.effect
[27Jun2025 03:15:29.160] [main/DEBUG] [FTB Ranks/]: command.effect.give
[27Jun2025 03:15:29.160] [main/DEBUG] [FTB Ranks/]: command.effect.give.targets
[27Jun2025 03:15:29.160] [main/DEBUG] [FTB Ranks/]: command.effect.give.targets.effect
[27Jun2025 03:15:29.160] [main/DEBUG] [FTB Ranks/]: command.effect.give.targets.effect.seconds
[27Jun2025 03:15:29.160] [main/DEBUG] [FTB Ranks/]: command.effect.give.targets.effect.seconds.amplifier
[27Jun2025 03:15:29.160] [main/DEBUG] [FTB Ranks/]: command.effect.give.targets.effect.seconds.amplifier.hideParticles
[27Jun2025 03:15:29.160] [main/DEBUG] [FTB Ranks/]: command.eggsteps
[27Jun2025 03:15:29.160] [main/DEBUG] [FTB Ranks/]: command.eggsteps.
[27Jun2025 03:15:29.160] [main/DEBUG] [FTB Ranks/]: command.enchant
[27Jun2025 03:15:29.160] [main/DEBUG] [FTB Ranks/]: command.enchant.targets
[27Jun2025 03:15:29.160] [main/DEBUG] [FTB Ranks/]: command.enchant.targets.enchantment
[27Jun2025 03:15:29.160] [main/DEBUG] [FTB Ranks/]: command.enchant.targets.enchantment.level
[27Jun2025 03:15:29.160] [main/DEBUG] [FTB Ranks/]: command.endbattle
[27Jun2025 03:15:29.160] [main/DEBUG] [FTB Ranks/]: command.endbattle.
[27Jun2025 03:15:29.160] [main/DEBUG] [FTB Ranks/]: command.evolve
[27Jun2025 03:15:29.160] [main/DEBUG] [FTB Ranks/]: command.evolve.
[27Jun2025 03:15:29.160] [main/DEBUG] [FTB Ranks/]: command.evs
[27Jun2025 03:15:29.160] [main/DEBUG] [FTB Ranks/]: command.evs.
[27Jun2025 03:15:29.160] [main/DEBUG] [FTB Ranks/]: command.execute
[27Jun2025 03:15:29.161] [main/DEBUG] [FTB Ranks/]: command.execute.align
[27Jun2025 03:15:29.161] [main/DEBUG] [FTB Ranks/]: command.execute.align.axes
[27Jun2025 03:15:29.161] [main/DEBUG] [FTB Ranks/]: command.execute.anchored
[27Jun2025 03:15:29.161] [main/DEBUG] [FTB Ranks/]: command.execute.anchored.anchor
[27Jun2025 03:15:29.161] [main/DEBUG] [FTB Ranks/]: command.execute.as
[27Jun2025 03:15:29.161] [main/DEBUG] [FTB Ranks/]: command.execute.at
[27Jun2025 03:15:29.162] [main/DEBUG] [FTB Ranks/]: command.execute.facing
[27Jun2025 03:15:29.162] [main/DEBUG] [FTB Ranks/]: command.execute.facing.entity
[27Jun2025 03:15:29.162] [main/DEBUG] [FTB Ranks/]: command.execute.facing.entity.targets
[27Jun2025 03:15:29.162] [main/DEBUG] [FTB Ranks/]: command.execute.facing.pos
[27Jun2025 03:15:29.162] [main/DEBUG] [FTB Ranks/]: command.execute.if
[27Jun2025 03:15:29.162] [main/DEBUG] [FTB Ranks/]: command.execute.if.block
[27Jun2025 03:15:29.162] [main/DEBUG] [FTB Ranks/]: command.execute.if.block.pos
[27Jun2025 03:15:29.162] [main/DEBUG] [FTB Ranks/]: command.execute.if.blocks
[27Jun2025 03:15:29.162] [main/DEBUG] [FTB Ranks/]: command.execute.if.blocks.start
[27Jun2025 03:15:29.162] [main/DEBUG] [FTB Ranks/]: command.execute.if.blocks.start.end
[27Jun2025 03:15:29.162] [main/DEBUG] [FTB Ranks/]: command.execute.if.blocks.start.end.destination
[27Jun2025 03:15:29.162] [main/DEBUG] [FTB Ranks/]: command.execute.if.data
[27Jun2025 03:15:29.162] [main/DEBUG] [FTB Ranks/]: command.execute.if.data.block
[27Jun2025 03:15:29.162] [main/DEBUG] [FTB Ranks/]: command.execute.if.data.block.sourcePos
[27Jun2025 03:15:29.162] [main/DEBUG] [FTB Ranks/]: command.execute.if.data.entity
[27Jun2025 03:15:29.162] [main/DEBUG] [FTB Ranks/]: command.execute.if.data.entity.source
[27Jun2025 03:15:29.162] [main/DEBUG] [FTB Ranks/]: command.execute.if.data.storage
[27Jun2025 03:15:29.163] [main/DEBUG] [FTB Ranks/]: command.execute.if.data.storage.source
[27Jun2025 03:15:29.163] [main/DEBUG] [FTB Ranks/]: command.execute.if.entity
[27Jun2025 03:15:29.163] [main/DEBUG] [FTB Ranks/]: command.execute.if.predicate
[27Jun2025 03:15:29.163] [main/DEBUG] [FTB Ranks/]: command.execute.if.score
[27Jun2025 03:15:29.163] [main/DEBUG] [FTB Ranks/]: command.execute.if.score.target
[27Jun2025 03:15:29.163] [main/DEBUG] [FTB Ranks/]: command.execute.if.score.target.targetObjective
[27Jun2025 03:15:29.164] [main/DEBUG] [FTB Ranks/]: command.execute.if.score.target.targetObjective.<
[27Jun2025 03:15:29.164] [main/DEBUG] [FTB Ranks/]: command.execute.if.score.target.targetObjective.<.source
[27Jun2025 03:15:29.164] [main/DEBUG] [FTB Ranks/]: command.execute.if.score.target.targetObjective.<=
[27Jun2025 03:15:29.164] [main/DEBUG] [FTB Ranks/]: command.execute.if.score.target.targetObjective.<=.source
[27Jun2025 03:15:29.164] [main/DEBUG] [FTB Ranks/]: command.execute.if.score.target.targetObjective.=
[27Jun2025 03:15:29.164] [main/DEBUG] [FTB Ranks/]: command.execute.if.score.target.targetObjective.=.source
[27Jun2025 03:15:29.164] [main/DEBUG] [FTB Ranks/]: command.execute.if.score.target.targetObjective.>
[27Jun2025 03:15:29.164] [main/DEBUG] [FTB Ranks/]: command.execute.if.score.target.targetObjective.>.source
[27Jun2025 03:15:29.164] [main/DEBUG] [FTB Ranks/]: command.execute.if.score.target.targetObjective.>=
[27Jun2025 03:15:29.164] [main/DEBUG] [FTB Ranks/]: command.execute.if.score.target.targetObjective.>=.source
[27Jun2025 03:15:29.164] [main/DEBUG] [FTB Ranks/]: command.execute.if.score.target.targetObjective.matches
[27Jun2025 03:15:29.164] [main/DEBUG] [FTB Ranks/]: command.execute.in
[27Jun2025 03:15:29.164] [main/DEBUG] [FTB Ranks/]: command.execute.in.dimension
[27Jun2025 03:15:29.164] [main/DEBUG] [FTB Ranks/]: command.execute.positioned
[27Jun2025 03:15:29.164] [main/DEBUG] [FTB Ranks/]: command.execute.positioned.as
[27Jun2025 03:15:29.164] [main/DEBUG] [FTB Ranks/]: command.execute.positioned.pos
[27Jun2025 03:15:29.164] [main/DEBUG] [FTB Ranks/]: command.execute.rotated
[27Jun2025 03:15:29.164] [main/DEBUG] [FTB Ranks/]: command.execute.rotated.as
[27Jun2025 03:15:29.164] [main/DEBUG] [FTB Ranks/]: command.execute.rotated.rot
[27Jun2025 03:15:29.164] [main/DEBUG] [FTB Ranks/]: command.execute.run
[27Jun2025 03:15:29.164] [main/DEBUG] [FTB Ranks/]: command.execute.store
[27Jun2025 03:15:29.164] [main/DEBUG] [FTB Ranks/]: command.execute.store.result
[27Jun2025 03:15:29.164] [main/DEBUG] [FTB Ranks/]: command.execute.store.result.block
[27Jun2025 03:15:29.164] [main/DEBUG] [FTB Ranks/]: command.execute.store.result.block.targetPos
[27Jun2025 03:15:29.164] [main/DEBUG] [FTB Ranks/]: command.execute.store.result.block.targetPos.path
[27Jun2025 03:15:29.164] [main/DEBUG] [FTB Ranks/]: command.execute.store.result.block.targetPos.path.byte
[27Jun2025 03:15:29.164] [main/DEBUG] [FTB Ranks/]: command.execute.store.result.block.targetPos.path.byte.scale
[27Jun2025 03:15:29.166] [main/DEBUG] [FTB Ranks/]: command.execute.store.result.block.targetPos.path.double
[27Jun2025 03:15:29.166] [main/DEBUG] [FTB Ranks/]: command.execute.store.result.block.targetPos.path.double.scale
[27Jun2025 03:15:29.166] [main/DEBUG] [FTB Ranks/]: command.execute.store.result.block.targetPos.path.float
[27Jun2025 03:15:29.166] [main/DEBUG] [FTB Ranks/]: command.execute.store.result.block.targetPos.path.float.scale
[27Jun2025 03:15:29.167] [main/DEBUG] [FTB Ranks/]: command.execute.store.result.block.targetPos.path.int
[27Jun2025 03:15:29.168] [main/DEBUG] [FTB Ranks/]: command.execute.store.result.block.targetPos.path.int.scale
[27Jun2025 03:15:29.169] [main/DEBUG] [FTB Ranks/]: command.execute.store.result.block.targetPos.path.long
[27Jun2025 03:15:29.169] [main/DEBUG] [FTB Ranks/]: command.execute.store.result.block.targetPos.path.long.scale
[27Jun2025 03:15:29.169] [main/DEBUG] [FTB Ranks/]: command.execute.store.result.block.targetPos.path.short
[27Jun2025 03:15:29.169] [main/DEBUG] [FTB Ranks/]: command.execute.store.result.block.targetPos.path.short.scale
[27Jun2025 03:15:29.169] [main/DEBUG] [FTB Ranks/]: command.execute.store.result.bossbar
[27Jun2025 03:15:29.169] [main/DEBUG] [FTB Ranks/]: command.execute.store.result.bossbar.id
[27Jun2025 03:15:29.169] [main/DEBUG] [FTB Ranks/]: command.execute.store.result.bossbar.id.max
[27Jun2025 03:15:29.169] [main/DEBUG] [FTB Ranks/]: command.execute.store.result.bossbar.id.value
[27Jun2025 03:15:29.169] [main/DEBUG] [FTB Ranks/]: command.execute.store.result.entity
[27Jun2025 03:15:29.169] [main/DEBUG] [FTB Ranks/]: command.execute.store.result.entity.target
[27Jun2025 03:15:29.169] [main/DEBUG] [FTB Ranks/]: command.execute.store.result.entity.target.path
[27Jun2025 03:15:29.169] [main/DEBUG] [FTB Ranks/]: command.execute.store.result.entity.target.path.byte
[27Jun2025 03:15:29.169] [main/DEBUG] [FTB Ranks/]: command.execute.store.result.entity.target.path.byte.scale
[27Jun2025 03:15:29.169] [main/DEBUG] [FTB Ranks/]: command.execute.store.result.entity.target.path.double
[27Jun2025 03:15:29.170] [main/DEBUG] [FTB Ranks/]: command.execute.store.result.entity.target.path.double.scale
[27Jun2025 03:15:29.170] [main/DEBUG] [FTB Ranks/]: command.execute.store.result.entity.target.path.float
[27Jun2025 03:15:29.170] [main/DEBUG] [FTB Ranks/]: command.execute.store.result.entity.target.path.float.scale
[27Jun2025 03:15:29.170] [main/DEBUG] [FTB Ranks/]: command.execute.store.result.entity.target.path.int
[27Jun2025 03:15:29.170] [main/DEBUG] [FTB Ranks/]: command.execute.store.result.entity.target.path.int.scale
[27Jun2025 03:15:29.170] [main/DEBUG] [FTB Ranks/]: command.execute.store.result.entity.target.path.long
[27Jun2025 03:15:29.170] [main/DEBUG] [FTB Ranks/]: command.execute.store.result.entity.target.path.long.scale
[27Jun2025 03:15:29.170] [main/DEBUG] [FTB Ranks/]: command.execute.store.result.entity.target.path.short
[27Jun2025 03:15:29.170] [main/DEBUG] [FTB Ranks/]: command.execute.store.result.entity.target.path.short.scale
[27Jun2025 03:15:29.172] [main/DEBUG] [FTB Ranks/]: command.execute.store.result.score
[27Jun2025 03:15:29.172] [main/DEBUG] [FTB Ranks/]: command.execute.store.result.score.targets
[27Jun2025 03:15:29.172] [main/DEBUG] [FTB Ranks/]: command.execute.store.result.score.targets.objective
[27Jun2025 03:15:29.172] [main/DEBUG] [FTB Ranks/]: command.execute.store.result.storage
[27Jun2025 03:15:29.172] [main/DEBUG] [FTB Ranks/]: command.execute.store.result.storage.target
[27Jun2025 03:15:29.172] [main/DEBUG] [FTB Ranks/]: command.execute.store.result.storage.target.path
[27Jun2025 03:15:29.172] [main/DEBUG] [FTB Ranks/]: command.execute.store.result.storage.target.path.byte
[27Jun2025 03:15:29.172] [main/DEBUG] [FTB Ranks/]: command.execute.store.result.storage.target.path.byte.scale
[27Jun2025 03:15:29.172] [main/DEBUG] [FTB Ranks/]: command.execute.store.result.storage.target.path.double
[27Jun2025 03:15:29.172] [main/DEBUG] [FTB Ranks/]: command.execute.store.result.storage.target.path.double.scale
[27Jun2025 03:15:29.173] [main/DEBUG] [FTB Ranks/]: command.execute.store.result.storage.target.path.float
[27Jun2025 03:15:29.173] [main/DEBUG] [FTB Ranks/]: command.execute.store.result.storage.target.path.float.scale
[27Jun2025 03:15:29.173] [main/DEBUG] [FTB Ranks/]: command.execute.store.result.storage.target.path.int
[27Jun2025 03:15:29.173] [main/DEBUG] [FTB Ranks/]: command.execute.store.result.storage.target.path.int.scale
[27Jun2025 03:15:29.173] [main/DEBUG] [FTB Ranks/]: command.execute.store.result.storage.target.path.long
[27Jun2025 03:15:29.173] [main/DEBUG] [FTB Ranks/]: command.execute.store.result.storage.target.path.long.scale
[27Jun2025 03:15:29.173] [main/DEBUG] [FTB Ranks/]: command.execute.store.result.storage.target.path.short
[27Jun2025 03:15:29.173] [main/DEBUG] [FTB Ranks/]: command.execute.store.result.storage.target.path.short.scale
[27Jun2025 03:15:29.173] [main/DEBUG] [FTB Ranks/]: command.execute.store.success
[27Jun2025 03:15:29.173] [main/DEBUG] [FTB Ranks/]: command.execute.store.success.block
[27Jun2025 03:15:29.173] [main/DEBUG] [FTB Ranks/]: command.execute.store.success.block.targetPos
[27Jun2025 03:15:29.173] [main/DEBUG] [FTB Ranks/]: command.execute.store.success.block.targetPos.path
[27Jun2025 03:15:29.173] [main/DEBUG] [FTB Ranks/]: command.execute.store.success.block.targetPos.path.byte
[27Jun2025 03:15:29.173] [main/DEBUG] [FTB Ranks/]: command.execute.store.success.block.targetPos.path.byte.scale
[27Jun2025 03:15:29.173] [main/DEBUG] [FTB Ranks/]: command.execute.store.success.block.targetPos.path.double
[27Jun2025 03:15:29.174] [main/DEBUG] [FTB Ranks/]: command.execute.store.success.block.targetPos.path.double.scale
[27Jun2025 03:15:29.174] [main/DEBUG] [FTB Ranks/]: command.execute.store.success.block.targetPos.path.float
[27Jun2025 03:15:29.174] [main/DEBUG] [FTB Ranks/]: command.execute.store.success.block.targetPos.path.float.scale
[27Jun2025 03:15:29.174] [main/DEBUG] [FTB Ranks/]: command.execute.store.success.block.targetPos.path.int
[27Jun2025 03:15:29.174] [main/DEBUG] [FTB Ranks/]: command.execute.store.success.block.targetPos.path.int.scale
[27Jun2025 03:15:29.175] [main/DEBUG] [FTB Ranks/]: command.execute.store.success.block.targetPos.path.long
[27Jun2025 03:15:29.176] [main/DEBUG] [FTB Ranks/]: command.execute.store.success.block.targetPos.path.long.scale
[27Jun2025 03:15:29.176] [main/DEBUG] [FTB Ranks/]: command.execute.store.success.block.targetPos.path.short
[27Jun2025 03:15:29.176] [main/DEBUG] [FTB Ranks/]: command.execute.store.success.block.targetPos.path.short.scale
[27Jun2025 03:15:29.176] [main/DEBUG] [FTB Ranks/]: command.execute.store.success.bossbar
[27Jun2025 03:15:29.176] [main/DEBUG] [FTB Ranks/]: command.execute.store.success.bossbar.id
[27Jun2025 03:15:29.176] [main/DEBUG] [FTB Ranks/]: command.execute.store.success.bossbar.id.max
[27Jun2025 03:15:29.176] [main/DEBUG] [FTB Ranks/]: command.execute.store.success.bossbar.id.value
[27Jun2025 03:15:29.176] [main/DEBUG] [FTB Ranks/]: command.execute.store.success.entity
[27Jun2025 03:15:29.176] [main/DEBUG] [FTB Ranks/]: command.execute.store.success.entity.target
[27Jun2025 03:15:29.176] [main/DEBUG] [FTB Ranks/]: command.execute.store.success.entity.target.path
[27Jun2025 03:15:29.176] [main/DEBUG] [FTB Ranks/]: command.execute.store.success.entity.target.path.byte
[27Jun2025 03:15:29.176] [main/DEBUG] [FTB Ranks/]: command.execute.store.success.entity.target.path.byte.scale
[27Jun2025 03:15:29.176] [main/DEBUG] [FTB Ranks/]: command.execute.store.success.entity.target.path.double
[27Jun2025 03:15:29.176] [main/DEBUG] [FTB Ranks/]: command.execute.store.success.entity.target.path.double.scale
[27Jun2025 03:15:29.176] [main/DEBUG] [FTB Ranks/]: command.execute.store.success.entity.target.path.float
[27Jun2025 03:15:29.176] [main/DEBUG] [FTB Ranks/]: command.execute.store.success.entity.target.path.float.scale
[27Jun2025 03:15:29.176] [main/DEBUG] [FTB Ranks/]: command.execute.store.success.entity.target.path.int
[27Jun2025 03:15:29.177] [main/DEBUG] [FTB Ranks/]: command.execute.store.success.entity.target.path.int.scale
[27Jun2025 03:15:29.177] [main/DEBUG] [FTB Ranks/]: command.execute.store.success.entity.target.path.long
[27Jun2025 03:15:29.177] [main/DEBUG] [FTB Ranks/]: command.execute.store.success.entity.target.path.long.scale
[27Jun2025 03:15:29.177] [main/DEBUG] [FTB Ranks/]: command.execute.store.success.entity.target.path.short
[27Jun2025 03:15:29.177] [main/DEBUG] [FTB Ranks/]: command.execute.store.success.entity.target.path.short.scale
[27Jun2025 03:15:29.177] [main/DEBUG] [FTB Ranks/]: command.execute.store.success.score
[27Jun2025 03:15:29.177] [main/DEBUG] [FTB Ranks/]: command.execute.store.success.score.targets
[27Jun2025 03:15:29.177] [main/DEBUG] [FTB Ranks/]: command.execute.store.success.score.targets.objective
[27Jun2025 03:15:29.177] [main/DEBUG] [FTB Ranks/]: command.execute.store.success.storage
[27Jun2025 03:15:29.177] [main/DEBUG] [FTB Ranks/]: command.execute.store.success.storage.target
[27Jun2025 03:15:29.177] [main/DEBUG] [FTB Ranks/]: command.execute.store.success.storage.target.path
[27Jun2025 03:15:29.177] [main/DEBUG] [FTB Ranks/]: command.execute.store.success.storage.target.path.byte
[27Jun2025 03:15:29.177] [main/DEBUG] [FTB Ranks/]: command.execute.store.success.storage.target.path.byte.scale
[27Jun2025 03:15:29.177] [main/DEBUG] [FTB Ranks/]: command.execute.store.success.storage.target.path.double
[27Jun2025 03:15:29.177] [main/DEBUG] [FTB Ranks/]: command.execute.store.success.storage.target.path.double.scale
[27Jun2025 03:15:29.177] [main/DEBUG] [FTB Ranks/]: command.execute.store.success.storage.target.path.float
[27Jun2025 03:15:29.178] [main/DEBUG] [FTB Ranks/]: command.execute.store.success.storage.target.path.float.scale
[27Jun2025 03:15:29.179] [main/DEBUG] [FTB Ranks/]: command.execute.store.success.storage.target.path.int
[27Jun2025 03:15:29.179] [main/DEBUG] [FTB Ranks/]: command.execute.store.success.storage.target.path.int.scale
[27Jun2025 03:15:29.179] [main/DEBUG] [FTB Ranks/]: command.execute.store.success.storage.target.path.long
[27Jun2025 03:15:29.179] [main/DEBUG] [FTB Ranks/]: command.execute.store.success.storage.target.path.long.scale
[27Jun2025 03:15:29.179] [main/DEBUG] [FTB Ranks/]: command.execute.store.success.storage.target.path.short
[27Jun2025 03:15:29.179] [main/DEBUG] [FTB Ranks/]: command.execute.store.success.storage.target.path.short.scale
[27Jun2025 03:15:29.179] [main/DEBUG] [FTB Ranks/]: command.execute.unless
[27Jun2025 03:15:29.179] [main/DEBUG] [FTB Ranks/]: command.execute.unless.block
[27Jun2025 03:15:29.179] [main/DEBUG] [FTB Ranks/]: command.execute.unless.block.pos
[27Jun2025 03:15:29.179] [main/DEBUG] [FTB Ranks/]: command.execute.unless.blocks
[27Jun2025 03:15:29.179] [main/DEBUG] [FTB Ranks/]: command.execute.unless.blocks.start
[27Jun2025 03:15:29.179] [main/DEBUG] [FTB Ranks/]: command.execute.unless.blocks.start.end
[27Jun2025 03:15:29.179] [main/DEBUG] [FTB Ranks/]: command.execute.unless.blocks.start.end.destination
[27Jun2025 03:15:29.179] [main/DEBUG] [FTB Ranks/]: command.execute.unless.data
[27Jun2025 03:15:29.179] [main/DEBUG] [FTB Ranks/]: command.execute.unless.data.block
[27Jun2025 03:15:29.179] [main/DEBUG] [FTB Ranks/]: command.execute.unless.data.block.sourcePos
[27Jun2025 03:15:29.179] [main/DEBUG] [FTB Ranks/]: command.execute.unless.data.entity
[27Jun2025 03:15:29.179] [main/DEBUG] [FTB Ranks/]: command.execute.unless.data.entity.source
[27Jun2025 03:15:29.179] [main/DEBUG] [FTB Ranks/]: command.execute.unless.data.storage
[27Jun2025 03:15:29.179] [main/DEBUG] [FTB Ranks/]: command.execute.unless.data.storage.source
[27Jun2025 03:15:29.179] [main/DEBUG] [FTB Ranks/]: command.execute.unless.entity
[27Jun2025 03:15:29.179] [main/DEBUG] [FTB Ranks/]: command.execute.unless.predicate
[27Jun2025 03:15:29.179] [main/DEBUG] [FTB Ranks/]: command.execute.unless.score
[27Jun2025 03:15:29.179] [main/DEBUG] [FTB Ranks/]: command.execute.unless.score.target
[27Jun2025 03:15:29.179] [main/DEBUG] [FTB Ranks/]: command.execute.unless.score.target.targetObjective
[27Jun2025 03:15:29.179] [main/DEBUG] [FTB Ranks/]: command.execute.unless.score.target.targetObjective.<
[27Jun2025 03:15:29.180] [main/DEBUG] [FTB Ranks/]: command.execute.unless.score.target.targetObjective.<.source
[27Jun2025 03:15:29.180] [main/DEBUG] [FTB Ranks/]: command.execute.unless.score.target.targetObjective.<=
[27Jun2025 03:15:29.180] [main/DEBUG] [FTB Ranks/]: command.execute.unless.score.target.targetObjective.<=.source
[27Jun2025 03:15:29.180] [main/DEBUG] [FTB Ranks/]: command.execute.unless.score.target.targetObjective.=
[27Jun2025 03:15:29.180] [main/DEBUG] [FTB Ranks/]: command.execute.unless.score.target.targetObjective.=.source
[27Jun2025 03:15:29.180] [main/DEBUG] [FTB Ranks/]: command.execute.unless.score.target.targetObjective.>
[27Jun2025 03:15:29.180] [main/DEBUG] [FTB Ranks/]: command.execute.unless.score.target.targetObjective.>.source
[27Jun2025 03:15:29.180] [main/DEBUG] [FTB Ranks/]: command.execute.unless.score.target.targetObjective.>=
[27Jun2025 03:15:29.180] [main/DEBUG] [FTB Ranks/]: command.execute.unless.score.target.targetObjective.>=.source
[27Jun2025 03:15:29.180] [main/DEBUG] [FTB Ranks/]: command.execute.unless.score.target.targetObjective.matches
[27Jun2025 03:15:29.180] [main/DEBUG] [FTB Ranks/]: command.expcharm
[27Jun2025 03:15:29.180] [main/DEBUG] [FTB Ranks/]: command.expcharm.
[27Jun2025 03:15:29.180] [main/DEBUG] [FTB Ranks/]: command.experience
[27Jun2025 03:15:29.180] [main/DEBUG] [FTB Ranks/]: command.experience.add
[27Jun2025 03:15:29.181] [main/DEBUG] [FTB Ranks/]: command.experience.add.targets
[27Jun2025 03:15:29.181] [main/DEBUG] [FTB Ranks/]: command.experience.add.targets.amount
[27Jun2025 03:15:29.181] [main/DEBUG] [FTB Ranks/]: command.experience.add.targets.amount.levels
[27Jun2025 03:15:29.181] [main/DEBUG] [FTB Ranks/]: command.experience.add.targets.amount.points
[27Jun2025 03:15:29.181] [main/DEBUG] [FTB Ranks/]: command.experience.query
[27Jun2025 03:15:29.181] [main/DEBUG] [FTB Ranks/]: command.experience.query.targets
[27Jun2025 03:15:29.181] [main/DEBUG] [FTB Ranks/]: command.experience.query.targets.levels
[27Jun2025 03:15:29.181] [main/DEBUG] [FTB Ranks/]: command.experience.query.targets.points
[27Jun2025 03:15:29.181] [main/DEBUG] [FTB Ranks/]: command.experience.set
[27Jun2025 03:15:29.181] [main/DEBUG] [FTB Ranks/]: command.experience.set.targets
[27Jun2025 03:15:29.181] [main/DEBUG] [FTB Ranks/]: command.experience.set.targets.amount
[27Jun2025 03:15:29.181] [main/DEBUG] [FTB Ranks/]: command.experience.set.targets.amount.levels
[27Jun2025 03:15:29.181] [main/DEBUG] [FTB Ranks/]: command.experience.set.targets.amount.points
[27Jun2025 03:15:29.181] [main/DEBUG] [FTB Ranks/]: command.fallback
[27Jun2025 03:15:29.181] [main/DEBUG] [FTB Ranks/]: command.fallbackserver
[27Jun2025 03:15:29.181] [main/DEBUG] [FTB Ranks/]: command.fallbackserver.Player(s)
[27Jun2025 03:15:29.184] [main/DEBUG] [FTB Ranks/]: command.fallbackserver.Player(s).Server Address
[27Jun2025 03:15:29.185] [main/DEBUG] [FTB Ranks/]: command.fill
[27Jun2025 03:15:29.185] [main/DEBUG] [FTB Ranks/]: command.fill.from
[27Jun2025 03:15:29.185] [main/DEBUG] [FTB Ranks/]: command.fill.from.to
[27Jun2025 03:15:29.185] [main/DEBUG] [FTB Ranks/]: command.fill.from.to.block
[27Jun2025 03:15:29.185] [main/DEBUG] [FTB Ranks/]: command.fill.from.to.block.destroy
[27Jun2025 03:15:29.185] [main/DEBUG] [FTB Ranks/]: command.fill.from.to.block.hollow
[27Jun2025 03:15:29.185] [main/DEBUG] [FTB Ranks/]: command.fill.from.to.block.keep
[27Jun2025 03:15:29.185] [main/DEBUG] [FTB Ranks/]: command.fill.from.to.block.outline
[27Jun2025 03:15:29.185] [main/DEBUG] [FTB Ranks/]: command.fill.from.to.block.replace
[27Jun2025 03:15:29.185] [main/DEBUG] [FTB Ranks/]: command.fill.from.to.block.replace.filter
[27Jun2025 03:15:29.185] [main/DEBUG] [FTB Ranks/]: command.fillcurrydex
[27Jun2025 03:15:29.185] [main/DEBUG] [FTB Ranks/]: command.fillcurrydex.
[27Jun2025 03:15:29.185] [main/DEBUG] [FTB Ranks/]: command.filldex
[27Jun2025 03:15:29.185] [main/DEBUG] [FTB Ranks/]: command.filldex.
[27Jun2025 03:15:29.185] [main/DEBUG] [FTB Ranks/]: command.forceload
[27Jun2025 03:15:29.185] [main/DEBUG] [FTB Ranks/]: command.forceload.add
[27Jun2025 03:15:29.185] [main/DEBUG] [FTB Ranks/]: command.forceload.add.from
[27Jun2025 03:15:29.185] [main/DEBUG] [FTB Ranks/]: command.forceload.add.from.to
[27Jun2025 03:15:29.185] [main/DEBUG] [FTB Ranks/]: command.forceload.query
[27Jun2025 03:15:29.185] [main/DEBUG] [FTB Ranks/]: command.forceload.query.pos
[27Jun2025 03:15:29.185] [main/DEBUG] [FTB Ranks/]: command.forceload.remove
[27Jun2025 03:15:29.185] [main/DEBUG] [FTB Ranks/]: command.forceload.remove.all
[27Jun2025 03:15:29.185] [main/DEBUG] [FTB Ranks/]: command.forceload.remove.from
[27Jun2025 03:15:29.185] [main/DEBUG] [FTB Ranks/]: command.forceload.remove.from.to
[27Jun2025 03:15:29.186] [main/DEBUG] [FTB Ranks/]: command.forge
[27Jun2025 03:15:29.186] [main/DEBUG] [FTB Ranks/]: command.forge.dimensions
[27Jun2025 03:15:29.186] [main/DEBUG] [FTB Ranks/]: command.forge.entity
[27Jun2025 03:15:29.186] [main/DEBUG] [FTB Ranks/]: command.forge.entity.list
[27Jun2025 03:15:29.187] [main/DEBUG] [FTB Ranks/]: command.forge.entity.list.filter
[27Jun2025 03:15:29.187] [main/DEBUG] [FTB Ranks/]: command.forge.entity.list.filter.dim
[27Jun2025 03:15:29.187] [main/DEBUG] [FTB Ranks/]: command.forge.generate
[27Jun2025 03:15:29.187] [main/DEBUG] [FTB Ranks/]: command.forge.generate.pos
[27Jun2025 03:15:29.187] [main/DEBUG] [FTB Ranks/]: command.forge.generate.pos.count
[27Jun2025 03:15:29.187] [main/DEBUG] [FTB Ranks/]: command.forge.generate.pos.count.dim
[27Jun2025 03:15:29.187] [main/DEBUG] [FTB Ranks/]: command.forge.generate.pos.count.dim.interval
[27Jun2025 03:15:29.187] [main/DEBUG] [FTB Ranks/]: command.forge.mods
[27Jun2025 03:15:29.187] [main/DEBUG] [FTB Ranks/]: command.forge.setdimension
[27Jun2025 03:15:29.187] [main/DEBUG] [FTB Ranks/]: command.forge.setdimension.targets
[27Jun2025 03:15:29.187] [main/DEBUG] [FTB Ranks/]: command.forge.setdimension.targets.dim
[27Jun2025 03:15:29.187] [main/DEBUG] [FTB Ranks/]: command.forge.setdimension.targets.dim.pos
[27Jun2025 03:15:29.187] [main/DEBUG] [FTB Ranks/]: command.forge.tps
[27Jun2025 03:15:29.187] [main/DEBUG] [FTB Ranks/]: command.forge.tps.dim
[27Jun2025 03:15:29.187] [main/DEBUG] [FTB Ranks/]: command.forge.track
[27Jun2025 03:15:29.187] [main/DEBUG] [FTB Ranks/]: command.forge.track.entity
[27Jun2025 03:15:29.187] [main/DEBUG] [FTB Ranks/]: command.forge.track.reset
[27Jun2025 03:15:29.187] [main/DEBUG] [FTB Ranks/]: command.forge.track.reset.entity
[27Jun2025 03:15:29.187] [main/DEBUG] [FTB Ranks/]: command.forge.track.reset.te
[27Jun2025 03:15:29.187] [main/DEBUG] [FTB Ranks/]: command.forge.track.start
[27Jun2025 03:15:29.187] [main/DEBUG] [FTB Ranks/]: command.forge.track.start.entity
[27Jun2025 03:15:29.188] [main/DEBUG] [FTB Ranks/]: command.forge.track.start.entity.duration
[27Jun2025 03:15:29.188] [main/DEBUG] [FTB Ranks/]: command.forge.track.start.te
[27Jun2025 03:15:29.188] [main/DEBUG] [FTB Ranks/]: command.forge.track.start.te.duration
[27Jun2025 03:15:29.188] [main/DEBUG] [FTB Ranks/]: command.forge.track.te
[27Jun2025 03:15:29.188] [main/DEBUG] [FTB Ranks/]: command.fossil
[27Jun2025 03:15:29.188] [main/DEBUG] [FTB Ranks/]: command.fossil.
[27Jun2025 03:15:29.188] [main/DEBUG] [FTB Ranks/]: command.freeze
[27Jun2025 03:15:29.188] [main/DEBUG] [FTB Ranks/]: command.freeze.
[27Jun2025 03:15:29.188] [main/DEBUG] [FTB Ranks/]: command.ftblibrary
[27Jun2025 03:15:29.188] [main/DEBUG] [FTB Ranks/]: command.ftblibrary.day
[27Jun2025 03:15:29.188] [main/DEBUG] [FTB Ranks/]: command.ftblibrary.gamemode
[27Jun2025 03:15:29.188] [main/DEBUG] [FTB Ranks/]: command.ftblibrary.nbtedit
[27Jun2025 03:15:29.189] [main/DEBUG] [FTB Ranks/]: command.ftblibrary.nbtedit.block
[27Jun2025 03:15:29.189] [main/DEBUG] [FTB Ranks/]: command.ftblibrary.nbtedit.block.pos
[27Jun2025 03:15:29.189] [main/DEBUG] [FTB Ranks/]: command.ftblibrary.nbtedit.entity
[27Jun2025 03:15:29.189] [main/DEBUG] [FTB Ranks/]: command.ftblibrary.nbtedit.entity.entity
[27Jun2025 03:15:29.189] [main/DEBUG] [FTB Ranks/]: command.ftblibrary.nbtedit.item
[27Jun2025 03:15:29.189] [main/DEBUG] [FTB Ranks/]: command.ftblibrary.nbtedit.player
[27Jun2025 03:15:29.189] [main/DEBUG] [FTB Ranks/]: command.ftblibrary.nbtedit.player.player
[27Jun2025 03:15:29.189] [main/DEBUG] [FTB Ranks/]: command.ftblibrary.night
[27Jun2025 03:15:29.189] [main/DEBUG] [FTB Ranks/]: command.ftblibrary.rain
[27Jun2025 03:15:29.189] [main/DEBUG] [FTB Ranks/]: command.ftbranks
[27Jun2025 03:15:29.189] [main/DEBUG] [FTB Ranks/]: command.ftbranks.add
[27Jun2025 03:15:29.189] [main/DEBUG] [FTB Ranks/]: command.ftbranks.add.players
[27Jun2025 03:15:29.189] [main/DEBUG] [FTB Ranks/]: command.ftbranks.add.players.rank
[27Jun2025 03:15:29.189] [main/DEBUG] [FTB Ranks/]: command.ftbranks.create
[27Jun2025 03:15:29.189] [main/DEBUG] [FTB Ranks/]: command.ftbranks.create.name
[27Jun2025 03:15:29.189] [main/DEBUG] [FTB Ranks/]: command.ftbranks.delete
[27Jun2025 03:15:29.189] [main/DEBUG] [FTB Ranks/]: command.ftbranks.delete.rank
[27Jun2025 03:15:29.189] [main/DEBUG] [FTB Ranks/]: command.ftbranks.list_all_ranks
[27Jun2025 03:15:29.189] [main/DEBUG] [FTB Ranks/]: command.ftbranks.list_players_with
[27Jun2025 03:15:29.189] [main/DEBUG] [FTB Ranks/]: command.ftbranks.list_players_with.rank
[27Jun2025 03:15:29.189] [main/DEBUG] [FTB Ranks/]: command.ftbranks.list_ranks_of
[27Jun2025 03:15:29.189] [main/DEBUG] [FTB Ranks/]: command.ftbranks.list_ranks_of.player
[27Jun2025 03:15:29.189] [main/DEBUG] [FTB Ranks/]: command.ftbranks.refresh_readme
[27Jun2025 03:15:29.189] [main/DEBUG] [FTB Ranks/]: command.ftbranks.reload
[27Jun2025 03:15:29.189] [main/DEBUG] [FTB Ranks/]: command.ftbranks.remove
[27Jun2025 03:15:29.189] [main/DEBUG] [FTB Ranks/]: command.ftbranks.remove.players
[27Jun2025 03:15:29.189] [main/DEBUG] [FTB Ranks/]: command.ftbranks.remove.players.rank
[27Jun2025 03:15:29.189] [main/DEBUG] [FTB Ranks/]: command.function
[27Jun2025 03:15:29.189] [main/DEBUG] [FTB Ranks/]: command.function.name
[27Jun2025 03:15:29.189] [main/DEBUG] [FTB Ranks/]: command.gamemode
[27Jun2025 03:15:29.189] [main/DEBUG] [FTB Ranks/]: command.gamemode.adventure
[27Jun2025 03:15:29.189] [main/DEBUG] [FTB Ranks/]: command.gamemode.adventure.target
[27Jun2025 03:15:29.189] [main/DEBUG] [FTB Ranks/]: command.gamemode.creative
[27Jun2025 03:15:29.189] [main/DEBUG] [FTB Ranks/]: command.gamemode.creative.target
[27Jun2025 03:15:29.189] [main/DEBUG] [FTB Ranks/]: command.gamemode.spectator
[27Jun2025 03:15:29.189] [main/DEBUG] [FTB Ranks/]: command.gamemode.spectator.target
[27Jun2025 03:15:29.189] [main/DEBUG] [FTB Ranks/]: command.gamemode.survival
[27Jun2025 03:15:29.189] [main/DEBUG] [FTB Ranks/]: command.gamemode.survival.target
[27Jun2025 03:15:29.189] [main/DEBUG] [FTB Ranks/]: command.gamerule
[27Jun2025 03:15:29.192] [main/DEBUG] [FTB Ranks/]: command.gamerule.announceAdvancements
[27Jun2025 03:15:29.192] [main/DEBUG] [FTB Ranks/]: command.gamerule.announceAdvancements.value
[27Jun2025 03:15:29.192] [main/DEBUG] [FTB Ranks/]: command.gamerule.commandBlockOutput
[27Jun2025 03:15:29.193] [main/DEBUG] [FTB Ranks/]: command.gamerule.commandBlockOutput.value
[27Jun2025 03:15:29.193] [main/DEBUG] [FTB Ranks/]: command.gamerule.disableElytraMovementCheck
[27Jun2025 03:15:29.193] [main/DEBUG] [FTB Ranks/]: command.gamerule.disableElytraMovementCheck.value
[27Jun2025 03:15:29.193] [main/DEBUG] [FTB Ranks/]: command.gamerule.disableRaids
[27Jun2025 03:15:29.193] [main/DEBUG] [FTB Ranks/]: command.gamerule.disableRaids.value
[27Jun2025 03:15:29.193] [main/DEBUG] [FTB Ranks/]: command.gamerule.doDaylightCycle
[27Jun2025 03:15:29.194] [main/DEBUG] [FTB Ranks/]: command.gamerule.doDaylightCycle.value
[27Jun2025 03:15:29.194] [main/DEBUG] [FTB Ranks/]: command.gamerule.doEntityDrops
[27Jun2025 03:15:29.194] [main/DEBUG] [FTB Ranks/]: command.gamerule.doEntityDrops.value
[27Jun2025 03:15:29.194] [main/DEBUG] [FTB Ranks/]: command.gamerule.doFireTick
[27Jun2025 03:15:29.194] [main/DEBUG] [FTB Ranks/]: command.gamerule.doFireTick.value
[27Jun2025 03:15:29.194] [main/DEBUG] [FTB Ranks/]: command.gamerule.doImmediateRespawn
[27Jun2025 03:15:29.194] [main/DEBUG] [FTB Ranks/]: command.gamerule.doImmediateRespawn.value
[27Jun2025 03:15:29.194] [main/DEBUG] [FTB Ranks/]: command.gamerule.doInsomnia
[27Jun2025 03:15:29.195] [main/DEBUG] [FTB Ranks/]: command.gamerule.doInsomnia.value
[27Jun2025 03:15:29.195] [main/DEBUG] [FTB Ranks/]: command.gamerule.doLimitedCrafting
[27Jun2025 03:15:29.197] [main/DEBUG] [FTB Ranks/]: command.gamerule.doLimitedCrafting.value
[27Jun2025 03:15:29.197] [main/DEBUG] [FTB Ranks/]: command.gamerule.doMobLoot
[27Jun2025 03:15:29.197] [main/DEBUG] [FTB Ranks/]: command.gamerule.doMobLoot.value
[27Jun2025 03:15:29.197] [main/DEBUG] [FTB Ranks/]: command.gamerule.doMobSpawning
[27Jun2025 03:15:29.197] [main/DEBUG] [FTB Ranks/]: command.gamerule.doMobSpawning.value
[27Jun2025 03:15:29.198] [main/DEBUG] [FTB Ranks/]: command.gamerule.doPatrolSpawning
[27Jun2025 03:15:29.198] [main/DEBUG] [FTB Ranks/]: command.gamerule.doPatrolSpawning.value
[27Jun2025 03:15:29.198] [main/DEBUG] [FTB Ranks/]: command.gamerule.doTileDrops
[27Jun2025 03:15:29.198] [main/DEBUG] [FTB Ranks/]: command.gamerule.doTileDrops.value
[27Jun2025 03:15:29.198] [main/DEBUG] [FTB Ranks/]: command.gamerule.doTraderSpawning
[27Jun2025 03:15:29.198] [main/DEBUG] [FTB Ranks/]: command.gamerule.doTraderSpawning.value
[27Jun2025 03:15:29.198] [main/DEBUG] [FTB Ranks/]: command.gamerule.doWeatherCycle
[27Jun2025 03:15:29.199] [main/DEBUG] [FTB Ranks/]: command.gamerule.doWeatherCycle.value
[27Jun2025 03:15:29.199] [main/DEBUG] [FTB Ranks/]: command.gamerule.drowningDamage
[27Jun2025 03:15:29.199] [main/DEBUG] [FTB Ranks/]: command.gamerule.drowningDamage.value
[27Jun2025 03:15:29.199] [main/DEBUG] [FTB Ranks/]: command.gamerule.fallDamage
[27Jun2025 03:15:29.199] [main/DEBUG] [FTB Ranks/]: command.gamerule.fallDamage.value
[27Jun2025 03:15:29.199] [main/DEBUG] [FTB Ranks/]: command.gamerule.fireDamage
[27Jun2025 03:15:29.199] [main/DEBUG] [FTB Ranks/]: command.gamerule.fireDamage.value
[27Jun2025 03:15:29.199] [main/DEBUG] [FTB Ranks/]: command.gamerule.forgiveDeadPlayers
[27Jun2025 03:15:29.199] [main/DEBUG] [FTB Ranks/]: command.gamerule.forgiveDeadPlayers.value
[27Jun2025 03:15:29.200] [main/DEBUG] [FTB Ranks/]: command.gamerule.keepInventory
[27Jun2025 03:15:29.200] [main/DEBUG] [FTB Ranks/]: command.gamerule.keepInventory.value
[27Jun2025 03:15:29.200] [main/DEBUG] [FTB Ranks/]: command.gamerule.logAdminCommands
[27Jun2025 03:15:29.200] [main/DEBUG] [FTB Ranks/]: command.gamerule.logAdminCommands.value
[27Jun2025 03:15:29.200] [main/DEBUG] [FTB Ranks/]: command.gamerule.maxCommandChainLength
[27Jun2025 03:15:29.200] [main/DEBUG] [FTB Ranks/]: command.gamerule.maxCommandChainLength.value
[27Jun2025 03:15:29.200] [main/DEBUG] [FTB Ranks/]: command.gamerule.maxEntityCramming
[27Jun2025 03:15:29.200] [main/DEBUG] [FTB Ranks/]: command.gamerule.maxEntityCramming.value
[27Jun2025 03:15:29.200] [main/DEBUG] [FTB Ranks/]: command.gamerule.mobGriefing
[27Jun2025 03:15:29.200] [main/DEBUG] [FTB Ranks/]: command.gamerule.mobGriefing.value
[27Jun2025 03:15:29.200] [main/DEBUG] [FTB Ranks/]: command.gamerule.naturalRegeneration
[27Jun2025 03:15:29.200] [main/DEBUG] [FTB Ranks/]: command.gamerule.naturalRegeneration.value
[27Jun2025 03:15:29.200] [main/DEBUG] [FTB Ranks/]: command.gamerule.randomTickSpeed
[27Jun2025 03:15:29.200] [main/DEBUG] [FTB Ranks/]: command.gamerule.randomTickSpeed.value
[27Jun2025 03:15:29.200] [main/DEBUG] [FTB Ranks/]: command.gamerule.reducedDebugInfo
[27Jun2025 03:15:29.200] [main/DEBUG] [FTB Ranks/]: command.gamerule.reducedDebugInfo.value
[27Jun2025 03:15:29.200] [main/DEBUG] [FTB Ranks/]: command.gamerule.sendCommandFeedback
[27Jun2025 03:15:29.200] [main/DEBUG] [FTB Ranks/]: command.gamerule.sendCommandFeedback.value
[27Jun2025 03:15:29.200] [main/DEBUG] [FTB Ranks/]: command.gamerule.showDeathMessages
[27Jun2025 03:15:29.200] [main/DEBUG] [FTB Ranks/]: command.gamerule.showDeathMessages.value
[27Jun2025 03:15:29.200] [main/DEBUG] [FTB Ranks/]: command.gamerule.spawnRadius
[27Jun2025 03:15:29.200] [main/DEBUG] [FTB Ranks/]: command.gamerule.spawnRadius.value
[27Jun2025 03:15:29.200] [main/DEBUG] [FTB Ranks/]: command.gamerule.spectatorsGenerateChunks
[27Jun2025 03:15:29.200] [main/DEBUG] [FTB Ranks/]: command.gamerule.spectatorsGenerateChunks.value
[27Jun2025 03:15:29.200] [main/DEBUG] [FTB Ranks/]: command.gamerule.universalAnger
[27Jun2025 03:15:29.200] [main/DEBUG] [FTB Ranks/]: command.gamerule.universalAnger.value
[27Jun2025 03:15:29.200] [main/DEBUG] [FTB Ranks/]: command.gift
[27Jun2025 03:15:29.200] [main/DEBUG] [FTB Ranks/]: command.gift.
[27Jun2025 03:15:29.200] [main/DEBUG] [FTB Ranks/]: command.give
[27Jun2025 03:15:29.200] [main/DEBUG] [FTB Ranks/]: command.give.targets
[27Jun2025 03:15:29.200] [main/DEBUG] [FTB Ranks/]: command.give.targets.item
[27Jun2025 03:15:29.200] [main/DEBUG] [FTB Ranks/]: command.give.targets.item.count
[27Jun2025 03:15:29.200] [main/DEBUG] [FTB Ranks/]: command.givemoney
[27Jun2025 03:15:29.200] [main/DEBUG] [FTB Ranks/]: command.givemoney.
[27Jun2025 03:15:29.200] [main/DEBUG] [FTB Ranks/]: command.givepixelsprite
[27Jun2025 03:15:29.200] [main/DEBUG] [FTB Ranks/]: command.givepixelsprite.
[27Jun2025 03:15:29.200] [main/DEBUG] [FTB Ranks/]: command.hatch
[27Jun2025 03:15:29.200] [main/DEBUG] [FTB Ranks/]: command.hatch.
[27Jun2025 03:15:29.200] [main/DEBUG] [FTB Ranks/]: command.help
[27Jun2025 03:15:29.200] [main/DEBUG] [FTB Ranks/]: command.help.command
[27Jun2025 03:15:29.200] [main/DEBUG] [FTB Ranks/]: command.hiddenpower
[27Jun2025 03:15:29.200] [main/DEBUG] [FTB Ranks/]: command.hiddenpower.
[27Jun2025 03:15:29.200] [main/DEBUG] [FTB Ranks/]: command.ifplayercannotredirect
[27Jun2025 03:15:29.201] [main/DEBUG] [FTB Ranks/]: command.ifplayercannotredirect.Player(s)
[27Jun2025 03:15:29.201] [main/DEBUG] [FTB Ranks/]: command.ifplayercannotredirect.Player(s).Command...
[27Jun2025 03:15:29.201] [main/DEBUG] [FTB Ranks/]: command.ifplayercanredirect
[27Jun2025 03:15:29.201] [main/DEBUG] [FTB Ranks/]: command.ifplayercanredirect.Player(s)
[27Jun2025 03:15:29.201] [main/DEBUG] [FTB Ranks/]: command.ifplayercanredirect.Player(s).Command...
[27Jun2025 03:15:29.201] [main/DEBUG] [FTB Ranks/]: command.ivs
[27Jun2025 03:15:29.201] [main/DEBUG] [FTB Ranks/]: command.ivs.
[27Jun2025 03:15:29.201] [main/DEBUG] [FTB Ranks/]: command.kick
[27Jun2025 03:15:29.201] [main/DEBUG] [FTB Ranks/]: command.kick.targets
[27Jun2025 03:15:29.201] [main/DEBUG] [FTB Ranks/]: command.kick.targets.reason
[27Jun2025 03:15:29.201] [main/DEBUG] [FTB Ranks/]: command.kill
[27Jun2025 03:15:29.201] [main/DEBUG] [FTB Ranks/]: command.kill.targets
[27Jun2025 03:15:29.201] [main/DEBUG] [FTB Ranks/]: command.learnmove
[27Jun2025 03:15:29.201] [main/DEBUG] [FTB Ranks/]: command.learnmove.
[27Jun2025 03:15:29.201] [main/DEBUG] [FTB Ranks/]: command.legendaryspawn
[27Jun2025 03:15:29.201] [main/DEBUG] [FTB Ranks/]: command.legendaryspawn.
[27Jun2025 03:15:29.201] [main/DEBUG] [FTB Ranks/]: command.level
[27Jun2025 03:15:29.201] [main/DEBUG] [FTB Ranks/]: command.level.
[27Jun2025 03:15:29.201] [main/DEBUG] [FTB Ranks/]: command.levelling
[27Jun2025 03:15:29.201] [main/DEBUG] [FTB Ranks/]: command.levelling.
[27Jun2025 03:15:29.201] [main/DEBUG] [FTB Ranks/]: command.list
[27Jun2025 03:15:29.201] [main/DEBUG] [FTB Ranks/]: command.list.uuids
[27Jun2025 03:15:29.201] [main/DEBUG] [FTB Ranks/]: command.locate
[27Jun2025 03:15:29.201] [main/DEBUG] [FTB Ranks/]: command.locate.bastion_remnant
[27Jun2025 03:15:29.201] [main/DEBUG] [FTB Ranks/]: command.locate.buried_treasure
[27Jun2025 03:15:29.201] [main/DEBUG] [FTB Ranks/]: command.locate.desert_pyramid
[27Jun2025 03:15:29.201] [main/DEBUG] [FTB Ranks/]: command.locate.endcity
[27Jun2025 03:15:29.201] [main/DEBUG] [FTB Ranks/]: command.locate.fortress
[27Jun2025 03:15:29.201] [main/DEBUG] [FTB Ranks/]: command.locate.igloo
[27Jun2025 03:15:29.201] [main/DEBUG] [FTB Ranks/]: command.locate.jungle_pyramid
[27Jun2025 03:15:29.201] [main/DEBUG] [FTB Ranks/]: command.locate.mansion
[27Jun2025 03:15:29.201] [main/DEBUG] [FTB Ranks/]: command.locate.mineshaft
[27Jun2025 03:15:29.201] [main/DEBUG] [FTB Ranks/]: command.locate.monument
[27Jun2025 03:15:29.201] [main/DEBUG] [FTB Ranks/]: command.locate.nether_fossil
[27Jun2025 03:15:29.201] [main/DEBUG] [FTB Ranks/]: command.locate.ocean_ruin
[27Jun2025 03:15:29.201] [main/DEBUG] [FTB Ranks/]: command.locate.pillager_outpost
[27Jun2025 03:15:29.201] [main/DEBUG] [FTB Ranks/]: command.locate.pixelmon:badlands_den
[27Jun2025 03:15:29.201] [main/DEBUG] [FTB Ranks/]: command.locate.pixelmon:badlands_way_point
[27Jun2025 03:15:29.201] [main/DEBUG] [FTB Ranks/]: command.locate.pixelmon:beach_den
[27Jun2025 03:15:29.201] [main/DEBUG] [FTB Ranks/]: command.locate.pixelmon:boats
[27Jun2025 03:15:29.201] [main/DEBUG] [FTB Ranks/]: command.locate.pixelmon:crater_geyser
[27Jun2025 03:15:29.201] [main/DEBUG] [FTB Ranks/]: command.locate.pixelmon:desert_den
[27Jun2025 03:15:29.201] [main/DEBUG] [FTB Ranks/]: command.locate.pixelmon:desert_way_point
[27Jun2025 03:15:29.201] [main/DEBUG] [FTB Ranks/]: command.locate.pixelmon:dos_shrine
[27Jun2025 03:15:29.201] [main/DEBUG] [FTB Ranks/]: command.locate.pixelmon:end_den
[27Jun2025 03:15:29.201] [main/DEBUG] [FTB Ranks/]: command.locate.pixelmon:forest_den
[27Jun2025 03:15:29.201] [main/DEBUG] [FTB Ranks/]: command.locate.pixelmon:forest_way_point
[27Jun2025 03:15:29.201] [main/DEBUG] [FTB Ranks/]: command.locate.pixelmon:graveyard
[27Jun2025 03:15:29.201] [main/DEBUG] [FTB Ranks/]: command.locate.pixelmon:grotto_badlands
[27Jun2025 03:15:29.201] [main/DEBUG] [FTB Ranks/]: command.locate.pixelmon:grotto_dark_forest
[27Jun2025 03:15:29.201] [main/DEBUG] [FTB Ranks/]: command.locate.pixelmon:grotto_desert
[27Jun2025 03:15:29.201] [main/DEBUG] [FTB Ranks/]: command.locate.pixelmon:grotto_end
[27Jun2025 03:15:29.201] [main/DEBUG] [FTB Ranks/]: command.locate.pixelmon:grotto_forest
[27Jun2025 03:15:29.204] [main/DEBUG] [FTB Ranks/]: command.locate.pixelmon:grotto_hills
[27Jun2025 03:15:29.204] [main/DEBUG] [FTB Ranks/]: command.locate.pixelmon:grotto_icy
[27Jun2025 03:15:29.204] [main/DEBUG] [FTB Ranks/]: command.locate.pixelmon:grotto_jungle
[27Jun2025 03:15:29.204] [main/DEBUG] [FTB Ranks/]: command.locate.pixelmon:grotto_mushroom
[27Jun2025 03:15:29.204] [main/DEBUG] [FTB Ranks/]: command.locate.pixelmon:grotto_nether
[27Jun2025 03:15:29.204] [main/DEBUG] [FTB Ranks/]: command.locate.pixelmon:grotto_oceans
[27Jun2025 03:15:29.205] [main/DEBUG] [FTB Ranks/]: command.locate.pixelmon:grotto_plains
[27Jun2025 03:15:29.205] [main/DEBUG] [FTB Ranks/]: command.locate.pixelmon:grotto_savanna
[27Jun2025 03:15:29.205] [main/DEBUG] [FTB Ranks/]: command.locate.pixelmon:grotto_swamp
[27Jun2025 03:15:29.205] [main/DEBUG] [FTB Ranks/]: command.locate.pixelmon:grotto_taiga
[27Jun2025 03:15:29.205] [main/DEBUG] [FTB Ranks/]: command.locate.pixelmon:grotto_ultra_deep_sea
[27Jun2025 03:15:29.205] [main/DEBUG] [FTB Ranks/]: command.locate.pixelmon:grotto_ultra_desert
[27Jun2025 03:15:29.205] [main/DEBUG] [FTB Ranks/]: command.locate.pixelmon:grotto_ultra_forest
[27Jun2025 03:15:29.205] [main/DEBUG] [FTB Ranks/]: command.locate.pixelmon:grotto_ultra_jungle
[27Jun2025 03:15:29.205] [main/DEBUG] [FTB Ranks/]: command.locate.pixelmon:grotto_ultra_plant
[27Jun2025 03:15:29.206] [main/DEBUG] [FTB Ranks/]: command.locate.pixelmon:gyms
[27Jun2025 03:15:29.206] [main/DEBUG] [FTB Ranks/]: command.locate.pixelmon:haunted_tower
[27Jun2025 03:15:29.206] [main/DEBUG] [FTB Ranks/]: command.locate.pixelmon:ice_den
[27Jun2025 03:15:29.206] [main/DEBUG] [FTB Ranks/]: command.locate.pixelmon:ice_way_point
[27Jun2025 03:15:29.206] [main/DEBUG] [FTB Ranks/]: command.locate.pixelmon:ilex_shrine
[27Jun2025 03:15:29.206] [main/DEBUG] [FTB Ranks/]: command.locate.pixelmon:jungle_den
[27Jun2025 03:15:29.206] [main/DEBUG] [FTB Ranks/]: command.locate.pixelmon:jungle_way_point
[27Jun2025 03:15:29.206] [main/DEBUG] [FTB Ranks/]: command.locate.pixelmon:land_chalice
[27Jun2025 03:15:29.206] [main/DEBUG] [FTB Ranks/]: command.locate.pixelmon:mountain_den
[27Jun2025 03:15:29.206] [main/DEBUG] [FTB Ranks/]: command.locate.pixelmon:mountain_way_point
[27Jun2025 03:15:29.206] [main/DEBUG] [FTB Ranks/]: command.locate.pixelmon:mushroom_den
[27Jun2025 03:15:29.206] [main/DEBUG] [FTB Ranks/]: command.locate.pixelmon:mushroom_way_point
[27Jun2025 03:15:29.206] [main/DEBUG] [FTB Ranks/]: command.locate.pixelmon:nether_den
[27Jun2025 03:15:29.206] [main/DEBUG] [FTB Ranks/]: command.locate.pixelmon:plains_den
[27Jun2025 03:15:29.206] [main/DEBUG] [FTB Ranks/]: command.locate.pixelmon:plains_way_point
[27Jun2025 03:15:29.206] [main/DEBUG] [FTB Ranks/]: command.locate.pixelmon:plasma_ship
[27Jun2025 03:15:29.206] [main/DEBUG] [FTB Ranks/]: command.locate.pixelmon:pumpkin_house
[27Jun2025 03:15:29.206] [main/DEBUG] [FTB Ranks/]: command.locate.pixelmon:savanna_way_point
[27Jun2025 03:15:29.207] [main/DEBUG] [FTB Ranks/]: command.locate.pixelmon:snow_den
[27Jun2025 03:15:29.207] [main/DEBUG] [FTB Ranks/]: command.locate.pixelmon:spear_pillar
[27Jun2025 03:15:29.207] [main/DEBUG] [FTB Ranks/]: command.locate.pixelmon:swamp_den
[27Jun2025 03:15:29.207] [main/DEBUG] [FTB Ranks/]: command.locate.pixelmon:swamp_way_point
[27Jun2025 03:15:29.207] [main/DEBUG] [FTB Ranks/]: command.locate.pixelmon:taiga_den
[27Jun2025 03:15:29.207] [main/DEBUG] [FTB Ranks/]: command.locate.pixelmon:tower_darkness
[27Jun2025 03:15:29.207] [main/DEBUG] [FTB Ranks/]: command.locate.pixelmon:tower_water
[27Jun2025 03:15:29.207] [main/DEBUG] [FTB Ranks/]: command.locate.pixelmon:tres_shrine
[27Jun2025 03:15:29.207] [main/DEBUG] [FTB Ranks/]: command.locate.pixelmon:ultra_crater_den
[27Jun2025 03:15:29.207] [main/DEBUG] [FTB Ranks/]: command.locate.pixelmon:ultra_deep_sea_den
[27Jun2025 03:15:29.207] [main/DEBUG] [FTB Ranks/]: command.locate.pixelmon:ultra_desert_deco
[27Jun2025 03:15:29.207] [main/DEBUG] [FTB Ranks/]: command.locate.pixelmon:ultra_desert_den
[27Jun2025 03:15:29.207] [main/DEBUG] [FTB Ranks/]: command.locate.pixelmon:ultra_forest_den
[27Jun2025 03:15:29.207] [main/DEBUG] [FTB Ranks/]: command.locate.pixelmon:ultra_jungle_deco
[27Jun2025 03:15:29.207] [main/DEBUG] [FTB Ranks/]: command.locate.pixelmon:ultra_jungle_den
[27Jun2025 03:15:29.207] [main/DEBUG] [FTB Ranks/]: command.locate.pixelmon:ultra_plant_den
[27Jun2025 03:15:29.207] [main/DEBUG] [FTB Ranks/]: command.locate.pixelmon:uno_shrine
[27Jun2025 03:15:29.207] [main/DEBUG] [FTB Ranks/]: command.locate.pixelmon:water_chalice
[27Jun2025 03:15:29.207] [main/DEBUG] [FTB Ranks/]: command.locate.pixelmon:water_den
[27Jun2025 03:15:29.207] [main/DEBUG] [FTB Ranks/]: command.locate.ruined_portal
[27Jun2025 03:15:29.207] [main/DEBUG] [FTB Ranks/]: command.locate.shipwreck
[27Jun2025 03:15:29.209] [main/DEBUG] [FTB Ranks/]: command.locate.stronghold
[27Jun2025 03:15:29.209] [main/DEBUG] [FTB Ranks/]: command.locate.swamp_hut
[27Jun2025 03:15:29.210] [main/DEBUG] [FTB Ranks/]: command.locate.village
[27Jun2025 03:15:29.210] [main/DEBUG] [FTB Ranks/]: command.locatebiome
[27Jun2025 03:15:29.210] [main/DEBUG] [FTB Ranks/]: command.locatebiome.biome
[27Jun2025 03:15:29.210] [main/DEBUG] [FTB Ranks/]: command.loot
[27Jun2025 03:15:29.210] [main/DEBUG] [FTB Ranks/]: command.loot.give
[27Jun2025 03:15:29.210] [main/DEBUG] [FTB Ranks/]: command.loot.give.players
[27Jun2025 03:15:29.210] [main/DEBUG] [FTB Ranks/]: command.loot.give.players.fish
[27Jun2025 03:15:29.210] [main/DEBUG] [FTB Ranks/]: command.loot.give.players.fish.loot_table
[27Jun2025 03:15:29.210] [main/DEBUG] [FTB Ranks/]: command.loot.give.players.fish.loot_table.pos
[27Jun2025 03:15:29.211] [main/DEBUG] [FTB Ranks/]: command.loot.give.players.fish.loot_table.pos.mainhand
[27Jun2025 03:15:29.211] [main/DEBUG] [FTB Ranks/]: command.loot.give.players.fish.loot_table.pos.offhand
[27Jun2025 03:15:29.212] [main/DEBUG] [FTB Ranks/]: command.loot.give.players.fish.loot_table.pos.tool
[27Jun2025 03:15:29.212] [main/DEBUG] [FTB Ranks/]: command.loot.give.players.kill
[27Jun2025 03:15:29.214] [main/DEBUG] [FTB Ranks/]: command.loot.give.players.kill.target
[27Jun2025 03:15:29.215] [main/DEBUG] [FTB Ranks/]: command.loot.give.players.loot
[27Jun2025 03:15:29.215] [main/DEBUG] [FTB Ranks/]: command.loot.give.players.loot.loot_table
[27Jun2025 03:15:29.215] [main/DEBUG] [FTB Ranks/]: command.loot.give.players.mine
[27Jun2025 03:15:29.215] [main/DEBUG] [FTB Ranks/]: command.loot.give.players.mine.pos
[27Jun2025 03:15:29.215] [main/DEBUG] [FTB Ranks/]: command.loot.give.players.mine.pos.mainhand
[27Jun2025 03:15:29.215] [main/DEBUG] [FTB Ranks/]: command.loot.give.players.mine.pos.offhand
[27Jun2025 03:15:29.215] [main/DEBUG] [FTB Ranks/]: command.loot.give.players.mine.pos.tool
[27Jun2025 03:15:29.215] [main/DEBUG] [FTB Ranks/]: command.loot.insert
[27Jun2025 03:15:29.215] [main/DEBUG] [FTB Ranks/]: command.loot.insert.targetPos
[27Jun2025 03:15:29.215] [main/DEBUG] [FTB Ranks/]: command.loot.insert.targetPos.fish
[27Jun2025 03:15:29.215] [main/DEBUG] [FTB Ranks/]: command.loot.insert.targetPos.fish.loot_table
[27Jun2025 03:15:29.215] [main/DEBUG] [FTB Ranks/]: command.loot.insert.targetPos.fish.loot_table.pos
[27Jun2025 03:15:29.215] [main/DEBUG] [FTB Ranks/]: command.loot.insert.targetPos.fish.loot_table.pos.mainhand
[27Jun2025 03:15:29.215] [main/DEBUG] [FTB Ranks/]: command.loot.insert.targetPos.fish.loot_table.pos.offhand
[27Jun2025 03:15:29.215] [main/DEBUG] [FTB Ranks/]: command.loot.insert.targetPos.fish.loot_table.pos.tool
[27Jun2025 03:15:29.215] [main/DEBUG] [FTB Ranks/]: command.loot.insert.targetPos.kill
[27Jun2025 03:15:29.215] [main/DEBUG] [FTB Ranks/]: command.loot.insert.targetPos.kill.target
[27Jun2025 03:15:29.215] [main/DEBUG] [FTB Ranks/]: command.loot.insert.targetPos.loot
[27Jun2025 03:15:29.215] [main/DEBUG] [FTB Ranks/]: command.loot.insert.targetPos.loot.loot_table
[27Jun2025 03:15:29.215] [main/DEBUG] [FTB Ranks/]: command.loot.insert.targetPos.mine
[27Jun2025 03:15:29.215] [main/DEBUG] [FTB Ranks/]: command.loot.insert.targetPos.mine.pos
[27Jun2025 03:15:29.215] [main/DEBUG] [FTB Ranks/]: command.loot.insert.targetPos.mine.pos.mainhand
[27Jun2025 03:15:29.216] [main/DEBUG] [FTB Ranks/]: command.loot.insert.targetPos.mine.pos.offhand
[27Jun2025 03:15:29.216] [main/DEBUG] [FTB Ranks/]: command.loot.insert.targetPos.mine.pos.tool
[27Jun2025 03:15:29.216] [main/DEBUG] [FTB Ranks/]: command.loot.replace
[27Jun2025 03:15:29.216] [main/DEBUG] [FTB Ranks/]: command.loot.replace.block
[27Jun2025 03:15:29.216] [main/DEBUG] [FTB Ranks/]: command.loot.replace.block.targetPos
[27Jun2025 03:15:29.216] [main/DEBUG] [FTB Ranks/]: command.loot.replace.block.targetPos.slot
[27Jun2025 03:15:29.216] [main/DEBUG] [FTB Ranks/]: command.loot.replace.block.targetPos.slot.fish
[27Jun2025 03:15:29.216] [main/DEBUG] [FTB Ranks/]: command.loot.replace.block.targetPos.slot.fish.loot_table
[27Jun2025 03:15:29.216] [main/DEBUG] [FTB Ranks/]: command.loot.replace.block.targetPos.slot.fish.loot_table.pos
[27Jun2025 03:15:29.216] [main/DEBUG] [FTB Ranks/]: command.loot.replace.block.targetPos.slot.fish.loot_table.pos.mainhand
[27Jun2025 03:15:29.216] [main/DEBUG] [FTB Ranks/]: command.loot.replace.block.targetPos.slot.fish.loot_table.pos.offhand
[27Jun2025 03:15:29.216] [main/DEBUG] [FTB Ranks/]: command.loot.replace.block.targetPos.slot.fish.loot_table.pos.tool
[27Jun2025 03:15:29.216] [main/DEBUG] [FTB Ranks/]: command.loot.replace.block.targetPos.slot.kill
[27Jun2025 03:15:29.216] [main/DEBUG] [FTB Ranks/]: command.loot.replace.block.targetPos.slot.kill.target
[27Jun2025 03:15:29.216] [main/DEBUG] [FTB Ranks/]: command.loot.replace.block.targetPos.slot.loot
[27Jun2025 03:15:29.216] [main/DEBUG] [FTB Ranks/]: command.loot.replace.block.targetPos.slot.loot.loot_table
[27Jun2025 03:15:29.219] [main/DEBUG] [FTB Ranks/]: command.loot.replace.block.targetPos.slot.mine
[27Jun2025 03:15:29.221] [main/DEBUG] [FTB Ranks/]: command.loot.replace.block.targetPos.slot.mine.pos
[27Jun2025 03:15:29.222] [main/DEBUG] [FTB Ranks/]: command.loot.replace.block.targetPos.slot.mine.pos.mainhand
[27Jun2025 03:15:29.222] [main/DEBUG] [FTB Ranks/]: command.loot.replace.block.targetPos.slot.mine.pos.offhand
[27Jun2025 03:15:29.222] [main/DEBUG] [FTB Ranks/]: command.loot.replace.block.targetPos.slot.mine.pos.tool
[27Jun2025 03:15:29.222] [main/DEBUG] [FTB Ranks/]: command.loot.replace.block.targetPos.slot.count
[27Jun2025 03:15:29.222] [main/DEBUG] [FTB Ranks/]: command.loot.replace.block.targetPos.slot.count.fish
[27Jun2025 03:15:29.222] [main/DEBUG] [FTB Ranks/]: command.loot.replace.block.targetPos.slot.count.fish.loot_table
[27Jun2025 03:15:29.225] [main/DEBUG] [FTB Ranks/]: command.loot.replace.block.targetPos.slot.count.fish.loot_table.pos
[27Jun2025 03:15:29.226] [main/DEBUG] [FTB Ranks/]: command.loot.replace.block.targetPos.slot.count.fish.loot_table.pos.mainhand
[27Jun2025 03:15:29.226] [main/DEBUG] [FTB Ranks/]: command.loot.replace.block.targetPos.slot.count.fish.loot_table.pos.offhand
[27Jun2025 03:15:29.226] [main/DEBUG] [FTB Ranks/]: command.loot.replace.block.targetPos.slot.count.fish.loot_table.pos.tool
[27Jun2025 03:15:29.226] [main/DEBUG] [FTB Ranks/]: command.loot.replace.block.targetPos.slot.count.kill
[27Jun2025 03:15:29.226] [main/DEBUG] [FTB Ranks/]: command.loot.replace.block.targetPos.slot.count.kill.target
[27Jun2025 03:15:29.226] [main/DEBUG] [FTB Ranks/]: command.loot.replace.block.targetPos.slot.count.loot
[27Jun2025 03:15:29.226] [main/DEBUG] [FTB Ranks/]: command.loot.replace.block.targetPos.slot.count.loot.loot_table
[27Jun2025 03:15:29.226] [main/DEBUG] [FTB Ranks/]: command.loot.replace.block.targetPos.slot.count.mine
[27Jun2025 03:15:29.229] [main/DEBUG] [FTB Ranks/]: command.loot.replace.block.targetPos.slot.count.mine.pos
[27Jun2025 03:15:29.230] [main/DEBUG] [FTB Ranks/]: command.loot.replace.block.targetPos.slot.count.mine.pos.mainhand
[27Jun2025 03:15:29.230] [main/DEBUG] [FTB Ranks/]: command.loot.replace.block.targetPos.slot.count.mine.pos.offhand
[27Jun2025 03:15:29.230] [main/DEBUG] [FTB Ranks/]: command.loot.replace.block.targetPos.slot.count.mine.pos.tool
[27Jun2025 03:15:29.230] [main/DEBUG] [FTB Ranks/]: command.loot.replace.entity
[27Jun2025 03:15:29.230] [main/DEBUG] [FTB Ranks/]: command.loot.replace.entity.entities
[27Jun2025 03:15:29.230] [main/DEBUG] [FTB Ranks/]: command.loot.replace.entity.entities.slot
[27Jun2025 03:15:29.230] [main/DEBUG] [FTB Ranks/]: command.loot.replace.entity.entities.slot.fish
[27Jun2025 03:15:29.230] [main/DEBUG] [FTB Ranks/]: command.loot.replace.entity.entities.slot.fish.loot_table
[27Jun2025 03:15:29.230] [main/DEBUG] [FTB Ranks/]: command.loot.replace.entity.entities.slot.fish.loot_table.pos
[27Jun2025 03:15:29.230] [main/DEBUG] [FTB Ranks/]: command.loot.replace.entity.entities.slot.fish.loot_table.pos.mainhand
[27Jun2025 03:15:29.230] [main/DEBUG] [FTB Ranks/]: command.loot.replace.entity.entities.slot.fish.loot_table.pos.offhand
[27Jun2025 03:15:29.231] [main/DEBUG] [FTB Ranks/]: command.loot.replace.entity.entities.slot.fish.loot_table.pos.tool
[27Jun2025 03:15:29.231] [main/DEBUG] [FTB Ranks/]: command.loot.replace.entity.entities.slot.kill
[27Jun2025 03:15:29.231] [main/DEBUG] [FTB Ranks/]: command.loot.replace.entity.entities.slot.kill.target
[27Jun2025 03:15:29.231] [main/DEBUG] [FTB Ranks/]: command.loot.replace.entity.entities.slot.loot
[27Jun2025 03:15:29.231] [main/DEBUG] [FTB Ranks/]: command.loot.replace.entity.entities.slot.loot.loot_table
[27Jun2025 03:15:29.231] [main/DEBUG] [FTB Ranks/]: command.loot.replace.entity.entities.slot.mine
[27Jun2025 03:15:29.231] [main/DEBUG] [FTB Ranks/]: command.loot.replace.entity.entities.slot.mine.pos
[27Jun2025 03:15:29.232] [main/DEBUG] [FTB Ranks/]: command.loot.replace.entity.entities.slot.mine.pos.mainhand
[27Jun2025 03:15:29.232] [main/DEBUG] [FTB Ranks/]: command.loot.replace.entity.entities.slot.mine.pos.offhand
[27Jun2025 03:15:29.232] [main/DEBUG] [FTB Ranks/]: command.loot.replace.entity.entities.slot.mine.pos.tool
[27Jun2025 03:15:29.232] [main/DEBUG] [FTB Ranks/]: command.loot.replace.entity.entities.slot.count
[27Jun2025 03:15:29.232] [main/DEBUG] [FTB Ranks/]: command.loot.replace.entity.entities.slot.count.fish
[27Jun2025 03:15:29.232] [main/DEBUG] [FTB Ranks/]: command.loot.replace.entity.entities.slot.count.fish.loot_table
[27Jun2025 03:15:29.232] [main/DEBUG] [FTB Ranks/]: command.loot.replace.entity.entities.slot.count.fish.loot_table.pos
[27Jun2025 03:15:29.232] [main/DEBUG] [FTB Ranks/]: command.loot.replace.entity.entities.slot.count.fish.loot_table.pos.mainhand
[27Jun2025 03:15:29.232] [main/DEBUG] [FTB Ranks/]: command.loot.replace.entity.entities.slot.count.fish.loot_table.pos.offhand
[27Jun2025 03:15:29.232] [main/DEBUG] [FTB Ranks/]: command.loot.replace.entity.entities.slot.count.fish.loot_table.pos.tool
[27Jun2025 03:15:29.232] [main/DEBUG] [FTB Ranks/]: command.loot.replace.entity.entities.slot.count.kill
[27Jun2025 03:15:29.232] [main/DEBUG] [FTB Ranks/]: command.loot.replace.entity.entities.slot.count.kill.target
[27Jun2025 03:15:29.232] [main/DEBUG] [FTB Ranks/]: command.loot.replace.entity.entities.slot.count.loot
[27Jun2025 03:15:29.232] [main/DEBUG] [FTB Ranks/]: command.loot.replace.entity.entities.slot.count.loot.loot_table
[27Jun2025 03:15:29.232] [main/DEBUG] [FTB Ranks/]: command.loot.replace.entity.entities.slot.count.mine
[27Jun2025 03:15:29.232] [main/DEBUG] [FTB Ranks/]: command.loot.replace.entity.entities.slot.count.mine.pos
[27Jun2025 03:15:29.232] [main/DEBUG] [FTB Ranks/]: command.loot.replace.entity.entities.slot.count.mine.pos.mainhand
[27Jun2025 03:15:29.232] [main/DEBUG] [FTB Ranks/]: command.loot.replace.entity.entities.slot.count.mine.pos.offhand
[27Jun2025 03:15:29.232] [main/DEBUG] [FTB Ranks/]: command.loot.replace.entity.entities.slot.count.mine.pos.tool
[27Jun2025 03:15:29.232] [main/DEBUG] [FTB Ranks/]: command.loot.spawn
[27Jun2025 03:15:29.232] [main/DEBUG] [FTB Ranks/]: command.loot.spawn.targetPos
[27Jun2025 03:15:29.232] [main/DEBUG] [FTB Ranks/]: command.loot.spawn.targetPos.fish
[27Jun2025 03:15:29.232] [main/DEBUG] [FTB Ranks/]: command.loot.spawn.targetPos.fish.loot_table
[27Jun2025 03:15:29.232] [main/DEBUG] [FTB Ranks/]: command.loot.spawn.targetPos.fish.loot_table.pos
[27Jun2025 03:15:29.232] [main/DEBUG] [FTB Ranks/]: command.loot.spawn.targetPos.fish.loot_table.pos.mainhand
[27Jun2025 03:15:29.232] [main/DEBUG] [FTB Ranks/]: command.loot.spawn.targetPos.fish.loot_table.pos.offhand
[27Jun2025 03:15:29.232] [main/DEBUG] [FTB Ranks/]: command.loot.spawn.targetPos.fish.loot_table.pos.tool
[27Jun2025 03:15:29.232] [main/DEBUG] [FTB Ranks/]: command.loot.spawn.targetPos.kill
[27Jun2025 03:15:29.232] [main/DEBUG] [FTB Ranks/]: command.loot.spawn.targetPos.kill.target
[27Jun2025 03:15:29.232] [main/DEBUG] [FTB Ranks/]: command.loot.spawn.targetPos.loot
[27Jun2025 03:15:29.232] [main/DEBUG] [FTB Ranks/]: command.loot.spawn.targetPos.loot.loot_table
[27Jun2025 03:15:29.232] [main/DEBUG] [FTB Ranks/]: command.loot.spawn.targetPos.mine
[27Jun2025 03:15:29.232] [main/DEBUG] [FTB Ranks/]: command.loot.spawn.targetPos.mine.pos
[27Jun2025 03:15:29.232] [main/DEBUG] [FTB Ranks/]: command.loot.spawn.targetPos.mine.pos.mainhand
[27Jun2025 03:15:29.232] [main/DEBUG] [FTB Ranks/]: command.loot.spawn.targetPos.mine.pos.offhand
[27Jun2025 03:15:29.233] [main/DEBUG] [FTB Ranks/]: command.loot.spawn.targetPos.mine.pos.tool
[27Jun2025 03:15:29.233] [main/DEBUG] [FTB Ranks/]: command.markcharm
[27Jun2025 03:15:29.233] [main/DEBUG] [FTB Ranks/]: command.markcharm.
[27Jun2025 03:15:29.233] [main/DEBUG] [FTB Ranks/]: command.me
[27Jun2025 03:15:29.233] [main/DEBUG] [FTB Ranks/]: command.me.action
[27Jun2025 03:15:29.233] [main/DEBUG] [FTB Ranks/]: command.megaring
[27Jun2025 03:15:29.233] [main/DEBUG] [FTB Ranks/]: command.megaring.
[27Jun2025 03:15:29.233] [main/DEBUG] [FTB Ranks/]: command.movelist
[27Jun2025 03:15:29.233] [main/DEBUG] [FTB Ranks/]: command.movelist.
[27Jun2025 03:15:29.233] [main/DEBUG] [FTB Ranks/]: command.msg
[27Jun2025 03:15:29.233] [main/DEBUG] [FTB Ranks/]: command.msg.targets
[27Jun2025 03:15:29.233] [main/DEBUG] [FTB Ranks/]: command.msg.targets.message
[27Jun2025 03:15:29.233] [main/DEBUG] [FTB Ranks/]: command.npckill
[27Jun2025 03:15:29.233] [main/DEBUG] [FTB Ranks/]: command.npckill.
[27Jun2025 03:15:29.233] [main/DEBUG] [FTB Ranks/]: command.npkill
[27Jun2025 03:15:29.233] [main/DEBUG] [FTB Ranks/]: command.npkill.
[27Jun2025 03:15:29.233] [main/DEBUG] [FTB Ranks/]: command.op
[27Jun2025 03:15:29.233] [main/DEBUG] [FTB Ranks/]: command.op.targets
[27Jun2025 03:15:29.233] [main/DEBUG] [FTB Ranks/]: command.ovalcharm
[27Jun2025 03:15:29.233] [main/DEBUG] [FTB Ranks/]: command.ovalcharm.
[27Jun2025 03:15:29.233] [main/DEBUG] [FTB Ranks/]: command.pardon
[27Jun2025 03:15:29.233] [main/DEBUG] [FTB Ranks/]: command.pardon.targets
[27Jun2025 03:15:29.233] [main/DEBUG] [FTB Ranks/]: command.pardon-ip
[27Jun2025 03:15:29.233] [main/DEBUG] [FTB Ranks/]: command.pardon-ip.target
[27Jun2025 03:15:29.233] [main/DEBUG] [FTB Ranks/]: command.particle
[27Jun2025 03:15:29.233] [main/DEBUG] [FTB Ranks/]: command.particle.name
[27Jun2025 03:15:29.233] [main/DEBUG] [FTB Ranks/]: command.particle.name.pos
[27Jun2025 03:15:29.233] [main/DEBUG] [FTB Ranks/]: command.particle.name.pos.delta
[27Jun2025 03:15:29.233] [main/DEBUG] [FTB Ranks/]: command.particle.name.pos.delta.speed
[27Jun2025 03:15:29.233] [main/DEBUG] [FTB Ranks/]: command.particle.name.pos.delta.speed.count
[27Jun2025 03:15:29.240] [main/DEBUG] [FTB Ranks/]: command.particle.name.pos.delta.speed.count.force
[27Jun2025 03:15:29.241] [main/DEBUG] [FTB Ranks/]: command.particle.name.pos.delta.speed.count.force.viewers
[27Jun2025 03:15:29.241] [main/DEBUG] [FTB Ranks/]: command.particle.name.pos.delta.speed.count.normal
[27Jun2025 03:15:29.241] [main/DEBUG] [FTB Ranks/]: command.particle.name.pos.delta.speed.count.normal.viewers
[27Jun2025 03:15:29.241] [main/DEBUG] [FTB Ranks/]: command.pc
[27Jun2025 03:15:29.243] [main/DEBUG] [FTB Ranks/]: command.pc.
[27Jun2025 03:15:29.244] [main/DEBUG] [FTB Ranks/]: command.pcedit
[27Jun2025 03:15:29.244] [main/DEBUG] [FTB Ranks/]: command.pcedit.
[27Jun2025 03:15:29.244] [main/DEBUG] [FTB Ranks/]: command.pcompsearch
[27Jun2025 03:15:29.244] [main/DEBUG] [FTB Ranks/]: command.pcompsearch.
[27Jun2025 03:15:29.244] [main/DEBUG] [FTB Ranks/]: command.pcompsee
[27Jun2025 03:15:29.244] [main/DEBUG] [FTB Ranks/]: command.pcompsee.
[27Jun2025 03:15:29.246] [main/DEBUG] [FTB Ranks/]: command.pctake
[27Jun2025 03:15:29.246] [main/DEBUG] [FTB Ranks/]: command.pctake.
[27Jun2025 03:15:29.246] [main/DEBUG] [FTB Ranks/]: command.pevolve
[27Jun2025 03:15:29.247] [main/DEBUG] [FTB Ranks/]: command.pevolve.
[27Jun2025 03:15:29.247] [main/DEBUG] [FTB Ranks/]: command.pgift
[27Jun2025 03:15:29.248] [main/DEBUG] [FTB Ranks/]: command.pgift.
[27Jun2025 03:15:29.249] [main/DEBUG] [FTB Ranks/]: command.phatch
[27Jun2025 03:15:29.249] [main/DEBUG] [FTB Ranks/]: command.phatch.
[27Jun2025 03:15:29.249] [main/DEBUG] [FTB Ranks/]: command.pkill
[27Jun2025 03:15:29.249] [main/DEBUG] [FTB Ranks/]: command.pkill.
[27Jun2025 03:15:29.249] [main/DEBUG] [FTB Ranks/]: command.playsound
[27Jun2025 03:15:29.249] [main/DEBUG] [FTB Ranks/]: command.playsound.sound
[27Jun2025 03:15:29.249] [main/DEBUG] [FTB Ranks/]: command.playsound.sound.ambient
[27Jun2025 03:15:29.249] [main/DEBUG] [FTB Ranks/]: command.playsound.sound.ambient.targets
[27Jun2025 03:15:29.253] [main/DEBUG] [FTB Ranks/]: command.playsound.sound.ambient.targets.pos
[27Jun2025 03:15:29.253] [main/DEBUG] [FTB Ranks/]: command.playsound.sound.ambient.targets.pos.volume
[27Jun2025 03:15:29.253] [main/DEBUG] [FTB Ranks/]: command.playsound.sound.ambient.targets.pos.volume.pitch
[27Jun2025 03:15:29.253] [main/DEBUG] [FTB Ranks/]: command.playsound.sound.ambient.targets.pos.volume.pitch.minVolume
[27Jun2025 03:15:29.253] [main/DEBUG] [FTB Ranks/]: command.playsound.sound.block
[27Jun2025 03:15:29.253] [main/DEBUG] [FTB Ranks/]: command.playsound.sound.block.targets
[27Jun2025 03:15:29.253] [main/DEBUG] [FTB Ranks/]: command.playsound.sound.block.targets.pos
[27Jun2025 03:15:29.253] [main/DEBUG] [FTB Ranks/]: command.playsound.sound.block.targets.pos.volume
[27Jun2025 03:15:29.253] [main/DEBUG] [FTB Ranks/]: command.playsound.sound.block.targets.pos.volume.pitch
[27Jun2025 03:15:29.253] [main/DEBUG] [FTB Ranks/]: command.playsound.sound.block.targets.pos.volume.pitch.minVolume
[27Jun2025 03:15:29.253] [main/DEBUG] [FTB Ranks/]: command.playsound.sound.hostile
[27Jun2025 03:15:29.253] [main/DEBUG] [FTB Ranks/]: command.playsound.sound.hostile.targets
[27Jun2025 03:15:29.253] [main/DEBUG] [FTB Ranks/]: command.playsound.sound.hostile.targets.pos
[27Jun2025 03:15:29.253] [main/DEBUG] [FTB Ranks/]: command.playsound.sound.hostile.targets.pos.volume
[27Jun2025 03:15:29.253] [main/DEBUG] [FTB Ranks/]: command.playsound.sound.hostile.targets.pos.volume.pitch
[27Jun2025 03:15:29.253] [main/DEBUG] [FTB Ranks/]: command.playsound.sound.hostile.targets.pos.volume.pitch.minVolume
[27Jun2025 03:15:29.253] [main/DEBUG] [FTB Ranks/]: command.playsound.sound.master
[27Jun2025 03:15:29.253] [main/DEBUG] [FTB Ranks/]: command.playsound.sound.master.targets
[27Jun2025 03:15:29.253] [main/DEBUG] [FTB Ranks/]: command.playsound.sound.master.targets.pos
[27Jun2025 03:15:29.253] [main/DEBUG] [FTB Ranks/]: command.playsound.sound.master.targets.pos.volume
[27Jun2025 03:15:29.254] [main/DEBUG] [FTB Ranks/]: command.playsound.sound.master.targets.pos.volume.pitch
[27Jun2025 03:15:29.254] [main/DEBUG] [FTB Ranks/]: command.playsound.sound.master.targets.pos.volume.pitch.minVolume
[27Jun2025 03:15:29.254] [main/DEBUG] [FTB Ranks/]: command.playsound.sound.music
[27Jun2025 03:15:29.254] [main/DEBUG] [FTB Ranks/]: command.playsound.sound.music.targets
[27Jun2025 03:15:29.255] [main/DEBUG] [FTB Ranks/]: command.playsound.sound.music.targets.pos
[27Jun2025 03:15:29.256] [main/DEBUG] [FTB Ranks/]: command.playsound.sound.music.targets.pos.volume
[27Jun2025 03:15:29.256] [main/DEBUG] [FTB Ranks/]: command.playsound.sound.music.targets.pos.volume.pitch
[27Jun2025 03:15:29.256] [main/DEBUG] [FTB Ranks/]: command.playsound.sound.music.targets.pos.volume.pitch.minVolume
[27Jun2025 03:15:29.256] [main/DEBUG] [FTB Ranks/]: command.playsound.sound.neutral
[27Jun2025 03:15:29.256] [main/DEBUG] [FTB Ranks/]: command.playsound.sound.neutral.targets
[27Jun2025 03:15:29.256] [main/DEBUG] [FTB Ranks/]: command.playsound.sound.neutral.targets.pos
[27Jun2025 03:15:29.256] [main/DEBUG] [FTB Ranks/]: command.playsound.sound.neutral.targets.pos.volume
[27Jun2025 03:15:29.256] [main/DEBUG] [FTB Ranks/]: command.playsound.sound.neutral.targets.pos.volume.pitch
[27Jun2025 03:15:29.256] [main/DEBUG] [FTB Ranks/]: command.playsound.sound.neutral.targets.pos.volume.pitch.minVolume
[27Jun2025 03:15:29.257] [main/DEBUG] [FTB Ranks/]: command.playsound.sound.player
[27Jun2025 03:15:29.257] [main/DEBUG] [FTB Ranks/]: command.playsound.sound.player.targets
[27Jun2025 03:15:29.257] [main/DEBUG] [FTB Ranks/]: command.playsound.sound.player.targets.pos
[27Jun2025 03:15:29.257] [main/DEBUG] [FTB Ranks/]: command.playsound.sound.player.targets.pos.volume
[27Jun2025 03:15:29.257] [main/DEBUG] [FTB Ranks/]: command.playsound.sound.player.targets.pos.volume.pitch
[27Jun2025 03:15:29.257] [main/DEBUG] [FTB Ranks/]: command.playsound.sound.player.targets.pos.volume.pitch.minVolume
[27Jun2025 03:15:29.257] [main/DEBUG] [FTB Ranks/]: command.playsound.sound.record
[27Jun2025 03:15:29.258] [main/DEBUG] [FTB Ranks/]: command.playsound.sound.record.targets
[27Jun2025 03:15:29.258] [main/DEBUG] [FTB Ranks/]: command.playsound.sound.record.targets.pos
[27Jun2025 03:15:29.258] [main/DEBUG] [FTB Ranks/]: command.playsound.sound.record.targets.pos.volume
[27Jun2025 03:15:29.258] [main/DEBUG] [FTB Ranks/]: command.playsound.sound.record.targets.pos.volume.pitch
[27Jun2025 03:15:29.258] [main/DEBUG] [FTB Ranks/]: command.playsound.sound.record.targets.pos.volume.pitch.minVolume
[27Jun2025 03:15:29.258] [main/DEBUG] [FTB Ranks/]: command.playsound.sound.voice
[27Jun2025 03:15:29.258] [main/DEBUG] [FTB Ranks/]: command.playsound.sound.voice.targets
[27Jun2025 03:15:29.258] [main/DEBUG] [FTB Ranks/]: command.playsound.sound.voice.targets.pos
[27Jun2025 03:15:29.258] [main/DEBUG] [FTB Ranks/]: command.playsound.sound.voice.targets.pos.volume
[27Jun2025 03:15:29.259] [main/DEBUG] [FTB Ranks/]: command.playsound.sound.voice.targets.pos.volume.pitch
[27Jun2025 03:15:29.259] [main/DEBUG] [FTB Ranks/]: command.playsound.sound.voice.targets.pos.volume.pitch.minVolume
[27Jun2025 03:15:29.266] [main/DEBUG] [FTB Ranks/]: command.playsound.sound.weather
[27Jun2025 03:15:29.266] [main/DEBUG] [FTB Ranks/]: command.playsound.sound.weather.targets
[27Jun2025 03:15:29.266] [main/DEBUG] [FTB Ranks/]: command.playsound.sound.weather.targets.pos
[27Jun2025 03:15:29.266] [main/DEBUG] [FTB Ranks/]: command.playsound.sound.weather.targets.pos.volume
[27Jun2025 03:15:29.266] [main/DEBUG] [FTB Ranks/]: command.playsound.sound.weather.targets.pos.volume.pitch
[27Jun2025 03:15:29.266] [main/DEBUG] [FTB Ranks/]: command.playsound.sound.weather.targets.pos.volume.pitch.minVolume
[27Jun2025 03:15:29.266] [main/DEBUG] [FTB Ranks/]: command.plevel
[27Jun2025 03:15:29.266] [main/DEBUG] [FTB Ranks/]: command.plevel.
[27Jun2025 03:15:29.266] [main/DEBUG] [FTB Ranks/]: command.plevelling
[27Jun2025 03:15:29.266] [main/DEBUG] [FTB Ranks/]: command.plevelling.
[27Jun2025 03:15:29.266] [main/DEBUG] [FTB Ranks/]: command.pokebattle
[27Jun2025 03:15:29.266] [main/DEBUG] [FTB Ranks/]: command.pokebattle.
[27Jun2025 03:15:29.266] [main/DEBUG] [FTB Ranks/]: command.pokebomb
[27Jun2025 03:15:29.266] [main/DEBUG] [FTB Ranks/]: command.pokebomb.
[27Jun2025 03:15:29.266] [main/DEBUG] [FTB Ranks/]: command.pokeclone
[27Jun2025 03:15:29.266] [main/DEBUG] [FTB Ranks/]: command.pokeclone.
[27Jun2025 03:15:29.266] [main/DEBUG] [FTB Ranks/]: command.pokecolor
[27Jun2025 03:15:29.266] [main/DEBUG] [FTB Ranks/]: command.pokecolor.
[27Jun2025 03:15:29.266] [main/DEBUG] [FTB Ranks/]: command.pokecompsearch
[27Jun2025 03:15:29.266] [main/DEBUG] [FTB Ranks/]: command.pokecompsearch.
[27Jun2025 03:15:29.266] [main/DEBUG] [FTB Ranks/]: command.pokecompsee
[27Jun2025 03:15:29.266] [main/DEBUG] [FTB Ranks/]: command.pokecompsee.
[27Jun2025 03:15:29.266] [main/DEBUG] [FTB Ranks/]: command.pokedel
[27Jun2025 03:15:29.266] [main/DEBUG] [FTB Ranks/]: command.pokedel.
[27Jun2025 03:15:29.266] [main/DEBUG] [FTB Ranks/]: command.pokeedit
[27Jun2025 03:15:29.266] [main/DEBUG] [FTB Ranks/]: command.pokeedit.
[27Jun2025 03:15:29.266] [main/DEBUG] [FTB Ranks/]: command.pokeevolve
[27Jun2025 03:15:29.266] [main/DEBUG] [FTB Ranks/]: command.pokeevolve.
[27Jun2025 03:15:29.266] [main/DEBUG] [FTB Ranks/]: command.pokefaint
[27Jun2025 03:15:29.266] [main/DEBUG] [FTB Ranks/]: command.pokefaint.
[27Jun2025 03:15:29.266] [main/DEBUG] [FTB Ranks/]: command.pokegift
[27Jun2025 03:15:29.266] [main/DEBUG] [FTB Ranks/]: command.pokegift.
[27Jun2025 03:15:29.266] [main/DEBUG] [FTB Ranks/]: command.pokegive
[27Jun2025 03:15:29.266] [main/DEBUG] [FTB Ranks/]: command.pokegive.
[27Jun2025 03:15:29.266] [main/DEBUG] [FTB Ranks/]: command.pokehatch
[27Jun2025 03:15:29.266] [main/DEBUG] [FTB Ranks/]: command.pokehatch.
[27Jun2025 03:15:29.266] [main/DEBUG] [FTB Ranks/]: command.pokeheal
[27Jun2025 03:15:29.266] [main/DEBUG] [FTB Ranks/]: command.pokeheal.
[27Jun2025 03:15:29.266] [main/DEBUG] [FTB Ranks/]: command.pokekill
[27Jun2025 03:15:29.267] [main/DEBUG] [FTB Ranks/]: command.pokekill.
[27Jun2025 03:15:29.267] [main/DEBUG] [FTB Ranks/]: command.pokepc
[27Jun2025 03:15:29.267] [main/DEBUG] [FTB Ranks/]: command.pokepc.
[27Jun2025 03:15:29.267] [main/DEBUG] [FTB Ranks/]: command.pokereset
[27Jun2025 03:15:29.267] [main/DEBUG] [FTB Ranks/]: command.pokereset.
[27Jun2025 03:15:29.267] [main/DEBUG] [FTB Ranks/]: command.pokerestart
[27Jun2025 03:15:29.267] [main/DEBUG] [FTB Ranks/]: command.pokerestart.
[27Jun2025 03:15:29.267] [main/DEBUG] [FTB Ranks/]: command.pokeretrieve
[27Jun2025 03:15:29.267] [main/DEBUG] [FTB Ranks/]: command.pokeretrieve.
[27Jun2025 03:15:29.267] [main/DEBUG] [FTB Ranks/]: command.pokesee
[27Jun2025 03:15:29.267] [main/DEBUG] [FTB Ranks/]: command.pokesee.
[27Jun2025 03:15:29.267] [main/DEBUG] [FTB Ranks/]: command.pokesell
[27Jun2025 03:15:29.267] [main/DEBUG] [FTB Ranks/]: command.pokesell.
[27Jun2025 03:15:29.267] [main/DEBUG] [FTB Ranks/]: command.pokespawn
[27Jun2025 03:15:29.267] [main/DEBUG] [FTB Ranks/]: command.pokespawn.
[27Jun2025 03:15:29.267] [main/DEBUG] [FTB Ranks/]: command.pokestats
[27Jun2025 03:15:29.267] [main/DEBUG] [FTB Ranks/]: command.pokestats.
[27Jun2025 03:15:29.267] [main/DEBUG] [FTB Ranks/]: command.poketake
[27Jun2025 03:15:29.267] [main/DEBUG] [FTB Ranks/]: command.poketake.
[27Jun2025 03:15:29.267] [main/DEBUG] [FTB Ranks/]: command.poketest
[27Jun2025 03:15:29.267] [main/DEBUG] [FTB Ranks/]: command.poketest.
[27Jun2025 03:15:29.267] [main/DEBUG] [FTB Ranks/]: command.ppc
[27Jun2025 03:15:29.267] [main/DEBUG] [FTB Ranks/]: command.ppc.
[27Jun2025 03:15:29.267] [main/DEBUG] [FTB Ranks/]: command.preset
[27Jun2025 03:15:29.267] [main/DEBUG] [FTB Ranks/]: command.preset.
[27Jun2025 03:15:29.267] [main/DEBUG] [FTB Ranks/]: command.prestart
[27Jun2025 03:15:29.267] [main/DEBUG] [FTB Ranks/]: command.prestart.
[27Jun2025 03:15:29.267] [main/DEBUG] [FTB Ranks/]: command.pretrieve
[27Jun2025 03:15:29.267] [main/DEBUG] [FTB Ranks/]: command.pretrieve.
[27Jun2025 03:15:29.267] [main/DEBUG] [FTB Ranks/]: command.psell
[27Jun2025 03:15:29.267] [main/DEBUG] [FTB Ranks/]: command.psell.
[27Jun2025 03:15:29.267] [main/DEBUG] [FTB Ranks/]: command.pstarter
[27Jun2025 03:15:29.267] [main/DEBUG] [FTB Ranks/]: command.pstarter.
[27Jun2025 03:15:29.267] [main/DEBUG] [FTB Ranks/]: command.questdata
[27Jun2025 03:15:29.267] [main/DEBUG] [FTB Ranks/]: command.questdata.
[27Jun2025 03:15:29.267] [main/DEBUG] [FTB Ranks/]: command.recipe
[27Jun2025 03:15:29.267] [main/DEBUG] [FTB Ranks/]: command.recipe.give
[27Jun2025 03:15:29.267] [main/DEBUG] [FTB Ranks/]: command.recipe.give.targets
[27Jun2025 03:15:29.267] [main/DEBUG] [FTB Ranks/]: command.recipe.give.targets.all
[27Jun2025 03:15:29.267] [main/DEBUG] [FTB Ranks/]: command.recipe.give.targets.recipe
[27Jun2025 03:15:29.267] [main/DEBUG] [FTB Ranks/]: command.recipe.take
[27Jun2025 03:15:29.267] [main/DEBUG] [FTB Ranks/]: command.recipe.take.targets
[27Jun2025 03:15:29.267] [main/DEBUG] [FTB Ranks/]: command.recipe.take.targets.all
[27Jun2025 03:15:29.267] [main/DEBUG] [FTB Ranks/]: command.recipe.take.targets.recipe
[27Jun2025 03:15:29.267] [main/DEBUG] [FTB Ranks/]: command.redeemfossil
[27Jun2025 03:15:29.267] [main/DEBUG] [FTB Ranks/]: command.redeemfossil.
[27Jun2025 03:15:29.267] [main/DEBUG] [FTB Ranks/]: command.redirect
[27Jun2025 03:15:29.267] [main/DEBUG] [FTB Ranks/]: command.reload
[27Jun2025 03:15:29.267] [main/DEBUG] [FTB Ranks/]: command.reloadmoveanimation
[27Jun2025 03:15:29.268] [main/DEBUG] [FTB Ranks/]: command.reloadmoveanimation.
[27Jun2025 03:15:29.268] [main/DEBUG] [FTB Ranks/]: command.reloadmoveanimations
[27Jun2025 03:15:29.268] [main/DEBUG] [FTB Ranks/]: command.reloadmoveanimations.
[27Jun2025 03:15:29.268] [main/DEBUG] [FTB Ranks/]: command.reloadquests
[27Jun2025 03:15:29.268] [main/DEBUG] [FTB Ranks/]: command.reloadquests.
[27Jun2025 03:15:29.268] [main/DEBUG] [FTB Ranks/]: command.replaceitem
[27Jun2025 03:15:29.268] [main/DEBUG] [FTB Ranks/]: command.replaceitem.block
[27Jun2025 03:15:29.268] [main/DEBUG] [FTB Ranks/]: command.replaceitem.block.pos
[27Jun2025 03:15:29.268] [main/DEBUG] [FTB Ranks/]: command.replaceitem.block.pos.slot
[27Jun2025 03:15:29.268] [main/DEBUG] [FTB Ranks/]: command.replaceitem.block.pos.slot.item
[27Jun2025 03:15:29.268] [main/DEBUG] [FTB Ranks/]: command.replaceitem.block.pos.slot.item.count
[27Jun2025 03:15:29.268] [main/DEBUG] [FTB Ranks/]: command.replaceitem.entity
[27Jun2025 03:15:29.268] [main/DEBUG] [FTB Ranks/]: command.replaceitem.entity.targets
[27Jun2025 03:15:29.268] [main/DEBUG] [FTB Ranks/]: command.replaceitem.entity.targets.slot
[27Jun2025 03:15:29.268] [main/DEBUG] [FTB Ranks/]: command.replaceitem.entity.targets.slot.item
[27Jun2025 03:15:29.268] [main/DEBUG] [FTB Ranks/]: command.replaceitem.entity.targets.slot.item.count
[27Jun2025 03:15:29.268] [main/DEBUG] [FTB Ranks/]: command.resetallquests
[27Jun2025 03:15:29.268] [main/DEBUG] [FTB Ranks/]: command.resetallquests.
[27Jun2025 03:15:29.268] [main/DEBUG] [FTB Ranks/]: command.resetpokestats
[27Jun2025 03:15:29.268] [main/DEBUG] [FTB Ranks/]: command.resetpokestats.
[27Jun2025 03:15:29.268] [main/DEBUG] [FTB Ranks/]: command.restorefossil
[27Jun2025 03:15:29.268] [main/DEBUG] [FTB Ranks/]: command.restorefossil.
[27Jun2025 03:15:29.268] [main/DEBUG] [FTB Ranks/]: command.save-all
[27Jun2025 03:15:29.268] [main/DEBUG] [FTB Ranks/]: command.save-all.flush
[27Jun2025 03:15:29.268] [main/DEBUG] [FTB Ranks/]: command.save-off
[27Jun2025 03:15:29.268] [main/DEBUG] [FTB Ranks/]: command.save-on
[27Jun2025 03:15:29.268] [main/DEBUG] [FTB Ranks/]: command.say
[27Jun2025 03:15:29.268] [main/DEBUG] [FTB Ranks/]: command.say.message
[27Jun2025 03:15:29.268] [main/DEBUG] [FTB Ranks/]: command.schedule
[27Jun2025 03:15:29.268] [main/DEBUG] [FTB Ranks/]: command.schedule.clear
[27Jun2025 03:15:29.268] [main/DEBUG] [FTB Ranks/]: command.schedule.clear.function
[27Jun2025 03:15:29.268] [main/DEBUG] [FTB Ranks/]: command.schedule.function
[27Jun2025 03:15:29.268] [main/DEBUG] [FTB Ranks/]: command.schedule.function.function
[27Jun2025 03:15:29.268] [main/DEBUG] [FTB Ranks/]: command.schedule.function.function.time
[27Jun2025 03:15:29.268] [main/DEBUG] [FTB Ranks/]: command.schedule.function.function.time.append
[27Jun2025 03:15:29.268] [main/DEBUG] [FTB Ranks/]: command.schedule.function.function.time.replace
[27Jun2025 03:15:29.268] [main/DEBUG] [FTB Ranks/]: command.scoreboard
[27Jun2025 03:15:29.268] [main/DEBUG] [FTB Ranks/]: command.scoreboard.objectives
[27Jun2025 03:15:29.268] [main/DEBUG] [FTB Ranks/]: command.scoreboard.objectives.add
[27Jun2025 03:15:29.268] [main/DEBUG] [FTB Ranks/]: command.scoreboard.objectives.add.objective
[27Jun2025 03:15:29.268] [main/DEBUG] [FTB Ranks/]: command.scoreboard.objectives.add.objective.criteria
[27Jun2025 03:15:29.268] [main/DEBUG] [FTB Ranks/]: command.scoreboard.objectives.add.objective.criteria.displayName
[27Jun2025 03:15:29.268] [main/DEBUG] [FTB Ranks/]: command.scoreboard.objectives.list
[27Jun2025 03:15:29.268] [main/DEBUG] [FTB Ranks/]: command.scoreboard.objectives.modify
[27Jun2025 03:15:29.268] [main/DEBUG] [FTB Ranks/]: command.scoreboard.objectives.modify.objective
[27Jun2025 03:15:29.268] [main/DEBUG] [FTB Ranks/]: command.scoreboard.objectives.modify.objective.displayname
[27Jun2025 03:15:29.268] [main/DEBUG] [FTB Ranks/]: command.scoreboard.objectives.modify.objective.displayname.displayName
[27Jun2025 03:15:29.268] [main/DEBUG] [FTB Ranks/]: command.scoreboard.objectives.modify.objective.rendertype
[27Jun2025 03:15:29.268] [main/DEBUG] [FTB Ranks/]: command.scoreboard.objectives.modify.objective.rendertype.hearts
[27Jun2025 03:15:29.268] [main/DEBUG] [FTB Ranks/]: command.scoreboard.objectives.modify.objective.rendertype.integer
[27Jun2025 03:15:29.268] [main/DEBUG] [FTB Ranks/]: command.scoreboard.objectives.remove
[27Jun2025 03:15:29.270] [main/DEBUG] [FTB Ranks/]: command.scoreboard.objectives.remove.objective
[27Jun2025 03:15:29.270] [main/DEBUG] [FTB Ranks/]: command.scoreboard.objectives.setdisplay
[27Jun2025 03:15:29.270] [main/DEBUG] [FTB Ranks/]: command.scoreboard.objectives.setdisplay.slot
[27Jun2025 03:15:29.271] [main/DEBUG] [FTB Ranks/]: command.scoreboard.objectives.setdisplay.slot.objective
[27Jun2025 03:15:29.271] [main/DEBUG] [FTB Ranks/]: command.scoreboard.players
[27Jun2025 03:15:29.271] [main/DEBUG] [FTB Ranks/]: command.scoreboard.players.add
[27Jun2025 03:15:29.271] [main/DEBUG] [FTB Ranks/]: command.scoreboard.players.add.targets
[27Jun2025 03:15:29.271] [main/DEBUG] [FTB Ranks/]: command.scoreboard.players.add.targets.objective
[27Jun2025 03:15:29.272] [main/DEBUG] [FTB Ranks/]: command.scoreboard.players.add.targets.objective.score
[27Jun2025 03:15:29.272] [main/DEBUG] [FTB Ranks/]: command.scoreboard.players.enable
[27Jun2025 03:15:29.272] [main/DEBUG] [FTB Ranks/]: command.scoreboard.players.enable.targets
[27Jun2025 03:15:29.272] [main/DEBUG] [FTB Ranks/]: command.scoreboard.players.enable.targets.objective
[27Jun2025 03:15:29.272] [main/DEBUG] [FTB Ranks/]: command.scoreboard.players.get
[27Jun2025 03:15:29.272] [main/DEBUG] [FTB Ranks/]: command.scoreboard.players.get.target
[27Jun2025 03:15:29.273] [main/DEBUG] [FTB Ranks/]: command.scoreboard.players.get.target.objective
[27Jun2025 03:15:29.273] [main/DEBUG] [FTB Ranks/]: command.scoreboard.players.list
[27Jun2025 03:15:29.273] [main/DEBUG] [FTB Ranks/]: command.scoreboard.players.list.target
[27Jun2025 03:15:29.273] [main/DEBUG] [FTB Ranks/]: command.scoreboard.players.operation
[27Jun2025 03:15:29.273] [main/DEBUG] [FTB Ranks/]: command.scoreboard.players.operation.targets
[27Jun2025 03:15:29.273] [main/DEBUG] [FTB Ranks/]: command.scoreboard.players.operation.targets.targetObjective
[27Jun2025 03:15:29.273] [main/DEBUG] [FTB Ranks/]: command.scoreboard.players.operation.targets.targetObjective.operation
[27Jun2025 03:15:29.273] [main/DEBUG] [FTB Ranks/]: command.scoreboard.players.operation.targets.targetObjective.operation.source
[27Jun2025 03:15:29.273] [main/DEBUG] [FTB Ranks/]: command.scoreboard.players.operation.targets.targetObjective.operation.source.sourceObjective
[27Jun2025 03:15:29.273] [main/DEBUG] [FTB Ranks/]: command.scoreboard.players.remove
[27Jun2025 03:15:29.274] [main/DEBUG] [FTB Ranks/]: command.scoreboard.players.remove.targets
[27Jun2025 03:15:29.274] [main/DEBUG] [FTB Ranks/]: command.scoreboard.players.remove.targets.objective
[27Jun2025 03:15:29.274] [main/DEBUG] [FTB Ranks/]: command.scoreboard.players.remove.targets.objective.score
[27Jun2025 03:15:29.274] [main/DEBUG] [FTB Ranks/]: command.scoreboard.players.reset
[27Jun2025 03:15:29.274] [main/DEBUG] [FTB Ranks/]: command.scoreboard.players.reset.targets
[27Jun2025 03:15:29.274] [main/DEBUG] [FTB Ranks/]: command.scoreboard.players.reset.targets.objective
[27Jun2025 03:15:29.275] [main/DEBUG] [FTB Ranks/]: command.scoreboard.players.set
[27Jun2025 03:15:29.275] [main/DEBUG] [FTB Ranks/]: command.scoreboard.players.set.targets
[27Jun2025 03:15:29.275] [main/DEBUG] [FTB Ranks/]: command.scoreboard.players.set.targets.objective
[27Jun2025 03:15:29.275] [main/DEBUG] [FTB Ranks/]: command.scoreboard.players.set.targets.objective.score
[27Jun2025 03:15:29.275] [main/DEBUG] [FTB Ranks/]: command.seed
[27Jun2025 03:15:29.275] [main/DEBUG] [FTB Ranks/]: command.serverredirect
[27Jun2025 03:15:29.275] [main/DEBUG] [FTB Ranks/]: command.serverredirect.Player(s)
[27Jun2025 03:15:29.276] [main/DEBUG] [FTB Ranks/]: command.serverredirect.Player(s).Server Address
[27Jun2025 03:15:29.276] [main/DEBUG] [FTB Ranks/]: command.setblock
[27Jun2025 03:15:29.276] [main/DEBUG] [FTB Ranks/]: command.setblock.pos
[27Jun2025 03:15:29.276] [main/DEBUG] [FTB Ranks/]: command.setblock.pos.block
[27Jun2025 03:15:29.276] [main/DEBUG] [FTB Ranks/]: command.setblock.pos.block.destroy
[27Jun2025 03:15:29.276] [main/DEBUG] [FTB Ranks/]: command.setblock.pos.block.keep
[27Jun2025 03:15:29.276] [main/DEBUG] [FTB Ranks/]: command.setblock.pos.block.replace
[27Jun2025 03:15:29.277] [main/DEBUG] [FTB Ranks/]: command.setidletimeout
[27Jun2025 03:15:29.277] [main/DEBUG] [FTB Ranks/]: command.setidletimeout.minutes
[27Jun2025 03:15:29.277] [main/DEBUG] [FTB Ranks/]: command.setparty
[27Jun2025 03:15:29.277] [main/DEBUG] [FTB Ranks/]: command.setparty.
[27Jun2025 03:15:29.277] [main/DEBUG] [FTB Ranks/]: command.setraid
[27Jun2025 03:15:29.277] [main/DEBUG] [FTB Ranks/]: command.setraid.
[27Jun2025 03:15:29.277] [main/DEBUG] [FTB Ranks/]: command.setstage
[27Jun2025 03:15:29.277] [main/DEBUG] [FTB Ranks/]: command.setstage.
[27Jun2025 03:15:29.278] [main/DEBUG] [FTB Ranks/]: command.setworldspawn
[27Jun2025 03:15:29.278] [main/DEBUG] [FTB Ranks/]: command.setworldspawn.pos
[27Jun2025 03:15:29.278] [main/DEBUG] [FTB Ranks/]: command.setworldspawn.pos.angle
[27Jun2025 03:15:29.278] [main/DEBUG] [FTB Ranks/]: command.shinycharm
[27Jun2025 03:15:29.278] [main/DEBUG] [FTB Ranks/]: command.shinycharm.
[27Jun2025 03:15:29.278] [main/DEBUG] [FTB Ranks/]: command.spawning
[27Jun2025 03:15:29.278] [main/DEBUG] [FTB Ranks/]: command.spawning.
[27Jun2025 03:15:29.278] [main/DEBUG] [FTB Ranks/]: command.spawnlegendary
[27Jun2025 03:15:29.278] [main/DEBUG] [FTB Ranks/]: command.spawnlegendary.
[27Jun2025 03:15:29.278] [main/DEBUG] [FTB Ranks/]: command.spawnpoint
[27Jun2025 03:15:29.278] [main/DEBUG] [FTB Ranks/]: command.spawnpoint.targets
[27Jun2025 03:15:29.278] [main/DEBUG] [FTB Ranks/]: command.spawnpoint.targets.pos
[27Jun2025 03:15:29.278] [main/DEBUG] [FTB Ranks/]: command.spawnpoint.targets.pos.angle
[27Jun2025 03:15:29.279] [main/DEBUG] [FTB Ranks/]: command.spectate
[27Jun2025 03:15:29.279] [main/DEBUG] [FTB Ranks/]: command.spectate.
[27Jun2025 03:15:29.279] [main/DEBUG] [FTB Ranks/]: command.spectate.target
[27Jun2025 03:15:29.279] [main/DEBUG] [FTB Ranks/]: command.spectate.target.player
[27Jun2025 03:15:29.279] [main/DEBUG] [FTB Ranks/]: command.spectest
[27Jun2025 03:15:29.279] [main/DEBUG] [FTB Ranks/]: command.spectest.
[27Jun2025 03:15:29.279] [main/DEBUG] [FTB Ranks/]: command.spreadplayers
[27Jun2025 03:15:29.279] [main/DEBUG] [FTB Ranks/]: command.spreadplayers.center
[27Jun2025 03:15:29.279] [main/DEBUG] [FTB Ranks/]: command.spreadplayers.center.spreadDistance
[27Jun2025 03:15:29.280] [main/DEBUG] [FTB Ranks/]: command.spreadplayers.center.spreadDistance.maxRange
[27Jun2025 03:15:29.280] [main/DEBUG] [FTB Ranks/]: command.spreadplayers.center.spreadDistance.maxRange.under
[27Jun2025 03:15:29.280] [main/DEBUG] [FTB Ranks/]: command.spreadplayers.center.spreadDistance.maxRange.under.maxHeight
[27Jun2025 03:15:29.280] [main/DEBUG] [FTB Ranks/]: command.spreadplayers.center.spreadDistance.maxRange.under.maxHeight.respectTeams
[27Jun2025 03:15:29.280] [main/DEBUG] [FTB Ranks/]: command.spreadplayers.center.spreadDistance.maxRange.under.maxHeight.respectTeams.targets
[27Jun2025 03:15:29.280] [main/DEBUG] [FTB Ranks/]: command.spreadplayers.center.spreadDistance.maxRange.respectTeams
[27Jun2025 03:15:29.280] [main/DEBUG] [FTB Ranks/]: command.spreadplayers.center.spreadDistance.maxRange.respectTeams.targets
[27Jun2025 03:15:29.280] [main/DEBUG] [FTB Ranks/]: command.starter
[27Jun2025 03:15:29.280] [main/DEBUG] [FTB Ranks/]: command.starter.
[27Jun2025 03:15:29.280] [main/DEBUG] [FTB Ranks/]: command.stop
[27Jun2025 03:15:29.280] [main/DEBUG] [FTB Ranks/]: command.stopsound
[27Jun2025 03:15:29.280] [main/DEBUG] [FTB Ranks/]: command.stopsound.targets
[27Jun2025 03:15:29.280] [main/DEBUG] [FTB Ranks/]: command.stopsound.targets.all
[27Jun2025 03:15:29.281] [main/DEBUG] [FTB Ranks/]: command.stopsound.targets.all.sound
[27Jun2025 03:15:29.281] [main/DEBUG] [FTB Ranks/]: command.stopsound.targets.ambient
[27Jun2025 03:15:29.281] [main/DEBUG] [FTB Ranks/]: command.stopsound.targets.ambient.sound
[27Jun2025 03:15:29.281] [main/DEBUG] [FTB Ranks/]: command.stopsound.targets.block
[27Jun2025 03:15:29.281] [main/DEBUG] [FTB Ranks/]: command.stopsound.targets.block.sound
[27Jun2025 03:15:29.282] [main/DEBUG] [FTB Ranks/]: command.stopsound.targets.hostile
[27Jun2025 03:15:29.282] [main/DEBUG] [FTB Ranks/]: command.stopsound.targets.hostile.sound
[27Jun2025 03:15:29.282] [main/DEBUG] [FTB Ranks/]: command.stopsound.targets.master
[27Jun2025 03:15:29.283] [main/DEBUG] [FTB Ranks/]: command.stopsound.targets.master.sound
[27Jun2025 03:15:29.283] [main/DEBUG] [FTB Ranks/]: command.stopsound.targets.music
[27Jun2025 03:15:29.283] [main/DEBUG] [FTB Ranks/]: command.stopsound.targets.music.sound
[27Jun2025 03:15:29.283] [main/DEBUG] [FTB Ranks/]: command.stopsound.targets.neutral
[27Jun2025 03:15:29.283] [main/DEBUG] [FTB Ranks/]: command.stopsound.targets.neutral.sound
[27Jun2025 03:15:29.283] [main/DEBUG] [FTB Ranks/]: command.stopsound.targets.player
[27Jun2025 03:15:29.283] [main/DEBUG] [FTB Ranks/]: command.stopsound.targets.player.sound
[27Jun2025 03:15:29.284] [main/DEBUG] [FTB Ranks/]: command.stopsound.targets.record
[27Jun2025 03:15:29.284] [main/DEBUG] [FTB Ranks/]: command.stopsound.targets.record.sound
[27Jun2025 03:15:29.284] [main/DEBUG] [FTB Ranks/]: command.stopsound.targets.voice
[27Jun2025 03:15:29.284] [main/DEBUG] [FTB Ranks/]: command.stopsound.targets.voice.sound
[27Jun2025 03:15:29.285] [main/DEBUG] [FTB Ranks/]: command.stopsound.targets.weather
[27Jun2025 03:15:29.285] [main/DEBUG] [FTB Ranks/]: command.stopsound.targets.weather.sound
[27Jun2025 03:15:29.285] [main/DEBUG] [FTB Ranks/]: command.summon
[27Jun2025 03:15:29.285] [main/DEBUG] [FTB Ranks/]: command.summon.entity
[27Jun2025 03:15:29.285] [main/DEBUG] [FTB Ranks/]: command.summon.entity.pos
[27Jun2025 03:15:29.285] [main/DEBUG] [FTB Ranks/]: command.summon.entity.pos.nbt
[27Jun2025 03:15:29.285] [main/DEBUG] [FTB Ranks/]: command.tag
[27Jun2025 03:15:29.286] [main/DEBUG] [FTB Ranks/]: command.tag.targets
[27Jun2025 03:15:29.286] [main/DEBUG] [FTB Ranks/]: command.tag.targets.add
[27Jun2025 03:15:29.286] [main/DEBUG] [FTB Ranks/]: command.tag.targets.add.name
[27Jun2025 03:15:29.286] [main/DEBUG] [FTB Ranks/]: command.tag.targets.list
[27Jun2025 03:15:29.286] [main/DEBUG] [FTB Ranks/]: command.tag.targets.remove
[27Jun2025 03:15:29.287] [main/DEBUG] [FTB Ranks/]: command.tag.targets.remove.name
[27Jun2025 03:15:29.287] [main/DEBUG] [FTB Ranks/]: command.tcg
[27Jun2025 03:15:29.287] [main/DEBUG] [FTB Ranks/]: command.tcg.
[27Jun2025 03:15:29.287] [main/DEBUG] [FTB Ranks/]: command.teach
[27Jun2025 03:15:29.287] [main/DEBUG] [FTB Ranks/]: command.teach.
[27Jun2025 03:15:29.287] [main/DEBUG] [FTB Ranks/]: command.team
[27Jun2025 03:15:29.287] [main/DEBUG] [FTB Ranks/]: command.team.add
[27Jun2025 03:15:29.287] [main/DEBUG] [FTB Ranks/]: command.team.add.team
[27Jun2025 03:15:29.287] [main/DEBUG] [FTB Ranks/]: command.team.add.team.displayName
[27Jun2025 03:15:29.287] [main/DEBUG] [FTB Ranks/]: command.team.empty
[27Jun2025 03:15:29.287] [main/DEBUG] [FTB Ranks/]: command.team.empty.team
[27Jun2025 03:15:29.287] [main/DEBUG] [FTB Ranks/]: command.team.join
[27Jun2025 03:15:29.287] [main/DEBUG] [FTB Ranks/]: command.team.join.team
[27Jun2025 03:15:29.288] [main/DEBUG] [FTB Ranks/]: command.team.join.team.members
[27Jun2025 03:15:29.288] [main/DEBUG] [FTB Ranks/]: command.team.leave
[27Jun2025 03:15:29.288] [main/DEBUG] [FTB Ranks/]: command.team.leave.members
[27Jun2025 03:15:29.288] [main/DEBUG] [FTB Ranks/]: command.team.list
[27Jun2025 03:15:29.288] [main/DEBUG] [FTB Ranks/]: command.team.list.team
[27Jun2025 03:15:29.288] [main/DEBUG] [FTB Ranks/]: command.team.modify
[27Jun2025 03:15:29.288] [main/DEBUG] [FTB Ranks/]: command.team.modify.team
[27Jun2025 03:15:29.288] [main/DEBUG] [FTB Ranks/]: command.team.modify.team.collisionRule
[27Jun2025 03:15:29.288] [main/DEBUG] [FTB Ranks/]: command.team.modify.team.collisionRule.always
[27Jun2025 03:15:29.288] [main/DEBUG] [FTB Ranks/]: command.team.modify.team.collisionRule.never
[27Jun2025 03:15:29.288] [main/DEBUG] [FTB Ranks/]: command.team.modify.team.collisionRule.pushOtherTeams
[27Jun2025 03:15:29.289] [main/DEBUG] [FTB Ranks/]: command.team.modify.team.collisionRule.pushOwnTeam
[27Jun2025 03:15:29.289] [main/DEBUG] [FTB Ranks/]: command.team.modify.team.color
[27Jun2025 03:15:29.289] [main/DEBUG] [FTB Ranks/]: command.team.modify.team.color.value
[27Jun2025 03:15:29.289] [main/DEBUG] [FTB Ranks/]: command.team.modify.team.deathMessageVisibility
[27Jun2025 03:15:29.289] [main/DEBUG] [FTB Ranks/]: command.team.modify.team.deathMessageVisibility.always
[27Jun2025 03:15:29.289] [main/DEBUG] [FTB Ranks/]: command.team.modify.team.deathMessageVisibility.hideForOtherTeams
[27Jun2025 03:15:29.289] [main/DEBUG] [FTB Ranks/]: command.team.modify.team.deathMessageVisibility.hideForOwnTeam
[27Jun2025 03:15:29.289] [main/DEBUG] [FTB Ranks/]: command.team.modify.team.deathMessageVisibility.never
[27Jun2025 03:15:29.289] [main/DEBUG] [FTB Ranks/]: command.team.modify.team.displayName
[27Jun2025 03:15:29.289] [main/DEBUG] [FTB Ranks/]: command.team.modify.team.displayName.displayName
[27Jun2025 03:15:29.289] [main/DEBUG] [FTB Ranks/]: command.team.modify.team.friendlyFire
[27Jun2025 03:15:29.289] [main/DEBUG] [FTB Ranks/]: command.team.modify.team.friendlyFire.allowed
[27Jun2025 03:15:29.289] [main/DEBUG] [FTB Ranks/]: command.team.modify.team.nametagVisibility
[27Jun2025 03:15:29.289] [main/DEBUG] [FTB Ranks/]: command.team.modify.team.nametagVisibility.always
[27Jun2025 03:15:29.289] [main/DEBUG] [FTB Ranks/]: command.team.modify.team.nametagVisibility.hideForOtherTeams
[27Jun2025 03:15:29.289] [main/DEBUG] [FTB Ranks/]: command.team.modify.team.nametagVisibility.hideForOwnTeam
[27Jun2025 03:15:29.289] [main/DEBUG] [FTB Ranks/]: command.team.modify.team.nametagVisibility.never
[27Jun2025 03:15:29.289] [main/DEBUG] [FTB Ranks/]: command.team.modify.team.prefix
[27Jun2025 03:15:29.290] [main/DEBUG] [FTB Ranks/]: command.team.modify.team.prefix.prefix
[27Jun2025 03:15:29.290] [main/DEBUG] [FTB Ranks/]: command.team.modify.team.seeFriendlyInvisibles
[27Jun2025 03:15:29.290] [main/DEBUG] [FTB Ranks/]: command.team.modify.team.seeFriendlyInvisibles.allowed
[27Jun2025 03:15:29.290] [main/DEBUG] [FTB Ranks/]: command.team.modify.team.suffix
[27Jun2025 03:15:29.290] [main/DEBUG] [FTB Ranks/]: command.team.modify.team.suffix.suffix
[27Jun2025 03:15:29.290] [main/DEBUG] [FTB Ranks/]: command.team.remove
[27Jun2025 03:15:29.290] [main/DEBUG] [FTB Ranks/]: command.team.remove.team
[27Jun2025 03:15:29.290] [main/DEBUG] [FTB Ranks/]: command.teammsg
[27Jun2025 03:15:29.290] [main/DEBUG] [FTB Ranks/]: command.teammsg.message
[27Jun2025 03:15:29.290] [main/DEBUG] [FTB Ranks/]: command.teleport
[27Jun2025 03:15:29.290] [main/DEBUG] [FTB Ranks/]: command.teleport.destination
[27Jun2025 03:15:29.290] [main/DEBUG] [FTB Ranks/]: command.teleport.location
[27Jun2025 03:15:29.290] [main/DEBUG] [FTB Ranks/]: command.teleport.targets
[27Jun2025 03:15:29.290] [main/DEBUG] [FTB Ranks/]: command.teleport.targets.destination
[27Jun2025 03:15:29.290] [main/DEBUG] [FTB Ranks/]: command.teleport.targets.location
[27Jun2025 03:15:29.290] [main/DEBUG] [FTB Ranks/]: command.teleport.targets.location.facing
[27Jun2025 03:15:29.290] [main/DEBUG] [FTB Ranks/]: command.teleport.targets.location.facing.entity
[27Jun2025 03:15:29.290] [main/DEBUG] [FTB Ranks/]: command.teleport.targets.location.facing.entity.facingEntity
[27Jun2025 03:15:29.290] [main/DEBUG] [FTB Ranks/]: command.teleport.targets.location.facing.entity.facingEntity.facingAnchor
[27Jun2025 03:15:29.290] [main/DEBUG] [FTB Ranks/]: command.teleport.targets.location.facing.facingLocation
[27Jun2025 03:15:29.290] [main/DEBUG] [FTB Ranks/]: command.teleport.targets.location.rotation
[27Jun2025 03:15:29.290] [main/DEBUG] [FTB Ranks/]: command.tell
[27Jun2025 03:15:29.290] [main/DEBUG] [FTB Ranks/]: command.tellraw
[27Jun2025 03:15:29.290] [main/DEBUG] [FTB Ranks/]: command.tellraw.targets
[27Jun2025 03:15:29.290] [main/DEBUG] [FTB Ranks/]: command.tellraw.targets.message
[27Jun2025 03:15:29.290] [main/DEBUG] [FTB Ranks/]: command.tiershow
[27Jun2025 03:15:29.290] [main/DEBUG] [FTB Ranks/]: command.tiershow.
[27Jun2025 03:15:29.290] [main/DEBUG] [FTB Ranks/]: command.time
[27Jun2025 03:15:29.290] [main/DEBUG] [FTB Ranks/]: command.time.add
[27Jun2025 03:15:29.290] [main/DEBUG] [FTB Ranks/]: command.time.add.time
[27Jun2025 03:15:29.290] [main/DEBUG] [FTB Ranks/]: command.time.query
[27Jun2025 03:15:29.290] [main/DEBUG] [FTB Ranks/]: command.time.query.day
[27Jun2025 03:15:29.290] [main/DEBUG] [FTB Ranks/]: command.time.query.daytime
[27Jun2025 03:15:29.290] [main/DEBUG] [FTB Ranks/]: command.time.query.gametime
[27Jun2025 03:15:29.290] [main/DEBUG] [FTB Ranks/]: command.time.set
[27Jun2025 03:15:29.290] [main/DEBUG] [FTB Ranks/]: command.time.set.day
[27Jun2025 03:15:29.290] [main/DEBUG] [FTB Ranks/]: command.time.set.midnight
[27Jun2025 03:15:29.290] [main/DEBUG] [FTB Ranks/]: command.time.set.night
[27Jun2025 03:15:29.290] [main/DEBUG] [FTB Ranks/]: command.time.set.noon
[27Jun2025 03:15:29.290] [main/DEBUG] [FTB Ranks/]: command.time.set.time
[27Jun2025 03:15:29.290] [main/DEBUG] [FTB Ranks/]: command.title
[27Jun2025 03:15:29.290] [main/DEBUG] [FTB Ranks/]: command.title.targets
[27Jun2025 03:15:29.290] [main/DEBUG] [FTB Ranks/]: command.title.targets.actionbar
[27Jun2025 03:15:29.290] [main/DEBUG] [FTB Ranks/]: command.title.targets.actionbar.title
[27Jun2025 03:15:29.290] [main/DEBUG] [FTB Ranks/]: command.title.targets.clear
[27Jun2025 03:15:29.290] [main/DEBUG] [FTB Ranks/]: command.title.targets.reset
[27Jun2025 03:15:29.290] [main/DEBUG] [FTB Ranks/]: command.title.targets.subtitle
[27Jun2025 03:15:29.290] [main/DEBUG] [FTB Ranks/]: command.title.targets.subtitle.title
[27Jun2025 03:15:29.290] [main/DEBUG] [FTB Ranks/]: command.title.targets.times
[27Jun2025 03:15:29.290] [main/DEBUG] [FTB Ranks/]: command.title.targets.times.fadeIn
[27Jun2025 03:15:29.291] [main/DEBUG] [FTB Ranks/]: command.title.targets.times.fadeIn.stay
[27Jun2025 03:15:29.291] [main/DEBUG] [FTB Ranks/]: command.title.targets.times.fadeIn.stay.fadeOut
[27Jun2025 03:15:29.291] [main/DEBUG] [FTB Ranks/]: command.title.targets.title
[27Jun2025 03:15:29.291] [main/DEBUG] [FTB Ranks/]: command.title.targets.title.title
[27Jun2025 03:15:29.292] [main/DEBUG] [FTB Ranks/]: command.tm
[27Jun2025 03:15:29.292] [main/DEBUG] [FTB Ranks/]: command.tms
[27Jun2025 03:15:29.292] [main/DEBUG] [FTB Ranks/]: command.tms.
[27Jun2025 03:15:29.292] [main/DEBUG] [FTB Ranks/]: command.tp
[27Jun2025 03:15:29.292] [main/DEBUG] [FTB Ranks/]: command.tradesim
[27Jun2025 03:15:29.292] [main/DEBUG] [FTB Ranks/]: command.tradesim.
[27Jun2025 03:15:29.292] [main/DEBUG] [FTB Ranks/]: command.transfer
[27Jun2025 03:15:29.293] [main/DEBUG] [FTB Ranks/]: command.transfer.
[27Jun2025 03:15:29.293] [main/DEBUG] [FTB Ranks/]: command.trigger
[27Jun2025 03:15:29.293] [main/DEBUG] [FTB Ranks/]: command.trigger.objective
[27Jun2025 03:15:29.293] [main/DEBUG] [FTB Ranks/]: command.trigger.objective.add
[27Jun2025 03:15:29.294] [main/DEBUG] [FTB Ranks/]: command.trigger.objective.add.value
[27Jun2025 03:15:29.294] [main/DEBUG] [FTB Ranks/]: command.trigger.objective.set
[27Jun2025 03:15:29.294] [main/DEBUG] [FTB Ranks/]: command.trigger.objective.set.value
[27Jun2025 03:15:29.294] [main/DEBUG] [FTB Ranks/]: command.w
[27Jun2025 03:15:29.294] [main/DEBUG] [FTB Ranks/]: command.warpplate
[27Jun2025 03:15:29.294] [main/DEBUG] [FTB Ranks/]: command.warpplate.
[27Jun2025 03:15:29.295] [main/DEBUG] [FTB Ranks/]: command.waypoint
[27Jun2025 03:15:29.296] [main/DEBUG] [FTB Ranks/]: command.waypoint.create
[27Jun2025 03:15:29.296] [main/DEBUG] [FTB Ranks/]: command.waypoint.create.name
[27Jun2025 03:15:29.296] [main/DEBUG] [FTB Ranks/]: command.waypoint.create.name.dimension
[27Jun2025 03:15:29.296] [main/DEBUG] [FTB Ranks/]: command.waypoint.create.name.dimension.location
[27Jun2025 03:15:29.296] [main/DEBUG] [FTB Ranks/]: command.waypoint.create.name.dimension.location.color
[27Jun2025 03:15:29.296] [main/DEBUG] [FTB Ranks/]: command.waypoint.create.name.dimension.location.color.announce
[27Jun2025 03:15:29.296] [main/DEBUG] [FTB Ranks/]: command.waypoint.create.name.dimension.location.color.player
[27Jun2025 03:15:29.297] [main/DEBUG] [FTB Ranks/]: command.waypoint.create.name.dimension.location.color.player.announce
[27Jun2025 03:15:29.297] [main/DEBUG] [FTB Ranks/]: command.waypoint.delete
[27Jun2025 03:15:29.297] [main/DEBUG] [FTB Ranks/]: command.waypoint.delete.name
[27Jun2025 03:15:29.297] [main/DEBUG] [FTB Ranks/]: command.waypoint.delete.name.announce
[27Jun2025 03:15:29.297] [main/DEBUG] [FTB Ranks/]: command.waypoint.delete.name.player
[27Jun2025 03:15:29.297] [main/DEBUG] [FTB Ranks/]: command.waypoint.delete.name.player.announce
[27Jun2025 03:15:29.297] [main/DEBUG] [FTB Ranks/]: command.weather
[27Jun2025 03:15:29.297] [main/DEBUG] [FTB Ranks/]: command.weather.clear
[27Jun2025 03:15:29.297] [main/DEBUG] [FTB Ranks/]: command.weather.clear.duration
[27Jun2025 03:15:29.297] [main/DEBUG] [FTB Ranks/]: command.weather.rain
[27Jun2025 03:15:29.297] [main/DEBUG] [FTB Ranks/]: command.weather.rain.duration
[27Jun2025 03:15:29.297] [main/DEBUG] [FTB Ranks/]: command.weather.thunder
[27Jun2025 03:15:29.297] [main/DEBUG] [FTB Ranks/]: command.weather.thunder.duration
[27Jun2025 03:15:29.297] [main/DEBUG] [FTB Ranks/]: command.whitelist
[27Jun2025 03:15:29.297] [main/DEBUG] [FTB Ranks/]: command.whitelist.add
[27Jun2025 03:15:29.297] [main/DEBUG] [FTB Ranks/]: command.whitelist.add.targets
[27Jun2025 03:15:29.297] [main/DEBUG] [FTB Ranks/]: command.whitelist.list
[27Jun2025 03:15:29.297] [main/DEBUG] [FTB Ranks/]: command.whitelist.off
[27Jun2025 03:15:29.297] [main/DEBUG] [FTB Ranks/]: command.whitelist.on
[27Jun2025 03:15:29.297] [main/DEBUG] [FTB Ranks/]: command.whitelist.reload
[27Jun2025 03:15:29.297] [main/DEBUG] [FTB Ranks/]: command.whitelist.remove
[27Jun2025 03:15:29.297] [main/DEBUG] [FTB Ranks/]: command.whitelist.remove.targets
[27Jun2025 03:15:29.297] [main/DEBUG] [FTB Ranks/]: command.wiki
[27Jun2025 03:15:29.297] [main/DEBUG] [FTB Ranks/]: command.wiki.
[27Jun2025 03:15:29.297] [main/DEBUG] [FTB Ranks/]: command.worldborder
[27Jun2025 03:15:29.297] [main/DEBUG] [FTB Ranks/]: command.worldborder.add
[27Jun2025 03:15:29.297] [main/DEBUG] [FTB Ranks/]: command.worldborder.add.distance
[27Jun2025 03:15:29.297] [main/DEBUG] [FTB Ranks/]: command.worldborder.add.distance.time
[27Jun2025 03:15:29.297] [main/DEBUG] [FTB Ranks/]: command.worldborder.center
[27Jun2025 03:15:29.297] [main/DEBUG] [FTB Ranks/]: command.worldborder.center.pos
[27Jun2025 03:15:29.297] [main/DEBUG] [FTB Ranks/]: command.worldborder.damage
[27Jun2025 03:15:29.297] [main/DEBUG] [FTB Ranks/]: command.worldborder.damage.amount
[27Jun2025 03:15:29.297] [main/DEBUG] [FTB Ranks/]: command.worldborder.damage.amount.damagePerBlock
[27Jun2025 03:15:29.297] [main/DEBUG] [FTB Ranks/]: command.worldborder.damage.buffer
[27Jun2025 03:15:29.297] [main/DEBUG] [FTB Ranks/]: command.worldborder.damage.buffer.distance
[27Jun2025 03:15:29.297] [main/DEBUG] [FTB Ranks/]: command.worldborder.get
[27Jun2025 03:15:29.297] [main/DEBUG] [FTB Ranks/]: command.worldborder.set
[27Jun2025 03:15:29.297] [main/DEBUG] [FTB Ranks/]: command.worldborder.set.distance
[27Jun2025 03:15:29.297] [main/DEBUG] [FTB Ranks/]: command.worldborder.set.distance.time
[27Jun2025 03:15:29.297] [main/DEBUG] [FTB Ranks/]: command.worldborder.warning
[27Jun2025 03:15:29.297] [main/DEBUG] [FTB Ranks/]: command.worldborder.warning.distance
[27Jun2025 03:15:29.297] [main/DEBUG] [FTB Ranks/]: command.worldborder.warning.distance.distance
[27Jun2025 03:15:29.297] [main/DEBUG] [FTB Ranks/]: command.worldborder.warning.time
[27Jun2025 03:15:29.297] [main/DEBUG] [FTB Ranks/]: command.worldborder.warning.time.time
[27Jun2025 03:15:29.297] [main/DEBUG] [FTB Ranks/]: command.wp
[27Jun2025 03:15:29.297] [main/DEBUG] [FTB Ranks/]: command.xp
[27Jun2025 03:15:29.297] [main/INFO] [FTB Ranks/]: Loaded 1609 command nodes
[27Jun2025 03:15:29.884] [main/INFO] [net.minecraft.resources.SimpleReloadableResourceManager/]: Reloading ResourceManager: Default, forge-1.16.5-36.2.35-universal.jar, journeymap-1.16.5-5.8.3.jar, Pixelmon-1.16.5-9.1.13-server.jar, byg-1.3.6.jar, ExplorersCompass-1.16.5-1.1.2-forge.jar, NaturesCompass-1.16.5-1.9.1-forge.jar, architectury-1.32.68.jar, ftb-library-forge-1605.3.4-build.90.jar, ftb-ranks-forge-1605.1.6-build.33.jar
[27Jun2025 03:15:34.199] [Worker-Main-6/INFO] [net.minecraft.item.crafting.RecipeManager/]: Loaded 8 recipes
[27Jun2025 03:15:35.712] [Worker-Main-6/DEBUG] [mixin/]: Mixing DisplayInfoMixin from ftblibrary-common.mixins.json into net.minecraft.advancements.DisplayInfo
[27Jun2025 03:15:36.323] [Worker-Main-6/INFO] [net.minecraft.advancements.AdvancementList/]: Loaded 2005 advancements
[27Jun2025 03:15:36.633] [Worker-Main-6/DEBUG] [Pixelmon TCG/]: Couldn't find attack effect with code: SURPRISETHUNDER
[27Jun2025 03:15:36.644] [Worker-Main-6/DEBUG] [Pixelmon TCG/]: Couldn't find attack effect with code: ATTACHDECK
[27Jun2025 03:15:36.646] [Worker-Main-6/DEBUG] [Pixelmon TCG/]: Couldn't find attack effect with code: SHUFFLEDECK
[27Jun2025 03:15:36.656] [Worker-Main-6/DEBUG] [Pixelmon TCG/]: Couldn't find attack effect with code: EVOLVE
[27Jun2025 03:15:36.659] [Worker-Main-6/DEBUG] [Pixelmon TCG/]: Couldn't find attack effect with code: BLADEMAIL
[27Jun2025 03:15:36.659] [Worker-Main-6/DEBUG] [Pixelmon TCG/]: Couldn't find attack effect with code: SHUFFLEACTIVE
[27Jun2025 03:15:36.670] [Worker-Main-6/DEBUG] [Pixelmon TCG/]: Couldn't find attack effect with code: SELF_DRAWOPTIONAL
[27Jun2025 03:15:36.671] [Worker-Main-6/DEBUG] [Pixelmon TCG/]: Couldn't find attack effect with code: MASSEXPLOSION
[27Jun2025 03:15:36.672] [Worker-Main-6/DEBUG] [Pixelmon TCG/]: Couldn't find attack effect with code: ENERGYBOMB
[27Jun2025 03:15:36.672] [Worker-Main-6/DEBUG] [Pixelmon TCG/]: Couldn't find attack effect with code: FLIPS_MULTIPLY_EXTRA
[27Jun2025 03:15:36.674] [Worker-Main-6/DEBUG] [Pixelmon TCG/]: Couldn't find attack effect with code: MAGNETICLINES
[27Jun2025 03:15:36.675] [Worker-Main-6/DEBUG] [Pixelmon TCG/]: Couldn't find attack effect with code: SHUFFLEACTIVE
[27Jun2025 03:15:36.678] [Worker-Main-6/DEBUG] [Pixelmon TCG/]: Couldn't find attack effect with code: STARE
[27Jun2025 03:15:36.678] [Worker-Main-6/DEBUG] [Pixelmon TCG/]: Couldn't find attack effect with code: MASSEXPLOSION
[27Jun2025 03:15:36.679] [Worker-Main-6/DEBUG] [Pixelmon TCG/]: Couldn't find attack effect with code: FLIPS_MULTIPLY_EXTRA
[27Jun2025 03:15:36.680] [Worker-Main-6/DEBUG] [Pixelmon TCG/]: Couldn't find attack effect with code: SHUFFLEACTIVE
[27Jun2025 03:15:36.683] [Worker-Main-6/DEBUG] [Pixelmon TCG/]: Couldn't find attack effect with code: MOVEATTACHTOBENCH
[27Jun2025 03:15:36.699] [Worker-Main-6/DEBUG] [Pixelmon TCG/]: Couldn't find attack effect with code: STARE
[27Jun2025 03:15:36.741] [Worker-Main-6/DEBUG] [Pixelmon TCG/]: Couldn't find attack effect with code: ATTACHDECK
[27Jun2025 03:15:40.922] [Worker-Main-6/INFO] [Pixelmon/]: Registering Better Spawner.
[27Jun2025 03:15:41.575] [Worker-Main-6/INFO] [Pixelmon/]: Registering trades.
[27Jun2025 03:15:41.620] [Worker-Main-6/INFO] [Pixelmon/]: Registering shop items.
[27Jun2025 03:15:51.940] [main/DEBUG] [net.minecraftforge.registries.ObjectHolderRef/]: Unable to lookup pixelmon:purple_cushion for public static net.minecraft.block.Block com.pixelmonmod.pixelmon.api.registries.PixelmonBlocks.purple_cushion. This means the object wasn't registered. It's likely just mod options.
[27Jun2025 03:15:51.948] [main/DEBUG] [net.minecraftforge.registries.ObjectHolderRef/]: Unable to lookup pixelmon:white_cushion for public static net.minecraft.block.Block com.pixelmonmod.pixelmon.api.registries.PixelmonBlocks.white_cushion. This means the object wasn't registered. It's likely just mod options.
[27Jun2025 03:15:51.950] [main/DEBUG] [net.minecraftforge.registries.ObjectHolderRef/]: Unable to lookup pixelmon:blue_cushion for public static net.minecraft.block.Block com.pixelmonmod.pixelmon.api.registries.PixelmonBlocks.blue_cushion. This means the object wasn't registered. It's likely just mod options.
[27Jun2025 03:15:51.952] [main/DEBUG] [net.minecraftforge.registries.ObjectHolderRef/]: Unable to lookup pixelmon:pink_cushion for public static net.minecraft.block.Block com.pixelmonmod.pixelmon.api.registries.PixelmonBlocks.pink_cushion. This means the object wasn't registered. It's likely just mod options.
[27Jun2025 03:15:51.952] [main/DEBUG] [net.minecraftforge.registries.ObjectHolderRef/]: Unable to lookup pixelmon:copper_hammer for public static net.minecraft.item.ToolItem com.pixelmonmod.pixelmon.api.registries.PixelmonItems.copper_hammer. This means the object wasn't registered. It's likely just mod options.
[27Jun2025 03:15:51.954] [main/DEBUG] [net.minecraftforge.registries.ObjectHolderRef/]: Unable to lookup pixelmon:black_cushion for public static net.minecraft.block.Block com.pixelmonmod.pixelmon.api.registries.PixelmonBlocks.black_cushion. This means the object wasn't registered. It's likely just mod options.
[27Jun2025 03:15:51.959] [main/DEBUG] [net.minecraftforge.registries.ObjectHolderRef/]: Unable to lookup pixelmon:cyan_cushion for public static net.minecraft.block.Block com.pixelmonmod.pixelmon.api.registries.PixelmonBlocks.cyan_cushion. This means the object wasn't registered. It's likely just mod options.
[27Jun2025 03:15:51.959] [main/DEBUG] [net.minecraftforge.registries.ObjectHolderRef/]: Unable to lookup tcg:rule_book for public static net.minecraft.item.Item com.pixelmonmod.tcg.api.accessors.TCGItems.rule_book. This means the object wasn't registered. It's likely just mod options.
[27Jun2025 03:15:51.959] [main/DEBUG] [net.minecraftforge.registries.ObjectHolderRef/]: Unable to lookup pixelmon:green_cushion for public static net.minecraft.block.Block com.pixelmonmod.pixelmon.api.registries.PixelmonBlocks.green_cushion. This means the object wasn't registered. It's likely just mod options.
[27Jun2025 03:15:51.963] [main/DEBUG] [net.minecraftforge.registries.ObjectHolderRef/]: Unable to lookup pixelmon:gray_cushion for public static net.minecraft.block.Block com.pixelmonmod.pixelmon.api.registries.PixelmonBlocks.gray_cushion. This means the object wasn't registered. It's likely just mod options.
[27Jun2025 03:15:51.964] [main/DEBUG] [net.minecraftforge.registries.ObjectHolderRef/]: Unable to lookup pixelmon:cash_register for public static net.minecraft.block.Block com.pixelmonmod.pixelmon.api.registries.PixelmonBlocks.cash_register. This means the object wasn't registered. It's likely just mod options.
[27Jun2025 03:15:51.974] [main/DEBUG] [net.minecraftforge.registries.ObjectHolderRef/]: Unable to lookup pixelmon:yellow_cushion for public static net.minecraft.block.Block com.pixelmonmod.pixelmon.api.registries.PixelmonBlocks.yellow_cushion. This means the object wasn't registered. It's likely just mod options.
[27Jun2025 03:15:51.976] [main/DEBUG] [net.minecraftforge.registries.ObjectHolderRef/]: Unable to lookup pixelmon:red_cushion for public static net.minecraft.block.Block com.pixelmonmod.pixelmon.api.registries.PixelmonBlocks.red_cushion. This means the object wasn't registered. It's likely just mod options.
[27Jun2025 03:15:51.977] [main/DEBUG] [net.minecraftforge.registries.ObjectHolderRef/]: Unable to lookup pixelmon:orange_cushion for public static net.minecraft.block.Block com.pixelmonmod.pixelmon.api.registries.PixelmonBlocks.orange_cushion. This means the object wasn't registered. It's likely just mod options.
[27Jun2025 03:15:51.977] [main/DEBUG] [net.minecraftforge.registries.ObjectHolderRef/]: Unable to lookup pixelmon:deep_sea for public static net.minecraft.block.Block com.pixelmonmod.pixelmon.api.registries.PixelmonBlocks.deep_sea. This means the object wasn't registered. It's likely just mod options.
[27Jun2025 03:15:51.978] [main/DEBUG] [net.minecraftforge.registries.ObjectHolderRef/]: Unable to lookup pixelmon:brown_cushion for public static net.minecraft.block.Block com.pixelmonmod.pixelmon.api.registries.PixelmonBlocks.brown_cushion. This means the object wasn't registered. It's likely just mod options.
[27Jun2025 03:15:52.014] [main/DEBUG] [net.minecraftforge.fml.FMLWorldPersistenceHook/WP]: Gathering id map for writing to world save world
[27Jun2025 03:15:52.056] [main/DEBUG] [net.minecraftforge.fml.FMLWorldPersistenceHook/WP]: ID Map collection complete world
[27Jun2025 03:15:52.235] [Server thread/INFO] [net.minecraft.server.dedicated.DedicatedServer/]: Starting minecraft server version 1.16.5
[27Jun2025 03:15:52.237] [Server thread/INFO] [net.minecraft.server.dedicated.DedicatedServer/]: Loading properties
[27Jun2025 03:15:52.237] [Server thread/INFO] [net.minecraft.server.dedicated.DedicatedServer/]: Default game type: SURVIVAL
[27Jun2025 03:15:52.237] [Server thread/INFO] [net.minecraft.server.MinecraftServer/]: Generating keypair
[27Jun2025 03:15:52.503] [Server thread/INFO] [net.minecraft.server.dedicated.DedicatedServer/]: Starting Minecraft server on *:25565
[27Jun2025 03:15:52.556] [Server thread/INFO] [net.minecraft.network.NetworkSystem/]: Using epoll channel type
[27Jun2025 03:15:52.562] [Server thread/DEBUG] [mixin/]: Mixing MixinNetworkManager from mixins.clientresetpacket.json into net.minecraft.network.NetworkManager
[27Jun2025 03:15:52.944] [Server thread/DEBUG] [net.minecraftforge.fml.loading.FileUtils/CORE]: Found existing serverconfig directory : ./world/serverconfig
[27Jun2025 03:15:52.947] [Server thread/DEBUG] [net.minecraftforge.fml.config.ConfigTracker/CONFIG]: Loading configs type SERVER
[27Jun2025 03:15:52.948] [Server thread/DEBUG] [net.minecraftforge.fml.config.ConfigFileTypeHandler/CONFIG]: Built TOML config for ./world/serverconfig/journeymap-server.toml
[27Jun2025 03:15:52.949] [Server thread/DEBUG] [net.minecraftforge.fml.config.ConfigFileTypeHandler/CONFIG]: Loaded TOML config file ./world/serverconfig/journeymap-server.toml
[27Jun2025 03:15:52.954] [Server thread/DEBUG] [net.minecraftforge.fml.config.ConfigFileTypeHandler/CONFIG]: Watching TOML config file ./world/serverconfig/journeymap-server.toml for changes
[27Jun2025 03:15:52.955] [Server thread/INFO] [journeymap/]: Loading JourneyMap Forge Configs
[27Jun2025 03:15:52.956] [Server thread/DEBUG] [net.minecraftforge.fml.config.ConfigFileTypeHandler/CONFIG]: Built TOML config for ./world/serverconfig/forge-server.toml
[27Jun2025 03:15:52.957] [Server thread/DEBUG] [net.minecraftforge.fml.config.ConfigFileTypeHandler/CONFIG]: Loaded TOML config file ./world/serverconfig/forge-server.toml
[27Jun2025 03:15:52.958] [Server thread/DEBUG] [net.minecraftforge.fml.config.ConfigFileTypeHandler/CONFIG]: Watching TOML config file ./world/serverconfig/forge-server.toml for changes
[27Jun2025 03:15:52.960] [Server thread/DEBUG] [net.minecraftforge.common.ForgeConfig/FORGEMOD]: Loaded forge config file forge-server.toml
[27Jun2025 03:15:52.961] [Thread-1/DEBUG] [net.minecraftforge.fml.config.ConfigFileTypeHandler/CONFIG]: Config file journeymap-server.toml changed, sending notifies
[27Jun2025 03:15:52.961] [Thread-1/INFO] [journeymap/]: Loading JourneyMap Forge Configs
[27Jun2025 03:15:52.965] [Thread-1/DEBUG] [net.minecraftforge.fml.config.ConfigFileTypeHandler/CONFIG]: Config file forge-server.toml changed, sending notifies
[27Jun2025 03:15:52.965] [Thread-1/DEBUG] [net.minecraftforge.common.ForgeConfig/FORGEMOD]: Forge config just got changed on the file system!
[27Jun2025 03:15:52.992] [Server thread/INFO] [net.minecraft.server.dedicated.DedicatedServer/]: Preparing level "world"
[27Jun2025 03:15:53.429] [Server thread/INFO] [net.minecraft.server.MinecraftServer/]: Preparing start region for dimension minecraft:overworld
[27Jun2025 03:15:53.609] [Server thread/DEBUG] [mixin/]: Mixing MixinChunkSerializer from architectury.mixins.json into net.minecraft.world.chunk.storage.ChunkSerializer
[27Jun2025 03:15:53.640] [Server thread/DEBUG] [mixin/]: Mixing access.BiomeContainerAccess from byg.mixins.json into net.minecraft.world.biome.BiomeContainer
[27Jun2025 03:15:53.657] [Server thread/DEBUG] [mixin/]: Renaming @Accessor method getWIDTH_BITS()I to getWIDTH_BITS_$md$f66eea$0 in byg.mixins.json:access.BiomeContainerAccess
[27Jun2025 03:15:53.657] [Server thread/DEBUG] [mixin/]: Renaming @Accessor method getHORIZONTAL_MASK()I to getHORIZONTAL_MASK_$md$f66eea$1 in byg.mixins.json:access.BiomeContainerAccess
[27Jun2025 03:15:53.657] [Server thread/DEBUG] [mixin/]: Renaming @Accessor method getVERTICAL_MASK()I to getVERTICAL_MASK_$md$f66eea$2 in byg.mixins.json:access.BiomeContainerAccess
[27Jun2025 03:15:55.049] [Netty Epoll Server IO #1/DEBUG] [net.minecraftforge.coremod.transformer.CoreModBaseTransformer/COREMOD]: Transforming net/minecraft/network/play/client/CClientSettingsPacket
[27Jun2025 03:15:55.761] [Netty Epoll Server IO #2/INFO] [net.minecraftforge.fml.server.ServerLifecycleHooks/SERVERHOOKS]: Disconnecting Player (server is still starting): Server is still starting! Please wait before reconnecting.
[27Jun2025 03:15:57.422] [Server thread/INFO] [net.minecraft.world.chunk.listener.LoggingChunkStatusListener/]: Preparing spawn area: 0%
[27Jun2025 03:15:57.423] [Server thread/INFO] [net.minecraft.world.chunk.listener.LoggingChunkStatusListener/]: Preparing spawn area: 0%
[27Jun2025 03:15:57.423] [Server thread/INFO] [net.minecraft.world.chunk.listener.LoggingChunkStatusListener/]: Preparing spawn area: 0%
[27Jun2025 03:15:57.423] [Server thread/INFO] [net.minecraft.world.chunk.listener.LoggingChunkStatusListener/]: Preparing spawn area: 0%
[27Jun2025 03:15:57.424] [Server thread/INFO] [net.minecraft.world.chunk.listener.LoggingChunkStatusListener/]: Preparing spawn area: 0%
[27Jun2025 03:15:57.424] [Server thread/INFO] [net.minecraft.world.chunk.listener.LoggingChunkStatusListener/]: Preparing spawn area: 0%
[27Jun2025 03:15:57.424] [Server thread/INFO] [net.minecraft.world.chunk.listener.LoggingChunkStatusListener/]: Preparing spawn area: 0%
[27Jun2025 03:15:57.424] [Server thread/INFO] [net.minecraft.world.chunk.listener.LoggingChunkStatusListener/]: Preparing spawn area: 0%
[27Jun2025 03:15:57.430] [Server thread/INFO] [net.minecraft.world.chunk.listener.LoggingChunkStatusListener/]: Preparing spawn area: 0%
[27Jun2025 03:15:57.519] [Netty Epoll Server IO #3/INFO] [net.minecraftforge.fml.server.ServerLifecycleHooks/SERVERHOOKS]: Disconnecting Player (server is still starting): Server is still starting! Please wait before reconnecting.
[27Jun2025 03:15:58.005] [Server thread/INFO] [net.minecraft.world.chunk.listener.LoggingChunkStatusListener/]: Preparing spawn area: 0%
[27Jun2025 03:15:58.069] [Server thread/DEBUG] [mixin/]: Mixing common.MixinWalkNodeProcessor from byg.mixins.json into net.minecraft.pathfinding.WalkNodeProcessor
[27Jun2025 03:15:58.212] [Netty Epoll Server IO #5/INFO] [net.minecraftforge.fml.server.ServerLifecycleHooks/SERVERHOOKS]: Disconnecting Player (server is still starting): Server is still starting! Please wait before reconnecting.
[27Jun2025 03:15:58.340] [Netty Epoll Server IO #4/INFO] [net.minecraftforge.fml.server.ServerLifecycleHooks/SERVERHOOKS]: Disconnecting Player (server is still starting): Server is still starting! Please wait before reconnecting.
[27Jun2025 03:15:58.359] [Server thread/INFO] [net.minecraft.world.chunk.listener.LoggingChunkStatusListener/]: Time elapsed: 4929 ms
[27Jun2025 03:15:58.360] [Server thread/INFO] [net.minecraft.server.dedicated.DedicatedServer/]: Done (5.431s)! For help, type "help"
[27Jun2025 03:15:58.429] [Server thread/DEBUG] [net.minecraftforge.fml.ForgeI18n/CORE]: Loading I18N data entries: 21571
[27Jun2025 03:15:58.481] [Server thread/INFO] [FTB Ranks/]: Loaded 2 ranks
[27Jun2025 03:15:58.486] [Server thread/DEBUG] [net.minecraftforge.fml.server.ServerLifecycleHooks/CORE]: Generating PackInfo named mod:forge for mod file /workspaces/kkk/pixel/libraries/net/minecraftforge/forge/1.16.5-36.2.35/forge-1.16.5-36.2.35-universal.jar
[27Jun2025 03:15:58.486] [Server thread/DEBUG] [net.minecraftforge.fml.server.ServerLifecycleHooks/CORE]: Generating PackInfo named mod:architectury for mod file /workspaces/kkk/pixel/mods/architectury-1.32.68.jar
[27Jun2025 03:15:58.487] [Server thread/DEBUG] [net.minecraftforge.fml.server.ServerLifecycleHooks/CORE]: Generating PackInfo named mod:ftblibrary for mod file /workspaces/kkk/pixel/mods/ftb-library-forge-1605.3.4-build.90.jar
[27Jun2025 03:15:58.487] [Server thread/DEBUG] [net.minecraftforge.fml.server.ServerLifecycleHooks/CORE]: Generating PackInfo named mod:ftbranks for mod file /workspaces/kkk/pixel/mods/ftb-ranks-forge-1605.1.6-build.33.jar
[27Jun2025 03:15:58.487] [Server thread/DEBUG] [net.minecraftforge.fml.server.ServerLifecycleHooks/CORE]: Generating PackInfo named mod:journeymap for mod file /workspaces/kkk/pixel/mods/journeymap-1.16.5-5.8.3.jar
[27Jun2025 03:15:58.487] [Server thread/DEBUG] [net.minecraftforge.fml.server.ServerLifecycleHooks/CORE]: Generating PackInfo named mod:pixelmon for mod file /workspaces/kkk/pixel/mods/Pixelmon-1.16.5-9.1.13-server.jar
[27Jun2025 03:15:58.487] [Server thread/DEBUG] [net.minecraftforge.fml.server.ServerLifecycleHooks/CORE]: Generating PackInfo named mod:byg for mod file /workspaces/kkk/pixel/mods/byg-1.3.6.jar
[27Jun2025 03:15:58.487] [Server thread/DEBUG] [net.minecraftforge.fml.server.ServerLifecycleHooks/CORE]: Generating PackInfo named mod:explorerscompass for mod file /workspaces/kkk/pixel/mods/ExplorersCompass-1.16.5-1.1.2-forge.jar
[27Jun2025 03:15:58.487] [Server thread/DEBUG] [net.minecraftforge.fml.server.ServerLifecycleHooks/CORE]: Generating PackInfo named mod:naturescompass for mod file /workspaces/kkk/pixel/mods/NaturesCompass-1.16.5-1.9.1-forge.jar
[27Jun2025 03:15:58.488] [Server thread/INFO] [Pixelmon/]: Datapacks found: vanilla,mod:forge,mod:journeymap,mod:pixelmon,mod:byg,mod:explorerscompass,mod:naturescompass,mod:architectury,mod:ftblibrary,mod:ftbranks
[27Jun2025 03:16:01.005] [Netty Epoll Server IO #7/DEBUG] [net.minecraftforge.fml.network.FMLHandshakeHandler/FMLHANDSHAKE]: Starting new modded network connection. Found 20 messages to dispatch.
[27Jun2025 03:16:01.402] [User Authenticator #1/INFO] [net.minecraft.network.login.ServerLoginNetHandler/]: UUID of player feitonagringa is 85ea14cd-d4b2-44fe-981c-edcf2638d7dc
[27Jun2025 03:16:01.445] [Server thread/DEBUG] [net.minecraftforge.fml.network.FMLHandshakeHandler/FMLHANDSHAKE]: Sending ticking packet info 'net.minecraftforge.fml.network.FMLHandshakeMessages$S2CModList' to 'fml:handshake' sequence 0
[27Jun2025 03:16:01.491] [Server thread/DEBUG] [net.minecraftforge.fml.network.FMLHandshakeHandler/FMLHANDSHAKE]: Sending ticking packet info 'Registry minecraft:recipe_serializer' to 'fml:handshake' sequence 1
[27Jun2025 03:16:01.542] [Server thread/DEBUG] [net.minecraftforge.fml.network.FMLHandshakeHandler/FMLHANDSHAKE]: Sending ticking packet info 'Registry minecraft:sound_event' to 'fml:handshake' sequence 2
[27Jun2025 03:16:01.593] [Server thread/DEBUG] [net.minecraftforge.fml.network.FMLHandshakeHandler/FMLHANDSHAKE]: Sending ticking packet info 'Registry minecraft:particle_type' to 'fml:handshake' sequence 3
[27Jun2025 03:16:01.594] [Netty Epoll Server IO #7/DEBUG] [net.minecraftforge.fml.network.FMLLoginWrapper/FMLHANDSHAKE]: Recieved login wrapper packet event for channel fml:handshake with index 0
[27Jun2025 03:16:01.601] [Netty Epoll Server IO #7/DEBUG] [net.minecraftforge.fml.network.FMLHandshakeHandler/FMLHANDSHAKE]: Received client indexed reply 0 of type net.minecraftforge.fml.network.FMLHandshakeMessages$C2SModListReply
[27Jun2025 03:16:01.601] [Netty Epoll Server IO #7/DEBUG] [net.minecraftforge.fml.network.FMLHandshakeHandler/FMLHANDSHAKE]: Received client connection with modlist [minecraft, forge, fancymenu, konkrete, architectury, ftblibrary, ftbranks, journeymap, pixelmon, tcg, clientresetpacket, serverredirect, byg, explorerscompass, naturescompass]
[27Jun2025 03:16:01.602] [Netty Epoll Server IO #7/DEBUG] [net.minecraftforge.fml.network.NetworkRegistry/NETREGISTRY]: Channel 'fml:loginwrapper' : Version test of 'FML2' from client : ACCEPTED
[27Jun2025 03:16:01.602] [Netty Epoll Server IO #7/DEBUG] [net.minecraftforge.fml.network.NetworkRegistry/NETREGISTRY]: Channel 'explorerscompass:explorerscompass' : Version test of '1.0' from client : ACCEPTED
[27Jun2025 03:16:01.602] [Netty Epoll Server IO #7/DEBUG] [net.minecraftforge.fml.network.NetworkRegistry/NETREGISTRY]: Channel 'journeymap:channel' : Version test of '5.8.5p6' from client : ACCEPTED
[27Jun2025 03:16:01.603] [Netty Epoll Server IO #7/DEBUG] [net.minecraftforge.fml.network.NetworkRegistry/NETREGISTRY]: Channel 'architectury:network' : Version test of '1' from client : ACCEPTED
[27Jun2025 03:16:01.603] [Netty Epoll Server IO #7/DEBUG] [net.minecraftforge.fml.network.NetworkRegistry/NETREGISTRY]: Channel 'tcg:main' : Version test of '9.1.12' from client : ACCEPTED
[27Jun2025 03:16:01.603] [Netty Epoll Server IO #7/DEBUG] [net.minecraftforge.fml.network.NetworkRegistry/NETREGISTRY]: Channel 'naturescompass:naturescompass' : Version test of '1.0' from client : ACCEPTED
[27Jun2025 03:16:01.603] [Netty Epoll Server IO #7/DEBUG] [net.minecraftforge.fml.network.NetworkRegistry/NETREGISTRY]: Channel 'minecraft:unregister' : Version test of 'FML2' from client : ACCEPTED
[27Jun2025 03:16:01.603] [Netty Epoll Server IO #7/DEBUG] [net.minecraftforge.fml.network.NetworkRegistry/NETREGISTRY]: Channel 'fml:play' : Version test of 'FML2' from client : ACCEPTED
[27Jun2025 03:16:01.603] [Netty Epoll Server IO #7/DEBUG] [net.minecraftforge.fml.network.NetworkRegistry/NETREGISTRY]: Channel 'srvredirect:ann' : Version test of '1' from client : ACCEPTED
[27Jun2025 03:16:01.603] [Netty Epoll Server IO #7/DEBUG] [net.minecraftforge.fml.network.NetworkRegistry/NETREGISTRY]: Channel 'journeymap:version' : Version test of '1' from client : ACCEPTED
[27Jun2025 03:16:01.603] [Netty Epoll Server IO #7/DEBUG] [net.minecraftforge.fml.network.NetworkRegistry/NETREGISTRY]: Channel 'fml:handshake' : Version test of 'FML2' from client : ACCEPTED
[27Jun2025 03:16:01.603] [Netty Epoll Server IO #7/DEBUG] [net.minecraftforge.fml.network.NetworkRegistry/NETREGISTRY]: Channel 'forge:split_11' : Version test of '1.1' from client : ACCEPTED
[27Jun2025 03:16:01.603] [Netty Epoll Server IO #7/DEBUG] [net.minecraftforge.fml.network.NetworkRegistry/NETREGISTRY]: Channel 'journeymap:common' : Version test of '5.8.5p6' from client : ACCEPTED
[27Jun2025 03:16:01.603] [Netty Epoll Server IO #7/DEBUG] [net.minecraftforge.fml.network.NetworkRegistry/NETREGISTRY]: Channel 'worldinfo:world_id' : Version test of '1' from client : ACCEPTED
[27Jun2025 03:16:01.603] [Netty Epoll Server IO #7/DEBUG] [net.minecraftforge.fml.network.NetworkRegistry/NETREGISTRY]: Channel 'pixelmon:main' : Version test of '9.1.12' from client : ACCEPTED
[27Jun2025 03:16:01.603] [Netty Epoll Server IO #7/DEBUG] [net.minecraftforge.fml.network.NetworkRegistry/NETREGISTRY]: Channel 'minecraft:register' : Version test of 'FML2' from client : ACCEPTED
[27Jun2025 03:16:01.603] [Netty Epoll Server IO #7/DEBUG] [net.minecraftforge.fml.network.NetworkRegistry/NETREGISTRY]: Channel 'forge:split' : Version test of '1.0' from client : ACCEPTED
[27Jun2025 03:16:01.603] [Netty Epoll Server IO #7/DEBUG] [net.minecraftforge.fml.network.NetworkRegistry/NETREGISTRY]: Channel 'srvredirect:red' : Version test of '1' from client : ACCEPTED
[27Jun2025 03:16:01.603] [Netty Epoll Server IO #7/DEBUG] [net.minecraftforge.fml.network.NetworkRegistry/NETREGISTRY]: Channel 'srvredirect:fal' : Version test of '1' from client : ACCEPTED
[27Jun2025 03:16:01.603] [Netty Epoll Server IO #7/DEBUG] [net.minecraftforge.fml.network.NetworkRegistry/NETREGISTRY]: Channel 'journeymap:waypoint' : Version test of '1' from client : ACCEPTED
[27Jun2025 03:16:01.603] [Netty Epoll Server IO #7/DEBUG] [net.minecraftforge.fml.network.NetworkRegistry/NETREGISTRY]: Accepting channel list from client
[27Jun2025 03:16:01.604] [Netty Epoll Server IO #7/DEBUG] [net.minecraftforge.fml.network.FMLHandshakeHandler/FMLHANDSHAKE]: Accepted client connection mod list
[27Jun2025 03:16:01.642] [Server thread/DEBUG] [net.minecraftforge.fml.network.FMLHandshakeHandler/FMLHANDSHAKE]: Sending ticking packet info 'Registry minecraft:villager_profession' to 'fml:handshake' sequence 4
[27Jun2025 03:16:01.677] [Netty Epoll Server IO #7/DEBUG] [net.minecraftforge.fml.network.FMLLoginWrapper/FMLHANDSHAKE]: Recieved login wrapper packet event for channel fml:handshake with index 1
[27Jun2025 03:16:01.677] [Netty Epoll Server IO #7/DEBUG] [net.minecraftforge.fml.network.FMLHandshakeHandler/FMLHANDSHAKE]: Received client indexed reply 1 of type net.minecraftforge.fml.network.FMLHandshakeMessages$C2SAcknowledge
[27Jun2025 03:16:01.677] [Netty Epoll Server IO #7/DEBUG] [net.minecraftforge.fml.network.FMLHandshakeHandler/FMLHANDSHAKE]: Received acknowledgement from client
[27Jun2025 03:16:01.692] [Server thread/DEBUG] [net.minecraftforge.fml.network.FMLHandshakeHandler/FMLHANDSHAKE]: Sending ticking packet info 'Registry minecraft:item' to 'fml:handshake' sequence 5
[27Jun2025 03:16:01.743] [Server thread/DEBUG] [net.minecraftforge.fml.network.FMLHandshakeHandler/FMLHANDSHAKE]: Sending ticking packet info 'Registry minecraft:potion' to 'fml:handshake' sequence 6
[27Jun2025 03:16:01.792] [Server thread/DEBUG] [net.minecraftforge.fml.network.FMLHandshakeHandler/FMLHANDSHAKE]: Sending ticking packet info 'Registry minecraft:block_entity_type' to 'fml:handshake' sequence 7
[27Jun2025 03:16:01.841] [Server thread/DEBUG] [net.minecraftforge.fml.network.FMLHandshakeHandler/FMLHANDSHAKE]: Sending ticking packet info 'Registry minecraft:block' to 'fml:handshake' sequence 8
[27Jun2025 03:16:01.891] [Server thread/DEBUG] [net.minecraftforge.fml.network.FMLHandshakeHandler/FMLHANDSHAKE]: Sending ticking packet info 'Registry minecraft:data_serializers' to 'fml:handshake' sequence 9
[27Jun2025 03:16:01.921] [Netty Epoll Server IO #7/DEBUG] [net.minecraftforge.fml.network.FMLLoginWrapper/FMLHANDSHAKE]: Recieved login wrapper packet event for channel fml:handshake with index 2
[27Jun2025 03:16:01.921] [Netty Epoll Server IO #7/DEBUG] [net.minecraftforge.fml.network.FMLHandshakeHandler/FMLHANDSHAKE]: Received client indexed reply 2 of type net.minecraftforge.fml.network.FMLHandshakeMessages$C2SAcknowledge
[27Jun2025 03:16:01.921] [Netty Epoll Server IO #7/DEBUG] [net.minecraftforge.fml.network.FMLHandshakeHandler/FMLHANDSHAKE]: Received acknowledgement from client
[27Jun2025 03:16:01.921] [Netty Epoll Server IO #7/DEBUG] [net.minecraftforge.fml.network.FMLLoginWrapper/FMLHANDSHAKE]: Recieved login wrapper packet event for channel fml:handshake with index 3
[27Jun2025 03:16:01.921] [Netty Epoll Server IO #7/DEBUG] [net.minecraftforge.fml.network.FMLHandshakeHandler/FMLHANDSHAKE]: Received client indexed reply 3 of type net.minecraftforge.fml.network.FMLHandshakeMessages$C2SAcknowledge
[27Jun2025 03:16:01.921] [Netty Epoll Server IO #7/DEBUG] [net.minecraftforge.fml.network.FMLHandshakeHandler/FMLHANDSHAKE]: Received acknowledgement from client
[27Jun2025 03:16:01.943] [Server thread/DEBUG] [net.minecraftforge.fml.network.FMLHandshakeHandler/FMLHANDSHAKE]: Sending ticking packet info 'Registry minecraft:mob_effect' to 'fml:handshake' sequence 10
[27Jun2025 03:16:01.946] [Netty Epoll Server IO #7/DEBUG] [net.minecraftforge.fml.network.FMLLoginWrapper/FMLHANDSHAKE]: Recieved login wrapper packet event for channel fml:handshake with index 4
[27Jun2025 03:16:01.947] [Netty Epoll Server IO #7/DEBUG] [net.minecraftforge.fml.network.FMLHandshakeHandler/FMLHANDSHAKE]: Received client indexed reply 4 of type net.minecraftforge.fml.network.FMLHandshakeMessages$C2SAcknowledge
[27Jun2025 03:16:01.947] [Netty Epoll Server IO #7/DEBUG] [net.minecraftforge.fml.network.FMLHandshakeHandler/FMLHANDSHAKE]: Received acknowledgement from client
[27Jun2025 03:16:01.995] [Server thread/DEBUG] [net.minecraftforge.fml.network.FMLHandshakeHandler/FMLHANDSHAKE]: Sending ticking packet info 'Registry minecraft:stat_type' to 'fml:handshake' sequence 11
[27Jun2025 03:16:02.041] [Server thread/DEBUG] [net.minecraftforge.fml.network.FMLHandshakeHandler/FMLHANDSHAKE]: Sending ticking packet info 'Registry minecraft:menu' to 'fml:handshake' sequence 12
[27Jun2025 03:16:02.047] [Netty Epoll Server IO #7/DEBUG] [net.minecraftforge.fml.network.FMLLoginWrapper/FMLHANDSHAKE]: Recieved login wrapper packet event for channel fml:handshake with index 5
[27Jun2025 03:16:02.047] [Netty Epoll Server IO #7/DEBUG] [net.minecraftforge.fml.network.FMLHandshakeHandler/FMLHANDSHAKE]: Received client indexed reply 5 of type net.minecraftforge.fml.network.FMLHandshakeMessages$C2SAcknowledge
[27Jun2025 03:16:02.047] [Netty Epoll Server IO #7/DEBUG] [net.minecraftforge.fml.network.FMLHandshakeHandler/FMLHANDSHAKE]: Received acknowledgement from client
[27Jun2025 03:16:02.049] [Netty Epoll Server IO #7/DEBUG] [net.minecraftforge.fml.network.FMLLoginWrapper/FMLHANDSHAKE]: Recieved login wrapper packet event for channel fml:handshake with index 6
[27Jun2025 03:16:02.049] [Netty Epoll Server IO #7/DEBUG] [net.minecraftforge.fml.network.FMLHandshakeHandler/FMLHANDSHAKE]: Received client indexed reply 6 of type net.minecraftforge.fml.network.FMLHandshakeMessages$C2SAcknowledge
[27Jun2025 03:16:02.049] [Netty Epoll Server IO #7/DEBUG] [net.minecraftforge.fml.network.FMLHandshakeHandler/FMLHANDSHAKE]: Received acknowledgement from client
[27Jun2025 03:16:02.049] [Netty Epoll Server IO #7/DEBUG] [net.minecraftforge.fml.network.FMLLoginWrapper/FMLHANDSHAKE]: Recieved login wrapper packet event for channel fml:handshake with index 7
[27Jun2025 03:16:02.049] [Netty Epoll Server IO #7/DEBUG] [net.minecraftforge.fml.network.FMLHandshakeHandler/FMLHANDSHAKE]: Received client indexed reply 7 of type net.minecraftforge.fml.network.FMLHandshakeMessages$C2SAcknowledge
[27Jun2025 03:16:02.049] [Netty Epoll Server IO #7/DEBUG] [net.minecraftforge.fml.network.FMLHandshakeHandler/FMLHANDSHAKE]: Received acknowledgement from client
[27Jun2025 03:16:02.092] [Server thread/DEBUG] [net.minecraftforge.fml.network.FMLHandshakeHandler/FMLHANDSHAKE]: Sending ticking packet info 'Registry minecraft:enchantment' to 'fml:handshake' sequence 13
[27Jun2025 03:16:02.142] [Server thread/DEBUG] [net.minecraftforge.fml.network.FMLHandshakeHandler/FMLHANDSHAKE]: Sending ticking packet info 'Registry minecraft:motive' to 'fml:handshake' sequence 14
[27Jun2025 03:16:02.164] [Netty Epoll Server IO #7/DEBUG] [net.minecraftforge.fml.network.FMLLoginWrapper/FMLHANDSHAKE]: Recieved login wrapper packet event for channel fml:handshake with index 8
[27Jun2025 03:16:02.165] [Netty Epoll Server IO #7/DEBUG] [net.minecraftforge.fml.network.FMLHandshakeHandler/FMLHANDSHAKE]: Received client indexed reply 8 of type net.minecraftforge.fml.network.FMLHandshakeMessages$C2SAcknowledge
[27Jun2025 03:16:02.165] [Netty Epoll Server IO #7/DEBUG] [net.minecraftforge.fml.network.FMLHandshakeHandler/FMLHANDSHAKE]: Received acknowledgement from client
[27Jun2025 03:16:02.165] [Netty Epoll Server IO #7/DEBUG] [net.minecraftforge.fml.network.FMLLoginWrapper/FMLHANDSHAKE]: Recieved login wrapper packet event for channel fml:handshake with index 9
[27Jun2025 03:16:02.165] [Netty Epoll Server IO #7/DEBUG] [net.minecraftforge.fml.network.FMLHandshakeHandler/FMLHANDSHAKE]: Received client indexed reply 9 of type net.minecraftforge.fml.network.FMLHandshakeMessages$C2SAcknowledge
[27Jun2025 03:16:02.165] [Netty Epoll Server IO #7/DEBUG] [net.minecraftforge.fml.network.FMLHandshakeHandler/FMLHANDSHAKE]: Received acknowledgement from client
[27Jun2025 03:16:02.165] [Netty Epoll Server IO #7/DEBUG] [net.minecraftforge.fml.network.FMLLoginWrapper/FMLHANDSHAKE]: Recieved login wrapper packet event for channel fml:handshake with index 10
[27Jun2025 03:16:02.165] [Netty Epoll Server IO #7/DEBUG] [net.minecraftforge.fml.network.FMLHandshakeHandler/FMLHANDSHAKE]: Received client indexed reply 10 of type net.minecraftforge.fml.network.FMLHandshakeMessages$C2SAcknowledge
[27Jun2025 03:16:02.165] [Netty Epoll Server IO #7/DEBUG] [net.minecraftforge.fml.network.FMLHandshakeHandler/FMLHANDSHAKE]: Received acknowledgement from client
[27Jun2025 03:16:02.165] [Netty Epoll Server IO #7/DEBUG] [net.minecraftforge.fml.network.FMLLoginWrapper/FMLHANDSHAKE]: Recieved login wrapper packet event for channel fml:handshake with index 11
[27Jun2025 03:16:02.165] [Netty Epoll Server IO #7/DEBUG] [net.minecraftforge.fml.network.FMLHandshakeHandler/FMLHANDSHAKE]: Received client indexed reply 11 of type net.minecraftforge.fml.network.FMLHandshakeMessages$C2SAcknowledge
[27Jun2025 03:16:02.165] [Netty Epoll Server IO #7/DEBUG] [net.minecraftforge.fml.network.FMLHandshakeHandler/FMLHANDSHAKE]: Received acknowledgement from client
[27Jun2025 03:16:02.166] [Netty Epoll Server IO #7/DEBUG] [net.minecraftforge.fml.network.FMLLoginWrapper/FMLHANDSHAKE]: Recieved login wrapper packet event for channel fml:handshake with index 12
[27Jun2025 03:16:02.166] [Netty Epoll Server IO #7/DEBUG] [net.minecraftforge.fml.network.FMLHandshakeHandler/FMLHANDSHAKE]: Received client indexed reply 12 of type net.minecraftforge.fml.network.FMLHandshakeMessages$C2SAcknowledge
[27Jun2025 03:16:02.166] [Netty Epoll Server IO #7/DEBUG] [net.minecraftforge.fml.network.FMLHandshakeHandler/FMLHANDSHAKE]: Received acknowledgement from client
[27Jun2025 03:16:02.193] [Server thread/DEBUG] [net.minecraftforge.fml.network.FMLHandshakeHandler/FMLHANDSHAKE]: Sending ticking packet info 'Registry pixelmon:model_predicate_type' to 'fml:handshake' sequence 15
[27Jun2025 03:16:02.241] [Server thread/DEBUG] [net.minecraftforge.fml.network.FMLHandshakeHandler/FMLHANDSHAKE]: Sending ticking packet info 'Registry minecraft:fluid' to 'fml:handshake' sequence 16
[27Jun2025 03:16:02.267] [Netty Epoll Server IO #7/DEBUG] [net.minecraftforge.fml.network.FMLLoginWrapper/FMLHANDSHAKE]: Recieved login wrapper packet event for channel fml:handshake with index 13
[27Jun2025 03:16:02.267] [Netty Epoll Server IO #7/DEBUG] [net.minecraftforge.fml.network.FMLHandshakeHandler/FMLHANDSHAKE]: Received client indexed reply 13 of type net.minecraftforge.fml.network.FMLHandshakeMessages$C2SAcknowledge
[27Jun2025 03:16:02.267] [Netty Epoll Server IO #7/DEBUG] [net.minecraftforge.fml.network.FMLHandshakeHandler/FMLHANDSHAKE]: Received acknowledgement from client
[27Jun2025 03:16:02.292] [Server thread/DEBUG] [net.minecraftforge.fml.network.FMLHandshakeHandler/FMLHANDSHAKE]: Sending ticking packet info 'Registry minecraft:entity_type' to 'fml:handshake' sequence 17
[27Jun2025 03:16:02.293] [Netty Epoll Server IO #7/DEBUG] [net.minecraftforge.fml.network.FMLLoginWrapper/FMLHANDSHAKE]: Recieved login wrapper packet event for channel fml:handshake with index 14
[27Jun2025 03:16:02.293] [Netty Epoll Server IO #7/DEBUG] [net.minecraftforge.fml.network.FMLHandshakeHandler/FMLHANDSHAKE]: Received client indexed reply 14 of type net.minecraftforge.fml.network.FMLHandshakeMessages$C2SAcknowledge
[27Jun2025 03:16:02.293] [Netty Epoll Server IO #7/DEBUG] [net.minecraftforge.fml.network.FMLHandshakeHandler/FMLHANDSHAKE]: Received acknowledgement from client
[27Jun2025 03:16:02.343] [Server thread/DEBUG] [net.minecraftforge.fml.network.FMLHandshakeHandler/FMLHANDSHAKE]: Sending ticking packet info 'Config journeymap-server.toml' to 'fml:handshake' sequence 18
[27Jun2025 03:16:02.393] [Server thread/DEBUG] [net.minecraftforge.fml.network.FMLHandshakeHandler/FMLHANDSHAKE]: Sending ticking packet info 'Config forge-server.toml' to 'fml:handshake' sequence 19
[27Jun2025 03:16:02.403] [Netty Epoll Server IO #7/DEBUG] [net.minecraftforge.fml.network.FMLLoginWrapper/FMLHANDSHAKE]: Recieved login wrapper packet event for channel fml:handshake with index 15
[27Jun2025 03:16:02.403] [Netty Epoll Server IO #7/DEBUG] [net.minecraftforge.fml.network.FMLHandshakeHandler/FMLHANDSHAKE]: Received client indexed reply 15 of type net.minecraftforge.fml.network.FMLHandshakeMessages$C2SAcknowledge
[27Jun2025 03:16:02.403] [Netty Epoll Server IO #7/DEBUG] [net.minecraftforge.fml.network.FMLHandshakeHandler/FMLHANDSHAKE]: Received acknowledgement from client
[27Jun2025 03:16:02.403] [Netty Epoll Server IO #7/DEBUG] [net.minecraftforge.fml.network.FMLLoginWrapper/FMLHANDSHAKE]: Recieved login wrapper packet event for channel fml:handshake with index 16
[27Jun2025 03:16:02.403] [Netty Epoll Server IO #7/DEBUG] [net.minecraftforge.fml.network.FMLHandshakeHandler/FMLHANDSHAKE]: Received client indexed reply 16 of type net.minecraftforge.fml.network.FMLHandshakeMessages$C2SAcknowledge
[27Jun2025 03:16:02.404] [Netty Epoll Server IO #7/DEBUG] [net.minecraftforge.fml.network.FMLHandshakeHandler/FMLHANDSHAKE]: Received acknowledgement from client
[27Jun2025 03:16:03.971] [Netty Epoll Server IO #7/DEBUG] [net.minecraftforge.fml.network.FMLLoginWrapper/FMLHANDSHAKE]: Recieved login wrapper packet event for channel fml:handshake with index 17
[27Jun2025 03:16:03.972] [Netty Epoll Server IO #7/DEBUG] [net.minecraftforge.fml.network.FMLHandshakeHandler/FMLHANDSHAKE]: Received client indexed reply 17 of type net.minecraftforge.fml.network.FMLHandshakeMessages$C2SAcknowledge
[27Jun2025 03:16:03.972] [Netty Epoll Server IO #7/DEBUG] [net.minecraftforge.fml.network.FMLHandshakeHandler/FMLHANDSHAKE]: Received acknowledgement from client
[27Jun2025 03:16:03.972] [Netty Epoll Server IO #7/DEBUG] [net.minecraftforge.fml.network.FMLLoginWrapper/FMLHANDSHAKE]: Recieved login wrapper packet event for channel fml:handshake with index 18
[27Jun2025 03:16:03.972] [Netty Epoll Server IO #7/DEBUG] [net.minecraftforge.fml.network.FMLHandshakeHandler/FMLHANDSHAKE]: Received client indexed reply 18 of type net.minecraftforge.fml.network.FMLHandshakeMessages$C2SAcknowledge
[27Jun2025 03:16:03.972] [Netty Epoll Server IO #7/DEBUG] [net.minecraftforge.fml.network.FMLHandshakeHandler/FMLHANDSHAKE]: Received acknowledgement from client
[27Jun2025 03:16:03.972] [Netty Epoll Server IO #7/DEBUG] [net.minecraftforge.fml.network.FMLLoginWrapper/FMLHANDSHAKE]: Recieved login wrapper packet event for channel fml:handshake with index 19
[27Jun2025 03:16:03.972] [Netty Epoll Server IO #7/DEBUG] [net.minecraftforge.fml.network.FMLHandshakeHandler/FMLHANDSHAKE]: Received client indexed reply 19 of type net.minecraftforge.fml.network.FMLHandshakeMessages$C2SAcknowledge
[27Jun2025 03:16:03.972] [Netty Epoll Server IO #7/DEBUG] [net.minecraftforge.fml.network.FMLHandshakeHandler/FMLHANDSHAKE]: Received acknowledgement from client
[27Jun2025 03:16:03.993] [Server thread/DEBUG] [net.minecraftforge.fml.network.FMLHandshakeHandler/FMLHANDSHAKE]: Handshake complete!
[27Jun2025 03:16:04.152] [Server thread/INFO] [net.minecraftforge.common.AdvancementLoadFix/]: Using new advancement loading for net.minecraft.advancements.PlayerAdvancements@5dc8f55d
[27Jun2025 03:16:04.203] [Server thread/INFO] [net.minecraft.server.management.PlayerList/]: feitonagringa[/127.223.86.68:55951] logged in with entity id 70 at (-490.4070088657528, 63.0, -278.69860816384033)
[27Jun2025 03:16:04.212] [Server thread/DEBUG] [mixin/]: Mixing MixinNetworkFilters from mixins.clientresetpacket.json into net.minecraftforge.network.NetworkFilters
[27Jun2025 03:16:04.212] [Server thread/DEBUG] [mixin/]: Renaming synthetic method lambda$injectIfNecessary$0(Lnet/minecraft/network/NetworkManager;Ljava/lang/String;Ljava/util/function/Function;)V to mdf66eea$lambda$injectIfNecessary$0$0 in mixins.clientresetpacket.json:MixinNetworkFilters
[27Jun2025 03:16:04.217] [Server thread/DEBUG] [mixin/]: Mixing VanillaPacketFilterAccessor from mixins.clientresetpacket.json into net.minecraftforge.network.VanillaPacketFilter
[27Jun2025 03:16:04.227] [Server thread/DEBUG] [net.minecraftforge.network.NetworkFilters/]: Injected net.minecraftforge.network.ForgeConnectionNetworkFilter@74abbf66 into net.minecraft.network.NetworkManager@6a57a4f9
[27Jun2025 03:16:04.297] [Server thread/INFO] [net.minecraft.server.dedicated.DedicatedServer/]: feitonagringa joined the game
[27Jun2025 03:16:05.937] [Server thread/DEBUG] [mixin/]: Mixing MixinBlockEntityExtension from architectury.mixins.json into me.shedaniel.architectury.extensions.BlockEntityExtension
[27Jun2025 03:16:09.267] [Netty Epoll Server IO #1/DEBUG] [net.minecraftforge.fml.network.FMLHandshakeHandler/FMLHANDSHAKE]: Starting new modded network connection. Found 20 messages to dispatch.
[27Jun2025 03:16:09.666] [User Authenticator #2/INFO] [net.minecraft.network.login.ServerLoginNetHandler/]: UUID of player FkSx is 96a64c0a-dc64-4527-8fde-680b592dee64
[27Jun2025 03:16:09.694] [Server thread/DEBUG] [net.minecraftforge.fml.network.FMLHandshakeHandler/FMLHANDSHAKE]: Sending ticking packet info 'net.minecraftforge.fml.network.FMLHandshakeMessages$S2CModList' to 'fml:handshake' sequence 0
[27Jun2025 03:16:09.743] [Server thread/DEBUG] [net.minecraftforge.fml.network.FMLHandshakeHandler/FMLHANDSHAKE]: Sending ticking packet info 'Registry minecraft:recipe_serializer' to 'fml:handshake' sequence 1
[27Jun2025 03:16:09.794] [Server thread/DEBUG] [net.minecraftforge.fml.network.FMLHandshakeHandler/FMLHANDSHAKE]: Sending ticking packet info 'Registry minecraft:sound_event' to 'fml:handshake' sequence 2
[27Jun2025 03:16:09.827] [Netty Epoll Server IO #1/DEBUG] [net.minecraftforge.fml.network.FMLLoginWrapper/FMLHANDSHAKE]: Recieved login wrapper packet event for channel fml:handshake with index 0
[27Jun2025 03:16:09.831] [Netty Epoll Server IO #1/DEBUG] [net.minecraftforge.fml.network.FMLHandshakeHandler/FMLHANDSHAKE]: Received client indexed reply 0 of type net.minecraftforge.fml.network.FMLHandshakeMessages$C2SModListReply
[27Jun2025 03:16:09.831] [Netty Epoll Server IO #1/DEBUG] [net.minecraftforge.fml.network.FMLHandshakeHandler/FMLHANDSHAKE]: Received client connection with modlist [minecraft, forge, fancymenu, konkrete, architectury, ftblibrary, ftbranks, journeymap, pixelmon, tcg, clientresetpacket, serverredirect, byg, explorerscompass, naturescompass]
[27Jun2025 03:16:09.832] [Netty Epoll Server IO #1/DEBUG] [net.minecraftforge.fml.network.NetworkRegistry/NETREGISTRY]: Channel 'fml:loginwrapper' : Version test of 'FML2' from client : ACCEPTED
[27Jun2025 03:16:09.832] [Netty Epoll Server IO #1/DEBUG] [net.minecraftforge.fml.network.NetworkRegistry/NETREGISTRY]: Channel 'explorerscompass:explorerscompass' : Version test of '1.0' from client : ACCEPTED
[27Jun2025 03:16:09.832] [Netty Epoll Server IO #1/DEBUG] [net.minecraftforge.fml.network.NetworkRegistry/NETREGISTRY]: Channel 'journeymap:channel' : Version test of '5.8.5p6' from client : ACCEPTED
[27Jun2025 03:16:09.832] [Netty Epoll Server IO #1/DEBUG] [net.minecraftforge.fml.network.NetworkRegistry/NETREGISTRY]: Channel 'architectury:network' : Version test of '1' from client : ACCEPTED
[27Jun2025 03:16:09.832] [Netty Epoll Server IO #1/DEBUG] [net.minecraftforge.fml.network.NetworkRegistry/NETREGISTRY]: Channel 'tcg:main' : Version test of '9.1.12' from client : ACCEPTED
[27Jun2025 03:16:09.832] [Netty Epoll Server IO #1/DEBUG] [net.minecraftforge.fml.network.NetworkRegistry/NETREGISTRY]: Channel 'naturescompass:naturescompass' : Version test of '1.0' from client : ACCEPTED
[27Jun2025 03:16:09.832] [Netty Epoll Server IO #1/DEBUG] [net.minecraftforge.fml.network.NetworkRegistry/NETREGISTRY]: Channel 'minecraft:unregister' : Version test of 'FML2' from client : ACCEPTED
[27Jun2025 03:16:09.832] [Netty Epoll Server IO #1/DEBUG] [net.minecraftforge.fml.network.NetworkRegistry/NETREGISTRY]: Channel 'fml:play' : Version test of 'FML2' from client : ACCEPTED
[27Jun2025 03:16:09.832] [Netty Epoll Server IO #1/DEBUG] [net.minecraftforge.fml.network.NetworkRegistry/NETREGISTRY]: Channel 'srvredirect:ann' : Version test of '1' from client : ACCEPTED
[27Jun2025 03:16:09.832] [Netty Epoll Server IO #1/DEBUG] [net.minecraftforge.fml.network.NetworkRegistry/NETREGISTRY]: Channel 'journeymap:version' : Version test of '1' from client : ACCEPTED
[27Jun2025 03:16:09.832] [Netty Epoll Server IO #1/DEBUG] [net.minecraftforge.fml.network.NetworkRegistry/NETREGISTRY]: Channel 'fml:handshake' : Version test of 'FML2' from client : ACCEPTED
[27Jun2025 03:16:09.832] [Netty Epoll Server IO #1/DEBUG] [net.minecraftforge.fml.network.NetworkRegistry/NETREGISTRY]: Channel 'forge:split_11' : Version test of '1.1' from client : ACCEPTED
[27Jun2025 03:16:09.832] [Netty Epoll Server IO #1/DEBUG] [net.minecraftforge.fml.network.NetworkRegistry/NETREGISTRY]: Channel 'journeymap:common' : Version test of '5.8.5p6' from client : ACCEPTED
[27Jun2025 03:16:09.832] [Netty Epoll Server IO #1/DEBUG] [net.minecraftforge.fml.network.NetworkRegistry/NETREGISTRY]: Channel 'worldinfo:world_id' : Version test of '1' from client : ACCEPTED
[27Jun2025 03:16:09.832] [Netty Epoll Server IO #1/DEBUG] [net.minecraftforge.fml.network.NetworkRegistry/NETREGISTRY]: Channel 'pixelmon:main' : Version test of '9.1.12' from client : ACCEPTED
[27Jun2025 03:16:09.832] [Netty Epoll Server IO #1/DEBUG] [net.minecraftforge.fml.network.NetworkRegistry/NETREGISTRY]: Channel 'minecraft:register' : Version test of 'FML2' from client : ACCEPTED
[27Jun2025 03:16:09.832] [Netty Epoll Server IO #1/DEBUG] [net.minecraftforge.fml.network.NetworkRegistry/NETREGISTRY]: Channel 'forge:split' : Version test of '1.0' from client : ACCEPTED
[27Jun2025 03:16:09.832] [Netty Epoll Server IO #1/DEBUG] [net.minecraftforge.fml.network.NetworkRegistry/NETREGISTRY]: Channel 'srvredirect:red' : Version test of '1' from client : ACCEPTED
[27Jun2025 03:16:09.832] [Netty Epoll Server IO #1/DEBUG] [net.minecraftforge.fml.network.NetworkRegistry/NETREGISTRY]: Channel 'srvredirect:fal' : Version test of '1' from client : ACCEPTED
[27Jun2025 03:16:09.832] [Netty Epoll Server IO #1/DEBUG] [net.minecraftforge.fml.network.NetworkRegistry/NETREGISTRY]: Channel 'journeymap:waypoint' : Version test of '1' from client : ACCEPTED
[27Jun2025 03:16:09.832] [Netty Epoll Server IO #1/DEBUG] [net.minecraftforge.fml.network.NetworkRegistry/NETREGISTRY]: Accepting channel list from client
[27Jun2025 03:16:09.832] [Netty Epoll Server IO #1/DEBUG] [net.minecraftforge.fml.network.FMLHandshakeHandler/FMLHANDSHAKE]: Accepted client connection mod list
[27Jun2025 03:16:09.844] [Server thread/DEBUG] [net.minecraftforge.fml.network.FMLHandshakeHandler/FMLHANDSHAKE]: Sending ticking packet info 'Registry minecraft:particle_type' to 'fml:handshake' sequence 3
[27Jun2025 03:16:09.894] [Server thread/DEBUG] [net.minecraftforge.fml.network.FMLHandshakeHandler/FMLHANDSHAKE]: Sending ticking packet info 'Registry minecraft:villager_profession' to 'fml:handshake' sequence 4
[27Jun2025 03:16:09.922] [Netty Epoll Server IO #1/DEBUG] [net.minecraftforge.fml.network.FMLLoginWrapper/FMLHANDSHAKE]: Recieved login wrapper packet event for channel fml:handshake with index 1
[27Jun2025 03:16:09.922] [Netty Epoll Server IO #1/DEBUG] [net.minecraftforge.fml.network.FMLHandshakeHandler/FMLHANDSHAKE]: Received client indexed reply 1 of type net.minecraftforge.fml.network.FMLHandshakeMessages$C2SAcknowledge
[27Jun2025 03:16:09.922] [Netty Epoll Server IO #1/DEBUG] [net.minecraftforge.fml.network.FMLHandshakeHandler/FMLHANDSHAKE]: Received acknowledgement from client
[27Jun2025 03:16:09.944] [Server thread/DEBUG] [net.minecraftforge.fml.network.FMLHandshakeHandler/FMLHANDSHAKE]: Sending ticking packet info 'Registry minecraft:item' to 'fml:handshake' sequence 5
[27Jun2025 03:16:09.993] [Server thread/DEBUG] [net.minecraftforge.fml.network.FMLHandshakeHandler/FMLHANDSHAKE]: Sending ticking packet info 'Registry minecraft:potion' to 'fml:handshake' sequence 6
[27Jun2025 03:16:10.050] [Server thread/DEBUG] [net.minecraftforge.fml.network.FMLHandshakeHandler/FMLHANDSHAKE]: Sending ticking packet info 'Registry minecraft:block_entity_type' to 'fml:handshake' sequence 7
[27Jun2025 03:16:10.095] [Server thread/DEBUG] [net.minecraftforge.fml.network.FMLHandshakeHandler/FMLHANDSHAKE]: Sending ticking packet info 'Registry minecraft:block' to 'fml:handshake' sequence 8
[27Jun2025 03:16:10.146] [Server thread/DEBUG] [net.minecraftforge.fml.network.FMLHandshakeHandler/FMLHANDSHAKE]: Sending ticking packet info 'Registry minecraft:data_serializers' to 'fml:handshake' sequence 9
[27Jun2025 03:16:10.174] [Netty Epoll Server IO #1/DEBUG] [net.minecraftforge.fml.network.FMLLoginWrapper/FMLHANDSHAKE]: Recieved login wrapper packet event for channel fml:handshake with index 2
[27Jun2025 03:16:10.176] [Netty Epoll Server IO #1/DEBUG] [net.minecraftforge.fml.network.FMLHandshakeHandler/FMLHANDSHAKE]: Received client indexed reply 2 of type net.minecraftforge.fml.network.FMLHandshakeMessages$C2SAcknowledge
[27Jun2025 03:16:10.176] [Netty Epoll Server IO #1/DEBUG] [net.minecraftforge.fml.network.FMLHandshakeHandler/FMLHANDSHAKE]: Received acknowledgement from client
[27Jun2025 03:16:10.176] [Netty Epoll Server IO #1/DEBUG] [net.minecraftforge.fml.network.FMLLoginWrapper/FMLHANDSHAKE]: Recieved login wrapper packet event for channel fml:handshake with index 3
[27Jun2025 03:16:10.176] [Netty Epoll Server IO #1/DEBUG] [net.minecraftforge.fml.network.FMLHandshakeHandler/FMLHANDSHAKE]: Received client indexed reply 3 of type net.minecraftforge.fml.network.FMLHandshakeMessages$C2SAcknowledge
[27Jun2025 03:16:10.176] [Netty Epoll Server IO #1/DEBUG] [net.minecraftforge.fml.network.FMLHandshakeHandler/FMLHANDSHAKE]: Received acknowledgement from client
[27Jun2025 03:16:10.176] [Netty Epoll Server IO #1/DEBUG] [net.minecraftforge.fml.network.FMLLoginWrapper/FMLHANDSHAKE]: Recieved login wrapper packet event for channel fml:handshake with index 4
[27Jun2025 03:16:10.176] [Netty Epoll Server IO #1/DEBUG] [net.minecraftforge.fml.network.FMLHandshakeHandler/FMLHANDSHAKE]: Received client indexed reply 4 of type net.minecraftforge.fml.network.FMLHandshakeMessages$C2SAcknowledge
[27Jun2025 03:16:10.176] [Netty Epoll Server IO #1/DEBUG] [net.minecraftforge.fml.network.FMLHandshakeHandler/FMLHANDSHAKE]: Received acknowledgement from client
[27Jun2025 03:16:10.195] [Server thread/DEBUG] [net.minecraftforge.fml.network.FMLHandshakeHandler/FMLHANDSHAKE]: Sending ticking packet info 'Registry minecraft:mob_effect' to 'fml:handshake' sequence 10
[27Jun2025 03:16:10.250] [Server thread/DEBUG] [net.minecraftforge.fml.network.FMLHandshakeHandler/FMLHANDSHAKE]: Sending ticking packet info 'Registry minecraft:stat_type' to 'fml:handshake' sequence 11
[27Jun2025 03:16:10.303] [Server thread/DEBUG] [net.minecraftforge.fml.network.FMLHandshakeHandler/FMLHANDSHAKE]: Sending ticking packet info 'Registry minecraft:menu' to 'fml:handshake' sequence 12
[27Jun2025 03:16:10.307] [Netty Epoll Server IO #1/DEBUG] [net.minecraftforge.fml.network.FMLLoginWrapper/FMLHANDSHAKE]: Recieved login wrapper packet event for channel fml:handshake with index 5
[27Jun2025 03:16:10.308] [Netty Epoll Server IO #1/DEBUG] [net.minecraftforge.fml.network.FMLHandshakeHandler/FMLHANDSHAKE]: Received client indexed reply 5 of type net.minecraftforge.fml.network.FMLHandshakeMessages$C2SAcknowledge
[27Jun2025 03:16:10.309] [Netty Epoll Server IO #1/DEBUG] [net.minecraftforge.fml.network.FMLHandshakeHandler/FMLHANDSHAKE]: Received acknowledgement from client
[27Jun2025 03:16:10.309] [Netty Epoll Server IO #1/DEBUG] [net.minecraftforge.fml.network.FMLLoginWrapper/FMLHANDSHAKE]: Recieved login wrapper packet event for channel fml:handshake with index 6
[27Jun2025 03:16:10.310] [Netty Epoll Server IO #1/DEBUG] [net.minecraftforge.fml.network.FMLHandshakeHandler/FMLHANDSHAKE]: Received client indexed reply 6 of type net.minecraftforge.fml.network.FMLHandshakeMessages$C2SAcknowledge
[27Jun2025 03:16:10.310] [Netty Epoll Server IO #1/DEBUG] [net.minecraftforge.fml.network.FMLHandshakeHandler/FMLHANDSHAKE]: Received acknowledgement from client
[27Jun2025 03:16:10.310] [Netty Epoll Server IO #1/DEBUG] [net.minecraftforge.fml.network.FMLLoginWrapper/FMLHANDSHAKE]: Recieved login wrapper packet event for channel fml:handshake with index 7
[27Jun2025 03:16:10.310] [Netty Epoll Server IO #1/DEBUG] [net.minecraftforge.fml.network.FMLHandshakeHandler/FMLHANDSHAKE]: Received client indexed reply 7 of type net.minecraftforge.fml.network.FMLHandshakeMessages$C2SAcknowledge
[27Jun2025 03:16:10.310] [Netty Epoll Server IO #1/DEBUG] [net.minecraftforge.fml.network.FMLHandshakeHandler/FMLHANDSHAKE]: Received acknowledgement from client
[27Jun2025 03:16:10.350] [Server thread/DEBUG] [net.minecraftforge.fml.network.FMLHandshakeHandler/FMLHANDSHAKE]: Sending ticking packet info 'Registry minecraft:enchantment' to 'fml:handshake' sequence 13
[27Jun2025 03:16:10.405] [Server thread/DEBUG] [net.minecraftforge.fml.network.FMLHandshakeHandler/FMLHANDSHAKE]: Sending ticking packet info 'Registry minecraft:motive' to 'fml:handshake' sequence 14
[27Jun2025 03:16:10.422] [Netty Epoll Server IO #1/DEBUG] [net.minecraftforge.fml.network.FMLLoginWrapper/FMLHANDSHAKE]: Recieved login wrapper packet event for channel fml:handshake with index 8
[27Jun2025 03:16:10.422] [Netty Epoll Server IO #1/DEBUG] [net.minecraftforge.fml.network.FMLHandshakeHandler/FMLHANDSHAKE]: Received client indexed reply 8 of type net.minecraftforge.fml.network.FMLHandshakeMessages$C2SAcknowledge
[27Jun2025 03:16:10.422] [Netty Epoll Server IO #1/DEBUG] [net.minecraftforge.fml.network.FMLHandshakeHandler/FMLHANDSHAKE]: Received acknowledgement from client
[27Jun2025 03:16:10.423] [Netty Epoll Server IO #1/DEBUG] [net.minecraftforge.fml.network.FMLLoginWrapper/FMLHANDSHAKE]: Recieved login wrapper packet event for channel fml:handshake with index 9
[27Jun2025 03:16:10.423] [Netty Epoll Server IO #1/DEBUG] [net.minecraftforge.fml.network.FMLHandshakeHandler/FMLHANDSHAKE]: Received client indexed reply 9 of type net.minecraftforge.fml.network.FMLHandshakeMessages$C2SAcknowledge
[27Jun2025 03:16:10.423] [Netty Epoll Server IO #1/DEBUG] [net.minecraftforge.fml.network.FMLHandshakeHandler/FMLHANDSHAKE]: Received acknowledgement from client
[27Jun2025 03:16:10.423] [Netty Epoll Server IO #1/DEBUG] [net.minecraftforge.fml.network.FMLLoginWrapper/FMLHANDSHAKE]: Recieved login wrapper packet event for channel fml:handshake with index 10
[27Jun2025 03:16:10.423] [Netty Epoll Server IO #1/DEBUG] [net.minecraftforge.fml.network.FMLHandshakeHandler/FMLHANDSHAKE]: Received client indexed reply 10 of type net.minecraftforge.fml.network.FMLHandshakeMessages$C2SAcknowledge
[27Jun2025 03:16:10.423] [Netty Epoll Server IO #1/DEBUG] [net.minecraftforge.fml.network.FMLHandshakeHandler/FMLHANDSHAKE]: Received acknowledgement from client
[27Jun2025 03:16:10.424] [Netty Epoll Server IO #1/DEBUG] [net.minecraftforge.fml.network.FMLLoginWrapper/FMLHANDSHAKE]: Recieved login wrapper packet event for channel fml:handshake with index 11
[27Jun2025 03:16:10.424] [Netty Epoll Server IO #1/DEBUG] [net.minecraftforge.fml.network.FMLHandshakeHandler/FMLHANDSHAKE]: Received client indexed reply 11 of type net.minecraftforge.fml.network.FMLHandshakeMessages$C2SAcknowledge
[27Jun2025 03:16:10.424] [Netty Epoll Server IO #1/DEBUG] [net.minecraftforge.fml.network.FMLHandshakeHandler/FMLHANDSHAKE]: Received acknowledgement from client
[27Jun2025 03:16:10.447] [Server thread/DEBUG] [net.minecraftforge.fml.network.FMLHandshakeHandler/FMLHANDSHAKE]: Sending ticking packet info 'Registry pixelmon:model_predicate_type' to 'fml:handshake' sequence 15
[27Jun2025 03:16:10.482] [Netty Epoll Server IO #1/DEBUG] [net.minecraftforge.fml.network.FMLLoginWrapper/FMLHANDSHAKE]: Recieved login wrapper packet event for channel fml:handshake with index 12
[27Jun2025 03:16:10.482] [Netty Epoll Server IO #1/DEBUG] [net.minecraftforge.fml.network.FMLHandshakeHandler/FMLHANDSHAKE]: Received client indexed reply 12 of type net.minecraftforge.fml.network.FMLHandshakeMessages$C2SAcknowledge
[27Jun2025 03:16:10.482] [Netty Epoll Server IO #1/DEBUG] [net.minecraftforge.fml.network.FMLHandshakeHandler/FMLHANDSHAKE]: Received acknowledgement from client
[27Jun2025 03:16:10.496] [Server thread/DEBUG] [net.minecraftforge.fml.network.FMLHandshakeHandler/FMLHANDSHAKE]: Sending ticking packet info 'Registry minecraft:fluid' to 'fml:handshake' sequence 16
[27Jun2025 03:16:10.545] [Server thread/DEBUG] [net.minecraftforge.fml.network.FMLHandshakeHandler/FMLHANDSHAKE]: Sending ticking packet info 'Registry minecraft:entity_type' to 'fml:handshake' sequence 17
[27Jun2025 03:16:10.546] [Netty Epoll Server IO #1/DEBUG] [net.minecraftforge.fml.network.FMLLoginWrapper/FMLHANDSHAKE]: Recieved login wrapper packet event for channel fml:handshake with index 13
[27Jun2025 03:16:10.546] [Netty Epoll Server IO #1/DEBUG] [net.minecraftforge.fml.network.FMLHandshakeHandler/FMLHANDSHAKE]: Received client indexed reply 13 of type net.minecraftforge.fml.network.FMLHandshakeMessages$C2SAcknowledge
[27Jun2025 03:16:10.546] [Netty Epoll Server IO #1/DEBUG] [net.minecraftforge.fml.network.FMLHandshakeHandler/FMLHANDSHAKE]: Received acknowledgement from client
[27Jun2025 03:16:10.547] [Netty Epoll Server IO #1/DEBUG] [net.minecraftforge.fml.network.FMLLoginWrapper/FMLHANDSHAKE]: Recieved login wrapper packet event for channel fml:handshake with index 14
[27Jun2025 03:16:10.547] [Netty Epoll Server IO #1/DEBUG] [net.minecraftforge.fml.network.FMLHandshakeHandler/FMLHANDSHAKE]: Received client indexed reply 14 of type net.minecraftforge.fml.network.FMLHandshakeMessages$C2SAcknowledge
[27Jun2025 03:16:10.547] [Netty Epoll Server IO #1/DEBUG] [net.minecraftforge.fml.network.FMLHandshakeHandler/FMLHANDSHAKE]: Received acknowledgement from client
[27Jun2025 03:16:10.607] [Server thread/DEBUG] [net.minecraftforge.fml.network.FMLHandshakeHandler/FMLHANDSHAKE]: Sending ticking packet info 'Config journeymap-server.toml' to 'fml:handshake' sequence 18
[27Jun2025 03:16:10.653] [Server thread/DEBUG] [net.minecraftforge.fml.network.FMLHandshakeHandler/FMLHANDSHAKE]: Sending ticking packet info 'Config forge-server.toml' to 'fml:handshake' sequence 19
[27Jun2025 03:16:10.671] [Netty Epoll Server IO #1/DEBUG] [net.minecraftforge.fml.network.FMLLoginWrapper/FMLHANDSHAKE]: Recieved login wrapper packet event for channel fml:handshake with index 15
[27Jun2025 03:16:10.671] [Netty Epoll Server IO #1/DEBUG] [net.minecraftforge.fml.network.FMLHandshakeHandler/FMLHANDSHAKE]: Received client indexed reply 15 of type net.minecraftforge.fml.network.FMLHandshakeMessages$C2SAcknowledge
[27Jun2025 03:16:10.671] [Netty Epoll Server IO #1/DEBUG] [net.minecraftforge.fml.network.FMLHandshakeHandler/FMLHANDSHAKE]: Received acknowledgement from client
[27Jun2025 03:16:10.672] [Netty Epoll Server IO #1/DEBUG] [net.minecraftforge.fml.network.FMLLoginWrapper/FMLHANDSHAKE]: Recieved login wrapper packet event for channel fml:handshake with index 16
[27Jun2025 03:16:10.672] [Netty Epoll Server IO #1/DEBUG] [net.minecraftforge.fml.network.FMLHandshakeHandler/FMLHANDSHAKE]: Received client indexed reply 16 of type net.minecraftforge.fml.network.FMLHandshakeMessages$C2SAcknowledge
[27Jun2025 03:16:10.672] [Netty Epoll Server IO #1/DEBUG] [net.minecraftforge.fml.network.FMLHandshakeHandler/FMLHANDSHAKE]: Received acknowledgement from client
[27Jun2025 03:16:12.041] [Netty Epoll Server IO #1/DEBUG] [net.minecraftforge.fml.network.FMLLoginWrapper/FMLHANDSHAKE]: Recieved login wrapper packet event for channel fml:handshake with index 17
[27Jun2025 03:16:12.042] [Netty Epoll Server IO #1/DEBUG] [net.minecraftforge.fml.network.FMLHandshakeHandler/FMLHANDSHAKE]: Received client indexed reply 17 of type net.minecraftforge.fml.network.FMLHandshakeMessages$C2SAcknowledge
[27Jun2025 03:16:12.042] [Netty Epoll Server IO #1/DEBUG] [net.minecraftforge.fml.network.FMLHandshakeHandler/FMLHANDSHAKE]: Received acknowledgement from client
[27Jun2025 03:16:12.042] [Netty Epoll Server IO #1/DEBUG] [net.minecraftforge.fml.network.FMLLoginWrapper/FMLHANDSHAKE]: Recieved login wrapper packet event for channel fml:handshake with index 18
[27Jun2025 03:16:12.042] [Netty Epoll Server IO #1/DEBUG] [net.minecraftforge.fml.network.FMLHandshakeHandler/FMLHANDSHAKE]: Received client indexed reply 18 of type net.minecraftforge.fml.network.FMLHandshakeMessages$C2SAcknowledge
[27Jun2025 03:16:12.042] [Netty Epoll Server IO #1/DEBUG] [net.minecraftforge.fml.network.FMLHandshakeHandler/FMLHANDSHAKE]: Received acknowledgement from client
[27Jun2025 03:16:12.042] [Netty Epoll Server IO #1/DEBUG] [net.minecraftforge.fml.network.FMLLoginWrapper/FMLHANDSHAKE]: Recieved login wrapper packet event for channel fml:handshake with index 19
[27Jun2025 03:16:12.042] [Netty Epoll Server IO #1/DEBUG] [net.minecraftforge.fml.network.FMLHandshakeHandler/FMLHANDSHAKE]: Received client indexed reply 19 of type net.minecraftforge.fml.network.FMLHandshakeMessages$C2SAcknowledge
[27Jun2025 03:16:12.042] [Netty Epoll Server IO #1/DEBUG] [net.minecraftforge.fml.network.FMLHandshakeHandler/FMLHANDSHAKE]: Received acknowledgement from client
[27Jun2025 03:16:12.044] [Server thread/DEBUG] [net.minecraftforge.fml.network.FMLHandshakeHandler/FMLHANDSHAKE]: Handshake complete!
[27Jun2025 03:16:12.152] [Server thread/INFO] [net.minecraftforge.common.AdvancementLoadFix/]: Using new advancement loading for net.minecraft.advancements.PlayerAdvancements@5b21ba3d
[27Jun2025 03:16:12.171] [Server thread/INFO] [net.minecraft.server.management.PlayerList/]: FkSx[/127.42.242.215:39307] logged in with entity id 122 at (3725.2864594681373, 181.0, -1756.259697633745)
[27Jun2025 03:16:12.172] [Server thread/DEBUG] [net.minecraftforge.network.NetworkFilters/]: Injected net.minecraftforge.network.ForgeConnectionNetworkFilter@511e9497 into net.minecraft.network.NetworkManager@21ddb50f
[27Jun2025 03:16:12.202] [Server thread/INFO] [net.minecraft.server.dedicated.DedicatedServer/]: FkSx joined the game
[27Jun2025 03:16:19.068] [Server thread/INFO] [net.minecraft.server.dedicated.DedicatedServer/]: Unknown or incomplete command, see below for error
[27Jun2025 03:16:19.070] [Server thread/INFO] [net.minecraft.server.dedicated.DedicatedServer/]: checkspawn legendary<--[HERE]
[27Jun2025 03:16:21.054] [Server thread/INFO] [net.minecraft.server.dedicated.DedicatedServer/]: Time until next spawn attempt: 7 minutes.
[27Jun2025 03:16:21.055] [Server thread/INFO] [net.minecraft.server.dedicated.DedicatedServer/]: Spawn chance: 90.0%
[27Jun2025 03:16:21.055] [Server thread/INFO] [net.minecraft.server.dedicated.DedicatedServer/]: Possible spawns:
[27Jun2025 03:16:21.055] [Server thread/INFO] [net.minecraft.server.dedicated.DedicatedServer/]: Zamazenta: 100.0%
[27Jun2025 03:17:04.713] [Server thread/WARN] [net.minecraft.network.play.ServerPlayNetHandler/]: TapuLele (vehicle of feitonagringa) moved wrongly! 0.3289703589234705
[27Jun2025 03:17:04.797] [Server thread/WARN] [net.minecraft.network.play.ServerPlayNetHandler/]: TapuLele (vehicle of feitonagringa) moved wrongly! 0.9430687716210286
[27Jun2025 03:17:09.098] [Server thread/WARN] [net.minecraft.network.play.ServerPlayNetHandler/]: TapuLele (vehicle of feitonagringa) moved too quickly! -5.322036372360117,2.262207216850328,8.777046250047533
[27Jun2025 03:17:09.101] [Server thread/WARN] [net.minecraft.network.play.ServerPlayNetHandler/]: TapuLele (vehicle of feitonagringa) moved too quickly! -5.861726701855559,2.4664702985056124,9.90936375102001
[27Jun2025 03:17:09.102] [Server thread/WARN] [net.minecraft.network.play.ServerPlayNetHandler/]: TapuLele (vehicle of feitonagringa) moved too quickly! -6.359650932516615,2.662644565945442,10.964876385710795
[27Jun2025 03:17:25.923] [Server thread/WARN] [net.minecraft.tileentity.TileEntity/]: Block entity invalid: minecraft:furnace @ BlockPos{x=1494, y=67, z=-1668}
[27Jun2025 03:17:27.859] [Server thread/WARN] [net.minecraft.tileentity.TileEntity/]: Block entity invalid: minecraft:furnace @ BlockPos{x=1441, y=67, z=-1700}
[27Jun2025 03:17:28.103] [Server thread/WARN] [net.minecraft.tileentity.TileEntity/]: Block entity invalid: minecraft:furnace @ BlockPos{x=1499, y=67, z=-1644}
[27Jun2025 03:17:30.656] [Server thread/WARN] [net.minecraft.tileentity.TileEntity/]: Block entity invalid: minecraft:furnace @ BlockPos{x=1493, y=67, z=-1618}
[27Jun2025 03:17:30.798] [Server thread/WARN] [net.minecraft.tileentity.TileEntity/]: Block entity invalid: minecraft:furnace @ BlockPos{x=1437, y=65, z=-1628}
[27Jun2025 03:17:31.304] [Server thread/WARN] [net.minecraft.tileentity.TileEntity/]: Block entity invalid: minecraft:furnace @ BlockPos{x=1468, y=67, z=-1589}
[27Jun2025 03:17:31.409] [Worker-Main-16/DEBUG] [mixin/]: Mixing access.WorldDecoratingHelperAccess from byg.mixins.json into net.minecraft.world.gen.feature.WorldDecoratingHelper
[27Jun2025 03:17:31.768] [Server thread/WARN] [net.minecraft.tileentity.TileEntity/]: Block entity invalid: minecraft:furnace @ BlockPos{x=1418, y=65, z=-1646}
[27Jun2025 03:17:31.769] [Server thread/WARN] [net.minecraft.tileentity.TileEntity/]: Block entity invalid: minecraft:furnace @ BlockPos{x=1417, y=66, z=-1698}
[27Jun2025 03:17:31.769] [Server thread/WARN] [net.minecraft.tileentity.TileEntity/]: Block entity invalid: minecraft:furnace @ BlockPos{x=1446, y=67, z=-1577}
[27Jun2025 03:17:32.215] [Server thread/WARN] [net.minecraft.tileentity.TileEntity/]: Block entity invalid: minecraft:furnace @ BlockPos{x=1393, y=66, z=-1617}
[27Jun2025 03:17:32.215] [Server thread/WARN] [net.minecraft.tileentity.TileEntity/]: Block entity invalid: minecraft:furnace @ BlockPos{x=1404, y=62, z=-1573}
[27Jun2025 03:17:32.619] [Server thread/WARN] [net.minecraft.tileentity.TileEntity/]: Block entity invalid: minecraft:furnace @ BlockPos{x=1384, y=62, z=-1706}
[27Jun2025 03:17:35.254] [Server thread/WARN] [net.minecraft.tileentity.TileEntity/]: Block entity invalid: minecraft:furnace @ BlockPos{x=1356, y=66, z=-1647}
[27Jun2025 03:17:54.100] [Server thread/WARN] [net.minecraft.loot.LootTable/]: Tried to over-fill a container
[27Jun2025 03:18:14.299] [Server thread/INFO] [net.minecraft.server.dedicated.DedicatedServer/]: FkSx suffocated in a wall
[27Jun2025 03:21:00.242] [Server thread/DEBUG] [net.minecraftforge.fml.FMLWorldPersistenceHook/WP]: Gathering id map for writing to world save world
[27Jun2025 03:21:00.252] [Server thread/DEBUG] [net.minecraftforge.fml.FMLWorldPersistenceHook/WP]: ID Map collection complete world
[27Jun2025 03:21:04.627] [Server thread/INFO] [net.minecraft.server.dedicated.DedicatedServer/]: Time until next spawn attempt: 2 minutes.
[27Jun2025 03:21:04.628] [Server thread/INFO] [net.minecraft.server.dedicated.DedicatedServer/]: Spawn chance: 90.0%
[27Jun2025 03:21:04.628] [Server thread/INFO] [net.minecraft.server.dedicated.DedicatedServer/]: Possible spawns:
[27Jun2025 03:21:04.628] [Server thread/INFO] [net.minecraft.server.dedicated.DedicatedServer/]: Kyogre: 50.0%, Zarude: 50.0%
[27Jun2025 03:22:40.747] [Server thread/INFO] [net.minecraft.server.dedicated.DedicatedServer/]: [Pixelmon] Zarude has spawned in a Guiana Clearing biome!
[27Jun2025 03:22:40.748] [Server thread/INFO] [net.minecraft.server.dedicated.DedicatedServer/]: Spawned Zarude at: ServerChunkCache: 6075 x:3707, y:181, z:-1713
[27Jun2025 03:23:25.356] [Server thread/INFO] [net.minecraft.server.dedicated.DedicatedServer/]: [feitonagringa: Teleported feitonagringa to FkSx]
[27Jun2025 03:23:33.630] [Server thread/INFO] [net.minecraft.server.dedicated.DedicatedServer/]: [FkSx: Teleported FkSx to feitonagringa]
[27Jun2025 03:23:55.393] [Server thread/WARN] [net.minecraft.network.play.ServerPlayNetHandler/]: FkSx moved wrongly!
[27Jun2025 03:24:05.927] [Server thread/INFO] [net.minecraft.server.dedicated.DedicatedServer/]: [feitonagringa: Teleported feitonagringa to FkSx]
[27Jun2025 03:24:11.755] [Server thread/WARN] [net.minecraftforge.eventbus.EventBus/EVENTBUS]: Attempting to add a Lambda listener with computed generic type of Event. Are you sure this is what you meant? NOTE : there are complex lambda forms where the generic type information is erased and cannot be recovered at runtime.
[27Jun2025 03:25:59.020] [Server thread/DEBUG] [net.minecraftforge.fml.FMLWorldPersistenceHook/WP]: Gathering id map for writing to world save world
[27Jun2025 03:25:59.030] [Server thread/DEBUG] [net.minecraftforge.fml.FMLWorldPersistenceHook/WP]: ID Map collection complete world
[27Jun2025 03:30:58.619] [Server thread/DEBUG] [net.minecraftforge.fml.FMLWorldPersistenceHook/WP]: Gathering id map for writing to world save world
[27Jun2025 03:30:58.626] [Server thread/DEBUG] [net.minecraftforge.fml.FMLWorldPersistenceHook/WP]: ID Map collection complete world
[27Jun2025 03:31:43.396] [Server thread/INFO] [net.minecraft.server.dedicated.DedicatedServer/]: FkSx fell from a high place
[27Jun2025 03:31:52.054] [Server thread/INFO] [net.minecraft.server.dedicated.DedicatedServer/]: [feitonagringa: Teleported feitonagringa to FkSx]
[27Jun2025 03:31:57.305] [Server thread/INFO] [net.minecraft.server.dedicated.DedicatedServer/]: [FkSx: Teleported FkSx to feitonagringa]
[27Jun2025 03:32:25.647] [Server thread/INFO] [net.minecraft.server.dedicated.DedicatedServer/]: FkSx has made the advancement [The Steve Irwin of Pokéballs]
[27Jun2025 03:32:45.378] [Server thread/INFO] [net.minecraft.server.dedicated.DedicatedServer/]: Time until next spawn attempt: 3 minutes.
[27Jun2025 03:32:45.379] [Server thread/INFO] [net.minecraft.server.dedicated.DedicatedServer/]: Spawn chance: 90.0%
[27Jun2025 03:32:45.379] [Server thread/INFO] [net.minecraft.server.dedicated.DedicatedServer/]: Possible spawns:
[27Jun2025 03:32:47.353] [Server thread/INFO] [net.minecraft.server.dedicated.DedicatedServer/]: Time until next spawn attempt: 3 minutes.
[27Jun2025 03:32:47.354] [Server thread/INFO] [net.minecraft.server.dedicated.DedicatedServer/]: Spawn chance: 90.0%
[27Jun2025 03:32:47.354] [Server thread/INFO] [net.minecraft.server.dedicated.DedicatedServer/]: Possible spawns:
[27Jun2025 03:32:56.781] [Server thread/INFO] [net.minecraft.server.dedicated.DedicatedServer/]: [FkSx: Teleported FkSx to feitonagringa]
[27Jun2025 03:33:01.510] [Server thread/INFO] [net.minecraft.server.dedicated.DedicatedServer/]: Time until next spawn attempt: 3 minutes.
[27Jun2025 03:33:01.510] [Server thread/INFO] [net.minecraft.server.dedicated.DedicatedServer/]: Spawn chance: 90.0%
[27Jun2025 03:33:01.511] [Server thread/INFO] [net.minecraft.server.dedicated.DedicatedServer/]: Possible spawns:
[27Jun2025 03:33:42.741] [Server thread/INFO] [net.minecraft.server.dedicated.DedicatedServer/]: Time until next spawn attempt: 2 minutes.
[27Jun2025 03:33:42.742] [Server thread/INFO] [net.minecraft.server.dedicated.DedicatedServer/]: Spawn chance: 90.0%
[27Jun2025 03:33:42.742] [Server thread/INFO] [net.minecraft.server.dedicated.DedicatedServer/]: Possible spawns:
[27Jun2025 03:33:42.742] [Server thread/INFO] [net.minecraft.server.dedicated.DedicatedServer/]: Keldeo: 50.0%, Victini: 50.0%
[27Jun2025 03:33:48.196] [Server thread/WARN] [net.minecraft.tileentity.TileEntity/]: Block entity invalid: minecraft:furnace @ BlockPos{x=-654, y=67, z=-3554}
[27Jun2025 03:33:48.245] [Server thread/WARN] [net.minecraft.tileentity.TileEntity/]: Block entity invalid: minecraft:furnace @ BlockPos{x=-688, y=67, z=-3563}
[27Jun2025 03:33:48.850] [Server thread/WARN] [net.minecraft.tileentity.TileEntity/]: Block entity invalid: minecraft:furnace @ BlockPos{x=-621, y=65, z=-3586}
[27Jun2025 03:33:49.002] [Server thread/WARN] [net.minecraft.tileentity.TileEntity/]: Block entity invalid: minecraft:furnace @ BlockPos{x=-654, y=66, z=-3628}
[27Jun2025 03:33:49.159] [Server thread/WARN] [net.minecraft.tileentity.TileEntity/]: Block entity invalid: minecraft:furnace @ BlockPos{x=-675, y=66, z=-3637}
[27Jun2025 03:33:49.159] [Server thread/WARN] [net.minecraft.tileentity.TileEntity/]: Block entity invalid: minecraft:furnace @ BlockPos{x=-679, y=67, z=-3648}
[27Jun2025 03:33:49.435] [Server thread/WARN] [net.minecraft.tileentity.TileEntity/]: Block entity invalid: minecraft:furnace @ BlockPos{x=-570, y=62, z=-3562}
[27Jun2025 03:33:49.651] [Server thread/WARN] [net.minecraft.tileentity.TileEntity/]: Block entity invalid: minecraft:furnace @ BlockPos{x=-646, y=67, z=-3657}
[27Jun2025 03:33:49.850] [Server thread/WARN] [net.minecraft.tileentity.TileEntity/]: Block entity invalid: minecraft:furnace @ BlockPos{x=-558, y=66, z=-3653}
[27Jun2025 03:33:49.911] [Server thread/WARN] [net.minecraft.tileentity.TileEntity/]: Block entity invalid: minecraft:furnace @ BlockPos{x=-553, y=67, z=-3595}
[27Jun2025 03:33:53.414] [Server thread/INFO] [net.minecraft.server.dedicated.DedicatedServer/]: [feitonagringa: Teleported feitonagringa to FkSx]
[27Jun2025 03:34:19.154] [Server thread/INFO] [net.minecraft.server.dedicated.DedicatedServer/]: Time until next spawn attempt: 2 minutes.
[27Jun2025 03:34:19.155] [Server thread/INFO] [net.minecraft.server.dedicated.DedicatedServer/]: Spawn chance: 90.0%
[27Jun2025 03:34:19.155] [Server thread/INFO] [net.minecraft.server.dedicated.DedicatedServer/]: Possible spawns:
[27Jun2025 03:34:29.510] [Server thread/INFO] [net.minecraft.server.dedicated.DedicatedServer/]: Time until next spawn attempt: 2 minutes.
[27Jun2025 03:34:29.511] [Server thread/INFO] [net.minecraft.server.dedicated.DedicatedServer/]: Spawn chance: 90.0%
[27Jun2025 03:34:29.511] [Server thread/INFO] [net.minecraft.server.dedicated.DedicatedServer/]: Possible spawns:
[27Jun2025 03:34:40.429] [Server thread/INFO] [net.minecraft.server.dedicated.DedicatedServer/]: [feitonagringa: Teleported feitonagringa to FkSx]
[27Jun2025 03:34:40.812] [Server thread/WARN] [net.minecraft.loot.LootTable/]: Tried to over-fill a container
[27Jun2025 03:34:53.512] [Server thread/INFO] [net.minecraft.server.dedicated.DedicatedServer/]: Time until next spawn attempt: 1 minutes.
[27Jun2025 03:34:53.513] [Server thread/INFO] [net.minecraft.server.dedicated.DedicatedServer/]: Spawn chance: 90.0%
[27Jun2025 03:34:53.513] [Server thread/INFO] [net.minecraft.server.dedicated.DedicatedServer/]: Possible spawns:
[27Jun2025 03:35:01.213] [Server thread/INFO] [net.minecraft.server.dedicated.DedicatedServer/]: Time until next spawn attempt: 1 minutes.
[27Jun2025 03:35:01.213] [Server thread/INFO] [net.minecraft.server.dedicated.DedicatedServer/]: Spawn chance: 90.0%
[27Jun2025 03:35:01.213] [Server thread/INFO] [net.minecraft.server.dedicated.DedicatedServer/]: Possible spawns:
[27Jun2025 03:35:14.706] [Server thread/INFO] [net.minecraft.server.dedicated.DedicatedServer/]: [feitonagringa: Teleported feitonagringa to FkSx]
[27Jun2025 03:35:34.562] [Server thread/INFO] [net.minecraft.server.dedicated.DedicatedServer/]: Time until next spawn attempt: 1 minutes.
[27Jun2025 03:35:34.562] [Server thread/INFO] [net.minecraft.server.dedicated.DedicatedServer/]: Spawn chance: 90.0%
[27Jun2025 03:35:34.562] [Server thread/INFO] [net.minecraft.server.dedicated.DedicatedServer/]: Possible spawns:
[27Jun2025 03:35:58.371] [Server thread/INFO] [net.minecraft.server.dedicated.DedicatedServer/]: Time until next spawn attempt: 9 minutes.
[27Jun2025 03:35:58.372] [Server thread/INFO] [net.minecraft.server.dedicated.DedicatedServer/]: Spawn chance: 90.0%
[27Jun2025 03:35:58.372] [Server thread/INFO] [net.minecraft.server.dedicated.DedicatedServer/]: Possible spawns:
[27Jun2025 03:35:58.372] [Server thread/INFO] [net.minecraft.server.dedicated.DedicatedServer/]: Rayquaza: 100.0%
[27Jun2025 03:35:59.118] [Server thread/DEBUG] [net.minecraftforge.fml.FMLWorldPersistenceHook/WP]: Gathering id map for writing to world save world
[27Jun2025 03:35:59.127] [Server thread/DEBUG] [net.minecraftforge.fml.FMLWorldPersistenceHook/WP]: ID Map collection complete world
[27Jun2025 03:36:04.879] [Server thread/INFO] [net.minecraft.server.dedicated.DedicatedServer/]: [FkSx: Teleported FkSx to feitonagringa]
[27Jun2025 03:36:17.314] [Server thread/INFO] [net.minecraft.server.dedicated.DedicatedServer/]: Time until next spawn attempt: 8 minutes.
[27Jun2025 03:36:17.314] [Server thread/INFO] [net.minecraft.server.dedicated.DedicatedServer/]: Spawn chance: 90.0%
[27Jun2025 03:36:17.314] [Server thread/INFO] [net.minecraft.server.dedicated.DedicatedServer/]: Possible spawns:
[27Jun2025 03:36:17.314] [Server thread/INFO] [net.minecraft.server.dedicated.DedicatedServer/]: Genesect: 22.7%, Rayquaza: 37.83%, Suicune: 39.48%
[27Jun2025 03:36:35.865] [Server thread/INFO] [net.minecraft.server.dedicated.DedicatedServer/]: Time until next spawn attempt: 8 minutes.
[27Jun2025 03:36:35.865] [Server thread/INFO] [net.minecraft.server.dedicated.DedicatedServer/]: Spawn chance: 90.0%
[27Jun2025 03:36:35.866] [Server thread/INFO] [net.minecraft.server.dedicated.DedicatedServer/]: Possible spawns:
[27Jun2025 03:36:35.866] [Server thread/INFO] [net.minecraft.server.dedicated.DedicatedServer/]: Genesect: 9.09%, Suicune: 90.91%
[27Jun2025 03:36:52.663] [Server thread/INFO] [net.minecraft.server.dedicated.DedicatedServer/]: [feitonagringa: Teleported feitonagringa to FkSx]
[27Jun2025 03:37:14.756] [Server thread/INFO] [net.minecraft.server.dedicated.DedicatedServer/]: [feitonagringa: Teleported feitonagringa to FkSx]
[27Jun2025 03:37:57.816] [Server thread/INFO] [net.minecraft.server.dedicated.DedicatedServer/]: Time until next spawn attempt: 7 minutes.
[27Jun2025 03:37:57.816] [Server thread/INFO] [net.minecraft.server.dedicated.DedicatedServer/]: Spawn chance: 90.0%
[27Jun2025 03:37:57.816] [Server thread/INFO] [net.minecraft.server.dedicated.DedicatedServer/]: Possible spawns:
[27Jun2025 03:37:57.816] [Server thread/INFO] [net.minecraft.server.dedicated.DedicatedServer/]: Genesect: 9.09%, Chien-Pao: 90.91%
[27Jun2025 03:38:35.343] [Server thread/WARN] [net.minecraft.network.play.ServerPlayNetHandler/]: feitonagringa moved too quickly! 85.70439746565444,17.81610702686504,392.08150406522964
[27Jun2025 03:38:38.374] [Server thread/INFO] [net.minecraft.server.dedicated.DedicatedServer/]: feitonagringa fell from a high place
[27Jun2025 03:39:18.369] [Server thread/INFO] [net.minecraft.server.dedicated.DedicatedServer/]: Time until next spawn attempt: 5 minutes.
[27Jun2025 03:39:18.370] [Server thread/INFO] [net.minecraft.server.dedicated.DedicatedServer/]: Spawn chance: 90.0%
[27Jun2025 03:39:18.370] [Server thread/INFO] [net.minecraft.server.dedicated.DedicatedServer/]: Possible spawns:
[27Jun2025 03:39:18.370] [Server thread/INFO] [net.minecraft.server.dedicated.DedicatedServer/]: Chien-Pao: 45.45%, Genesect: 54.55%
[27Jun2025 03:40:17.572] [Server thread/WARN] [net.minecraft.network.play.ServerPlayNetHandler/]: TapuLele (vehicle of feitonagringa) moved wrongly! 0.3059912279913988
[27Jun2025 03:40:59.410] [Server thread/DEBUG] [net.minecraftforge.fml.FMLWorldPersistenceHook/WP]: Gathering id map for writing to world save world
[27Jun2025 03:40:59.417] [Server thread/DEBUG] [net.minecraftforge.fml.FMLWorldPersistenceHook/WP]: ID Map collection complete world
[27Jun2025 03:41:16.046] [Server thread/WARN] [net.minecraft.network.play.ServerPlayNetHandler/]: TapuLele (vehicle of feitonagringa) moved wrongly! 1.028868021290691
[27Jun2025 03:41:16.047] [Server thread/WARN] [net.minecraft.network.play.ServerPlayNetHandler/]: TapuLele (vehicle of feitonagringa) moved wrongly! 1.028868021290691
[27Jun2025 03:41:16.067] [Server thread/WARN] [net.minecraft.network.play.ServerPlayNetHandler/]: TapuLele (vehicle of feitonagringa) moved wrongly! 0.9807680194148816
[27Jun2025 03:41:16.121] [Server thread/WARN] [net.minecraft.network.play.ServerPlayNetHandler/]: TapuLele (vehicle of feitonagringa) moved wrongly! 0.8897724346302311
[27Jun2025 03:41:16.168] [Server thread/WARN] [net.minecraft.network.play.ServerPlayNetHandler/]: TapuLele (vehicle of feitonagringa) moved wrongly! 0.7605809976844284
[27Jun2025 03:41:16.221] [Server thread/WARN] [net.minecraft.network.play.ServerPlayNetHandler/]: TapuLele (vehicle of feitonagringa) moved wrongly! 0.6004929243385959
[27Jun2025 03:41:41.085] [Server thread/WARN] [net.minecraft.network.play.ServerPlayNetHandler/]: TapuLele (vehicle of feitonagringa) moved too quickly! 1.1598328651173233,0.0,-10.844730740983778
[27Jun2025 03:41:41.085] [Server thread/WARN] [net.minecraft.network.play.ServerPlayNetHandler/]: TapuLele (vehicle of feitonagringa) moved too quickly! 1.2349993694760997,0.0,-12.15413832564991
[27Jun2025 03:41:57.044] [Server thread/WARN] [net.minecraft.world.server.ServerWorld/]: Trying to add entity with duplicated UUID 29c8ae55-b8e7-4793-af89-f7d00cba0b22. Existing pixelmon:pixelmon#8744, new: pixelmon:pixelmon#8744
[27Jun2025 03:42:00.243] [Server thread/WARN] [net.minecraft.world.server.ServerWorld/]: Trying to add entity with duplicated UUID 29c8ae55-b8e7-4793-af89-f7d00cba0b22. Existing pixelmon:pixelmon#8744, new: pixelmon:pixelmon#8744
[27Jun2025 03:42:46.957] [Server thread/WARN] [net.minecraft.world.chunk.Chunk/]: Tried to load a block entity for block Block{pixelmon:black_chair}[facing=west] but failed at location BlockPos{x=1141, y=112, z=-5531}
[27Jun2025 03:42:46.958] [Server thread/WARN] [net.minecraft.world.chunk.Chunk/]: Tried to load a block entity for block Block{pixelmon:fossil_display}[facing=south,multipos=top] but failed at location BlockPos{x=1147, y=104, z=-5527}
[27Jun2025 03:42:46.958] [Server thread/WARN] [net.minecraft.world.chunk.Chunk/]: Tried to load a block entity for block Block{pixelmon:tv3}[facing=east,multipos=bottom,on=true] but failed at location BlockPos{x=1146, y=104, z=-5527}
[27Jun2025 03:42:46.958] [Server thread/WARN] [net.minecraft.world.chunk.Chunk/]: Tried to load a block entity for block Block{pixelmon:tv3}[facing=west,multipos=bottom,on=true] but failed at location BlockPos{x=1144, y=104, z=-5527}
[27Jun2025 03:42:46.958] [Server thread/WARN] [net.minecraft.world.chunk.Chunk/]: Tried to load a block entity for block Block{pixelmon:fossil_display}[facing=north,multipos=top] but failed at location BlockPos{x=1147, y=104, z=-5535}
[27Jun2025 03:42:46.959] [Server thread/WARN] [net.minecraft.world.chunk.Chunk/]: Tried to load a block entity for block Block{pixelmon:cyan_pc}[facing=south,multipos=top] but failed at location BlockPos{x=1136, y=104, z=-5527}
[27Jun2025 03:42:46.959] [Server thread/WARN] [net.minecraft.world.chunk.Chunk/]: Tried to load a block entity for block Block{pixelmon:black_armchair}[facing=west] but failed at location BlockPos{x=1149, y=103, z=-5531}
[27Jun2025 03:42:46.959] [Server thread/WARN] [net.minecraft.world.chunk.Chunk/]: Tried to load a block entity for block Block{pixelmon:tv3}[facing=east,multipos=top,on=true] but failed at location BlockPos{x=1146, y=105, z=-5527}
[27Jun2025 03:42:46.959] [Server thread/WARN] [net.minecraft.world.chunk.Chunk/]: Tried to load a block entity for block Block{pixelmon:gray_rug}[facing=east,multipos=bottom] but failed at location BlockPos{x=1145, y=103, z=-5530}
[27Jun2025 03:42:46.959] [Server thread/WARN] [net.minecraft.world.chunk.Chunk/]: Tried to load a block entity for block Block{pixelmon:tv3}[facing=south,multipos=top,on=true] but failed at location BlockPos{x=1145, y=105, z=-5527}
[27Jun2025 03:42:46.959] [Server thread/WARN] [net.minecraft.world.chunk.Chunk/]: Tried to load a block entity for block Block{pixelmon:black_chair}[facing=east] but failed at location BlockPos{x=1146, y=103, z=-5530}
[27Jun2025 03:42:46.960] [Server thread/WARN] [net.minecraft.world.chunk.Chunk/]: Tried to load a block entity for block Block{pixelmon:tv3}[facing=west,multipos=top,on=true] but failed at location BlockPos{x=1144, y=105, z=-5527}
[27Jun2025 03:42:46.960] [Server thread/WARN] [net.minecraft.world.chunk.Chunk/]: Tried to load a block entity for block Block{pixelmon:gray_rug}[facing=east,multipos=bottom] but failed at location BlockPos{x=1145, y=103, z=-5532}
[27Jun2025 03:42:46.960] [Server thread/WARN] [net.minecraft.world.chunk.Chunk/]: Tried to load a block entity for block Block{pixelmon:gray_rug}[facing=north,multipos=base] but failed at location BlockPos{x=1144, y=103, z=-5530}
[27Jun2025 03:42:46.960] [Server thread/WARN] [net.minecraft.world.chunk.Chunk/]: Tried to load a block entity for block Block{pixelmon:black_chair}[facing=east] but failed at location BlockPos{x=1146, y=103, z=-5532}
[27Jun2025 03:42:46.960] [Server thread/WARN] [net.minecraft.world.chunk.Chunk/]: Tried to load a block entity for block Block{pixelmon:gray_rug}[facing=north,multipos=base] but failed at location BlockPos{x=1144, y=103, z=-5532}
[27Jun2025 03:43:11.985] [Server thread/WARN] [net.minecraft.world.chunk.Chunk/]: Tried to load a block entity for block Block{pixelmon:white_chair}[facing=west] but failed at location BlockPos{x=786, y=63, z=-5687}
[27Jun2025 03:43:11.985] [Server thread/WARN] [net.minecraft.world.chunk.Chunk/]: Tried to load a block entity for block Block{pixelmon:white_chair}[facing=west] but failed at location BlockPos{x=793, y=65, z=-5692}
[27Jun2025 03:43:11.985] [Server thread/WARN] [net.minecraft.world.chunk.Chunk/]: Tried to load a block entity for block Block{pixelmon:white_chair}[facing=west] but failed at location BlockPos{x=794, y=65, z=-5692}
[27Jun2025 03:43:11.985] [Server thread/WARN] [net.minecraft.world.chunk.Chunk/]: Tried to load a block entity for block Block{pixelmon:white_chair}[facing=west] but failed at location BlockPos{x=795, y=65, z=-5692}
[27Jun2025 03:43:11.985] [Server thread/WARN] [net.minecraft.world.chunk.Chunk/]: Tried to load a block entity for block Block{pixelmon:white_chair}[facing=west] but failed at location BlockPos{x=792, y=65, z=-5688}
[27Jun2025 03:43:11.986] [Server thread/WARN] [net.minecraft.world.chunk.Chunk/]: Tried to load a block entity for block Block{pixelmon:white_chair}[facing=west] but failed at location BlockPos{x=792, y=65, z=-5692}
[27Jun2025 03:43:11.986] [Server thread/WARN] [net.minecraft.world.chunk.Chunk/]: Tried to load a block entity for block Block{pixelmon:white_chair}[facing=south] but failed at location BlockPos{x=784, y=63, z=-5693}
[27Jun2025 03:43:11.986] [Server thread/WARN] [net.minecraft.world.chunk.Chunk/]: Tried to load a block entity for block Block{pixelmon:white_chair}[facing=south] but failed at location BlockPos{x=785, y=63, z=-5693}
[27Jun2025 03:43:11.986] [Server thread/WARN] [net.minecraft.world.chunk.Chunk/]: Tried to load a block entity for block Block{pixelmon:white_chair}[facing=north] but failed at location BlockPos{x=784, y=63, z=-5691}
[27Jun2025 03:43:11.986] [Server thread/WARN] [net.minecraft.world.chunk.Chunk/]: Tried to load a block entity for block Block{pixelmon:white_chair}[facing=north] but failed at location BlockPos{x=785, y=63, z=-5691}
[27Jun2025 03:43:11.986] [Server thread/WARN] [net.minecraft.world.chunk.Chunk/]: Tried to load a block entity for block Block{pixelmon:white_chair}[facing=west] but failed at location BlockPos{x=792, y=65, z=-5687}
[27Jun2025 03:43:11.986] [Server thread/WARN] [net.minecraft.world.chunk.Chunk/]: Tried to load a block entity for block Block{pixelmon:white_chair}[facing=west] but failed at location BlockPos{x=793, y=65, z=-5687}
[27Jun2025 03:43:11.986] [Server thread/WARN] [net.minecraft.world.chunk.Chunk/]: Tried to load a block entity for block Block{pixelmon:white_chair}[facing=west] but failed at location BlockPos{x=794, y=65, z=-5687}
[27Jun2025 03:43:11.986] [Server thread/WARN] [net.minecraft.world.chunk.Chunk/]: Tried to load a block entity for block Block{pixelmon:white_chair}[facing=west] but failed at location BlockPos{x=795, y=65, z=-5687}
[27Jun2025 03:43:11.987] [Server thread/WARN] [net.minecraft.world.chunk.Chunk/]: Tried to load a block entity for block Block{pixelmon:white_chair}[facing=north] but failed at location BlockPos{x=785, y=63, z=-5686}
[27Jun2025 03:43:11.987] [Server thread/WARN] [net.minecraft.world.chunk.Chunk/]: Tried to load a block entity for block Block{pixelmon:white_chair}[facing=west] but failed at location BlockPos{x=792, y=65, z=-5691}
[27Jun2025 03:43:11.987] [Server thread/WARN] [net.minecraft.world.chunk.Chunk/]: Tried to load a block entity for block Block{pixelmon:white_chair}[facing=west] but failed at location BlockPos{x=793, y=65, z=-5691}
[27Jun2025 03:43:11.987] [Server thread/WARN] [net.minecraft.world.chunk.Chunk/]: Tried to load a block entity for block Block{pixelmon:white_chair}[facing=west] but failed at location BlockPos{x=794, y=65, z=-5691}
[27Jun2025 03:43:11.987] [Server thread/WARN] [net.minecraft.world.chunk.Chunk/]: Tried to load a block entity for block Block{pixelmon:white_chair}[facing=west] but failed at location BlockPos{x=795, y=65, z=-5691}
[27Jun2025 03:43:11.987] [Server thread/WARN] [net.minecraft.world.chunk.Chunk/]: Tried to load a block entity for block Block{pixelmon:white_chair}[facing=south] but failed at location BlockPos{x=784, y=63, z=-5688}
[27Jun2025 03:43:11.987] [Server thread/WARN] [net.minecraft.world.chunk.Chunk/]: Tried to load a block entity for block Block{pixelmon:white_chair}[facing=south] but failed at location BlockPos{x=785, y=63, z=-5688}
[27Jun2025 03:43:11.987] [Server thread/WARN] [net.minecraft.world.chunk.Chunk/]: Tried to load a block entity for block Block{pixelmon:white_chair}[facing=north] but failed at location BlockPos{x=784, y=63, z=-5686}
[27Jun2025 03:43:11.987] [Server thread/WARN] [net.minecraft.world.chunk.Chunk/]: Tried to load a block entity for block Block{pixelmon:white_chair}[facing=west] but failed at location BlockPos{x=786, y=63, z=-5692}
[27Jun2025 03:43:11.989] [Server thread/WARN] [net.minecraft.world.chunk.Chunk/]: Tried to load a block entity for block Block{pixelmon:white_chair}[facing=west] but failed at location BlockPos{x=793, y=65, z=-5688}
[27Jun2025 03:43:11.989] [Server thread/WARN] [net.minecraft.world.chunk.Chunk/]: Tried to load a block entity for block Block{pixelmon:white_chair}[facing=west] but failed at location BlockPos{x=794, y=65, z=-5688}
[27Jun2025 03:43:11.989] [Server thread/WARN] [net.minecraft.world.chunk.Chunk/]: Tried to load a block entity for block Block{pixelmon:white_chair}[facing=west] but failed at location BlockPos{x=795, y=65, z=-5688}
[27Jun2025 03:43:11.989] [Server thread/WARN] [net.minecraft.world.chunk.Chunk/]: Tried to load a block entity for block Block{pixelmon:white_chair}[facing=north] but failed at location BlockPos{x=785, y=60, z=-5689}
[27Jun2025 03:43:13.328] [Server thread/WARN] [net.minecraft.world.chunk.Chunk/]: Tried to load a block entity for block Block{pixelmon:white_chair}[facing=east] but failed at location BlockPos{x=783, y=63, z=-5687}
[27Jun2025 03:43:13.328] [Server thread/WARN] [net.minecraft.world.chunk.Chunk/]: Tried to load a block entity for block Block{pixelmon:white_chair}[facing=east] but failed at location BlockPos{x=783, y=63, z=-5692}
[27Jun2025 03:43:40.025] [Server thread/WARN] [net.minecraft.network.play.ServerPlayNetHandler/]: TapuLele (vehicle of feitonagringa) moved wrongly! 0.43375917896082683
[27Jun2025 03:43:40.065] [Server thread/WARN] [net.minecraft.network.play.ServerPlayNetHandler/]: TapuLele (vehicle of feitonagringa) moved wrongly! 0.8205856259064603
[27Jun2025 03:43:40.119] [Server thread/WARN] [net.minecraft.network.play.ServerPlayNetHandler/]: TapuLele (vehicle of feitonagringa) moved wrongly! 1.0110602028335052
[27Jun2025 03:43:40.173] [Server thread/WARN] [net.minecraft.network.play.ServerPlayNetHandler/]: TapuLele (vehicle of feitonagringa) moved wrongly! 1.1786618498508687
[27Jun2025 03:43:40.213] [Server thread/WARN] [net.minecraft.network.play.ServerPlayNetHandler/]: TapuLele (vehicle of feitonagringa) moved wrongly! 1.3201976364825896
[27Jun2025 03:43:40.274] [Server thread/WARN] [net.minecraft.network.play.ServerPlayNetHandler/]: TapuLele (vehicle of feitonagringa) moved wrongly! 1.599904393307952
[27Jun2025 03:44:05.250] [Server thread/WARN] [net.minecraft.world.chunk.Chunk/]: Tried to load a block entity for block Block{pixelmon:boulder}[facing=south] but failed at location BlockPos{x=33, y=64, z=-5729}
[27Jun2025 03:44:07.237] [Server thread/INFO] [net.minecraft.server.dedicated.DedicatedServer/]: Time until next spawn attempt: 1 minutes.
[27Jun2025 03:44:07.238] [Server thread/INFO] [net.minecraft.server.dedicated.DedicatedServer/]: Spawn chance: 90.0%
[27Jun2025 03:44:07.238] [Server thread/INFO] [net.minecraft.server.dedicated.DedicatedServer/]: Possible spawns:
[27Jun2025 03:44:50.695] [Server thread/WARN] [net.minecraft.world.chunk.Chunk/]: Tried to load a block entity for block Block{pixelmon:boulder}[facing=east] but failed at location BlockPos{x=39, y=64, z=-5723}
[27Jun2025 03:44:53.527] [Server thread/WARN] [net.minecraft.world.chunk.Chunk/]: Tried to load a block entity for block Block{pixelmon:white_rug}[facing=south,multipos=bottom] but failed at location BlockPos{x=-500, y=66, z=-5580}
[27Jun2025 03:44:53.527] [Server thread/WARN] [net.minecraft.world.chunk.Chunk/]: Tried to load a block entity for block Block{pixelmon:red_cushion_chair}[facing=east] but failed at location BlockPos{x=-512, y=66, z=-5570}
[27Jun2025 03:44:53.527] [Server thread/WARN] [net.minecraft.world.chunk.Chunk/]: Tried to load a block entity for block Block{pixelmon:white_rug}[facing=east,multipos=base] but failed at location BlockPos{x=-500, y=66, z=-5581}
[27Jun2025 03:44:53.528] [Server thread/WARN] [net.minecraft.world.chunk.Chunk/]: Tried to load a block entity for block Block{pixelmon:blue_umbrella}[facing=east,multipos=base] but failed at location BlockPos{x=-497, y=72, z=-5578}
[27Jun2025 03:44:53.528] [Server thread/WARN] [net.minecraft.world.chunk.Chunk/]: Tried to load a block entity for block Block{pixelmon:tv}[facing=east,multipos=top,on=true] but failed at location BlockPos{x=-498, y=72, z=-5582}
[27Jun2025 03:44:53.528] [Server thread/WARN] [net.minecraft.world.chunk.Chunk/]: Tried to load a block entity for block Block{pixelmon:red_trade_machine}[facing=east,multipos=bottom] but failed at location BlockPos{x=-511, y=66, z=-5576}
[27Jun2025 03:44:53.528] [Server thread/WARN] [net.minecraft.world.chunk.Chunk/]: Tried to load a block entity for block Block{pixelmon:blue_umbrella}[facing=west,multipos=base] but failed at location BlockPos{x=-503, y=72, z=-5578}
[27Jun2025 03:44:53.528] [Server thread/WARN] [net.minecraft.world.chunk.Chunk/]: Tried to load a block entity for block Block{pixelmon:blue_vending_machine}[facing=west,multipos=top] but failed at location BlockPos{x=-503, y=67, z=-5578}
[27Jun2025 03:44:53.528] [Server thread/WARN] [net.minecraft.world.chunk.Chunk/]: Tried to load a block entity for block Block{pixelmon:blue_umbrella}[facing=east,multipos=top] but failed at location BlockPos{x=-497, y=73, z=-5578}
[27Jun2025 03:44:53.528] [Server thread/WARN] [net.minecraft.world.chunk.Chunk/]: Tried to load a block entity for block Block{pixelmon:white_vending_machine}[facing=west,multipos=top] but failed at location BlockPos{x=-503, y=67, z=-5580}
[27Jun2025 03:44:53.529] [Server thread/WARN] [net.minecraft.world.chunk.Chunk/]: Tried to load a block entity for block Block{pixelmon:blue_vending_machine}[facing=west,multipos=top] but failed at location BlockPos{x=-503, y=67, z=-5582}
[27Jun2025 03:44:53.529] [Server thread/WARN] [net.minecraft.world.chunk.Chunk/]: Tried to load a block entity for block Block{pixelmon:blue_rug}[facing=south,multipos=base] but failed at location BlockPos{x=-501, y=67, z=-5584}
[27Jun2025 03:44:53.529] [Server thread/WARN] [net.minecraft.world.chunk.Chunk/]: Tried to load a block entity for block Block{pixelmon:blue_folding_chair}[facing=north] but failed at location BlockPos{x=-502, y=71, z=-5578}
[27Jun2025 03:44:53.529] [Server thread/WARN] [net.minecraft.world.chunk.Chunk/]: Tried to load a block entity for block Block{pixelmon:blue_folding_chair}[facing=west] but failed at location BlockPos{x=-501, y=71, z=-5579}
[27Jun2025 03:44:53.529] [Server thread/WARN] [net.minecraft.world.chunk.Chunk/]: Tried to load a block entity for block Block{pixelmon:tv}[facing=east,multipos=base,on=false] but failed at location BlockPos{x=-498, y=71, z=-5582}
[27Jun2025 03:44:53.529] [Server thread/WARN] [net.minecraft.world.chunk.Chunk/]: Tried to load a block entity for block Block{pixelmon:red_trade_machine}[facing=east,multipos=top] but failed at location BlockPos{x=-511, y=67, z=-5576}
[27Jun2025 03:44:53.529] [Server thread/WARN] [net.minecraft.world.chunk.Chunk/]: Tried to load a block entity for block Block{pixelmon:blue_umbrella}[facing=west,multipos=top] but failed at location BlockPos{x=-503, y=73, z=-5578}
[27Jun2025 03:44:53.530] [Server thread/WARN] [net.minecraft.world.chunk.Chunk/]: Tried to load a block entity for block Block{pixelmon:blue_rug}[facing=west,multipos=bottom] but failed at location BlockPos{x=-502, y=67, z=-5584}
[27Jun2025 03:44:53.531] [Server thread/WARN] [net.minecraft.world.chunk.Chunk/]: Tried to load a block entity for block Block{pixelmon:blue_folding_chair}[facing=east] but failed at location BlockPos{x=-503, y=71, z=-5579}
[27Jun2025 03:44:53.531] [Server thread/WARN] [net.minecraft.world.chunk.Chunk/]: Tried to load a block entity for block Block{pixelmon:blue_folding_chair}[facing=south] but failed at location BlockPos{x=-502, y=71, z=-5580}
[27Jun2025 03:44:53.531] [Server thread/WARN] [net.minecraft.world.chunk.Chunk/]: Tried to load a block entity for block Block{pixelmon:red_trade_machine}[facing=north,multipos=top] but failed at location BlockPos{x=-512, y=67, z=-5576}
[27Jun2025 03:44:53.983] [Server thread/WARN] [net.minecraft.world.chunk.Chunk/]: Tried to load a block entity for block Block{pixelmon:red_cushion_chair}[facing=east] but failed at location BlockPos{x=-514, y=66, z=-5570}
[27Jun2025 03:44:53.983] [Server thread/WARN] [net.minecraft.world.chunk.Chunk/]: Tried to load a block entity for block Block{pixelmon:red_cushion_chair}[facing=east] but failed at location BlockPos{x=-513, y=66, z=-5570}
[27Jun2025 03:44:53.983] [Server thread/WARN] [net.minecraft.world.chunk.Chunk/]: Tried to load a block entity for block Block{pixelmon:white_rug}[facing=east,multipos=bottom] but failed at location BlockPos{x=-513, y=66, z=-5573}
[27Jun2025 03:44:53.983] [Server thread/WARN] [net.minecraft.world.chunk.Chunk/]: Tried to load a block entity for block Block{pixelmon:white_rug}[facing=north,multipos=base] but failed at location BlockPos{x=-514, y=66, z=-5573}
[27Jun2025 03:44:53.983] [Server thread/WARN] [net.minecraft.world.chunk.Chunk/]: Tried to load a block entity for block Block{pixelmon:red_trade_machine}[facing=west,multipos=top] but failed at location BlockPos{x=-513, y=67, z=-5576}
[27Jun2025 03:44:53.984] [Server thread/WARN] [net.minecraft.world.chunk.Chunk/]: Tried to load a block entity for block Block{pixelmon:red_trade_machine}[facing=west,multipos=bottom] but failed at location BlockPos{x=-513, y=66, z=-5576}
[27Jun2025 03:44:53.984] [Server thread/WARN] [net.minecraft.world.chunk.Chunk/]: Tried to load a block entity for block Block{pixelmon:red_pc}[facing=west,multipos=top] but failed at location BlockPos{x=-517, y=67, z=-5571}
[27Jun2025 03:45:08.938] [Server thread/WARN] [net.minecraft.world.chunk.Chunk/]: Tried to load a block entity for block Block{pixelmon:cyan_folding_chair}[facing=north] but failed at location BlockPos{x=-800, y=65, z=-5641}
[27Jun2025 03:45:09.217] [Server thread/WARN] [net.minecraft.world.chunk.Chunk/]: Tried to load a block entity for block Block{pixelmon:tv}[facing=south,multipos=top,on=true] but failed at location BlockPos{x=-799, y=68, z=-5720}
[27Jun2025 03:45:09.217] [Server thread/WARN] [net.minecraft.world.chunk.Chunk/]: Tried to load a block entity for block Block{pixelmon:tv}[facing=south,multipos=base,on=true] but failed at location BlockPos{x=-799, y=67, z=-5720}
[27Jun2025 03:45:09.745] [Server thread/WARN] [net.minecraft.tileentity.TileEntity/]: Block entity invalid: minecraft:furnace @ BlockPos{x=-803, y=66, z=-5724}
[27Jun2025 03:45:09.765] [Server thread/WARN] [net.minecraft.world.chunk.Chunk/]: Tried to load a block entity for block Block{pixelmon:tv3}[facing=south,multipos=bottom,on=true] but failed at location BlockPos{x=-806, y=66, z=-5741}
[27Jun2025 03:45:09.765] [Server thread/WARN] [net.minecraft.world.chunk.Chunk/]: Tried to load a block entity for block Block{pixelmon:tv3}[facing=south,multipos=top,on=true] but failed at location BlockPos{x=-806, y=67, z=-5741}
[27Jun2025 03:45:09.765] [Server thread/WARN] [net.minecraft.world.chunk.Chunk/]: Tried to load a block entity for block Block{pixelmon:gray_armchair}[facing=east] but failed at location BlockPos{x=-808, y=65, z=-5742}
[27Jun2025 03:45:09.765] [Server thread/WARN] [net.minecraft.world.chunk.Chunk/]: Tried to load a block entity for block Block{pixelmon:tv3}[facing=north,multipos=bottom,on=true] but failed at location BlockPos{x=-806, y=66, z=-5743}
[27Jun2025 03:45:09.766] [Server thread/WARN] [net.minecraft.world.chunk.Chunk/]: Tried to load a block entity for block Block{pixelmon:tv3}[facing=east,multipos=top,on=true] but failed at location BlockPos{x=-806, y=67, z=-5742}
[27Jun2025 03:45:09.766] [Server thread/WARN] [net.minecraft.world.chunk.Chunk/]: Tried to load a block entity for block Block{pixelmon:tv3}[facing=north,multipos=top,on=true] but failed at location BlockPos{x=-806, y=67, z=-5743}
[27Jun2025 03:45:09.794] [Server thread/WARN] [net.minecraft.tileentity.TileEntity/]: Block entity invalid: minecraft:furnace @ BlockPos{x=-806, y=65, z=-5739}
[27Jun2025 03:45:09.821] [Server thread/WARN] [net.minecraft.world.chunk.Chunk/]: Tried to load a block entity for block Block{pixelmon:magenta_chair}[facing=west] but failed at location BlockPos{x=-815, y=65, z=-5651}
[27Jun2025 03:45:09.822] [Server thread/WARN] [net.minecraft.world.chunk.Chunk/]: Tried to load a block entity for block Block{pixelmon:magenta_couch}[facing=south,multipos=bottom] but failed at location BlockPos{x=-813, y=65, z=-5654}
[27Jun2025 03:45:09.822] [Server thread/WARN] [net.minecraft.world.chunk.Chunk/]: Tried to load a block entity for block Block{pixelmon:magenta_chair}[facing=west] but failed at location BlockPos{x=-815, y=65, z=-5649}
[27Jun2025 03:45:09.822] [Server thread/WARN] [net.minecraft.world.chunk.Chunk/]: Tried to load a block entity for block Block{pixelmon:magenta_couch}[facing=north,multipos=top] but failed at location BlockPos{x=-813, y=66, z=-5656}
[27Jun2025 03:45:09.822] [Server thread/WARN] [net.minecraft.world.chunk.Chunk/]: Tried to load a block entity for block Block{pixelmon:magenta_couch}[facing=east,multipos=bottom] but failed at location BlockPos{x=-814, y=65, z=-5657}
[27Jun2025 03:45:09.822] [Server thread/WARN] [net.minecraft.world.chunk.Chunk/]: Tried to load a block entity for block Block{pixelmon:magenta_couch}[facing=south,multipos=top] but failed at location BlockPos{x=-813, y=66, z=-5654}
[27Jun2025 03:45:09.822] [Server thread/WARN] [net.minecraft.world.chunk.Chunk/]: Tried to load a block entity for block Block{pixelmon:magenta_couch}[facing=north,multipos=bottom] but failed at location BlockPos{x=-813, y=65, z=-5656}
[27Jun2025 03:45:09.822] [Server thread/WARN] [net.minecraft.world.chunk.Chunk/]: Tried to load a block entity for block Block{pixelmon:magenta_couch}[facing=east,multipos=top] but failed at location BlockPos{x=-813, y=66, z=-5655}
[27Jun2025 03:45:09.822] [Server thread/WARN] [net.minecraft.world.chunk.Chunk/]: Tried to load a block entity for block Block{pixelmon:magenta_couch}[facing=west,multipos=top] but failed at location BlockPos{x=-816, y=66, z=-5657}
[27Jun2025 03:45:09.822] [Server thread/WARN] [net.minecraft.world.chunk.Chunk/]: Tried to load a block entity for block Block{pixelmon:magenta_trade_machine}[facing=north,multipos=bottom] but failed at location BlockPos{x=-815, y=71, z=-5653}
[27Jun2025 03:45:09.823] [Server thread/WARN] [net.minecraft.world.chunk.Chunk/]: Tried to load a block entity for block Block{pixelmon:magenta_trade_machine}[facing=east,multipos=top] but failed at location BlockPos{x=-815, y=72, z=-5652}
[27Jun2025 03:45:09.823] [Server thread/WARN] [net.minecraft.world.chunk.Chunk/]: Tried to load a block entity for block Block{pixelmon:magenta_trade_machine}[facing=north,multipos=top] but failed at location BlockPos{x=-815, y=72, z=-5653}
[27Jun2025 03:45:09.823] [Server thread/WARN] [net.minecraft.world.chunk.Chunk/]: Tried to load a block entity for block Block{pixelmon:magenta_couch}[facing=east,multipos=top] but failed at location BlockPos{x=-814, y=66, z=-5657}
[27Jun2025 03:45:09.823] [Server thread/WARN] [net.minecraft.world.chunk.Chunk/]: Tried to load a block entity for block Block{pixelmon:magenta_trade_machine}[facing=south,multipos=bottom] but failed at location BlockPos{x=-815, y=71, z=-5651}
[27Jun2025 03:45:09.823] [Server thread/WARN] [net.minecraft.world.chunk.Chunk/]: Tried to load a block entity for block Block{pixelmon:magenta_couch}[facing=west,multipos=bottom] but failed at location BlockPos{x=-816, y=65, z=-5657}
[27Jun2025 03:45:09.823] [Server thread/WARN] [net.minecraft.world.chunk.Chunk/]: Tried to load a block entity for block Block{pixelmon:magenta_couch}[facing=north,multipos=top] but failed at location BlockPos{x=-815, y=66, z=-5657}
[27Jun2025 03:45:09.824] [Server thread/WARN] [net.minecraft.world.chunk.Chunk/]: Tried to load a block entity for block Block{pixelmon:magenta_trade_machine}[facing=south,multipos=top] but failed at location BlockPos{x=-815, y=72, z=-5651}
[27Jun2025 03:45:09.843] [Server thread/WARN] [net.minecraft.tileentity.TileEntity/]: Block entity invalid: minecraft:furnace @ BlockPos{x=-814, y=73, z=-5673}
[27Jun2025 03:45:09.856] [Server thread/WARN] [net.minecraft.world.chunk.Chunk/]: Tried to load a block entity for block Block{pixelmon:magenta_couch}[facing=south,multipos=top] but failed at location BlockPos{x=-813, y=66, z=-5644}
[27Jun2025 03:45:09.856] [Server thread/WARN] [net.minecraft.world.chunk.Chunk/]: Tried to load a block entity for block Block{pixelmon:magenta_couch}[facing=east,multipos=top] but failed at location BlockPos{x=-814, y=66, z=-5643}
[27Jun2025 03:45:09.858] [Server thread/WARN] [net.minecraft.world.chunk.Chunk/]: Tried to load a block entity for block Block{pixelmon:magenta_couch}[facing=north,multipos=bottom] but failed at location BlockPos{x=-813, y=65, z=-5646}
[27Jun2025 03:45:09.858] [Server thread/WARN] [net.minecraft.world.chunk.Chunk/]: Tried to load a block entity for block Block{pixelmon:magenta_couch}[facing=west,multipos=bottom] but failed at location BlockPos{x=-816, y=65, z=-5643}
[27Jun2025 03:45:09.858] [Server thread/WARN] [net.minecraft.world.chunk.Chunk/]: Tried to load a block entity for block Block{pixelmon:magenta_couch}[facing=east,multipos=top] but failed at location BlockPos{x=-813, y=66, z=-5645}
[27Jun2025 03:45:09.858] [Server thread/WARN] [net.minecraft.world.chunk.Chunk/]: Tried to load a block entity for block Block{pixelmon:magenta_couch}[facing=south,multipos=top] but failed at location BlockPos{x=-815, y=66, z=-5643}
[27Jun2025 03:45:09.858] [Server thread/WARN] [net.minecraft.world.chunk.Chunk/]: Tried to load a block entity for block Block{pixelmon:magenta_couch}[facing=south,multipos=bottom] but failed at location BlockPos{x=-813, y=65, z=-5644}
[27Jun2025 03:45:09.859] [Server thread/WARN] [net.minecraft.world.chunk.Chunk/]: Tried to load a block entity for block Block{pixelmon:magenta_couch}[facing=east,multipos=bottom] but failed at location BlockPos{x=-814, y=65, z=-5643}
[27Jun2025 03:45:09.859] [Server thread/WARN] [net.minecraft.world.chunk.Chunk/]: Tried to load a block entity for block Block{pixelmon:magenta_couch}[facing=north,multipos=top] but failed at location BlockPos{x=-813, y=66, z=-5646}
[27Jun2025 03:45:09.859] [Server thread/WARN] [net.minecraft.world.chunk.Chunk/]: Tried to load a block entity for block Block{pixelmon:magenta_couch}[facing=west,multipos=top] but failed at location BlockPos{x=-816, y=66, z=-5643}
[27Jun2025 03:45:09.897] [Server thread/WARN] [net.minecraft.tileentity.TileEntity/]: Block entity invalid: minecraft:furnace @ BlockPos{x=-803, y=65, z=-5641}
[27Jun2025 03:45:10.195] [Server thread/WARN] [net.minecraft.world.chunk.Chunk/]: Tried to load a block entity for block Block{pixelmon:tv}[facing=west,multipos=base,on=true] but failed at location BlockPos{x=-822, y=73, z=-5693}
[27Jun2025 03:45:10.196] [Server thread/WARN] [net.minecraft.world.chunk.Chunk/]: Tried to load a block entity for block Block{pixelmon:tv}[facing=west,multipos=top,on=true] but failed at location BlockPos{x=-822, y=74, z=-5693}
[27Jun2025 03:45:10.217] [Server thread/WARN] [net.minecraft.tileentity.TileEntity/]: Block entity invalid: minecraft:furnace @ BlockPos{x=-818, y=72, z=-5688}
[27Jun2025 03:45:10.379] [Server thread/WARN] [net.minecraft.world.chunk.Chunk/]: Tried to load a block entity for block Block{pixelmon:magenta_couch}[facing=north,multipos=top] but failed at location BlockPos{x=-820, y=72, z=-5655}
[27Jun2025 03:45:10.380] [Server thread/WARN] [net.minecraft.world.chunk.Chunk/]: Tried to load a block entity for block Block{pixelmon:magenta_couch}[facing=south,multipos=top] but failed at location BlockPos{x=-820, y=72, z=-5653}
[27Jun2025 03:45:10.380] [Server thread/WARN] [net.minecraft.world.chunk.Chunk/]: Tried to load a block entity for block Block{pixelmon:magenta_couch}[facing=north,multipos=bottom] but failed at location BlockPos{x=-820, y=71, z=-5655}
[27Jun2025 03:45:10.380] [Server thread/WARN] [net.minecraft.world.chunk.Chunk/]: Tried to load a block entity for block Block{pixelmon:magenta_couch}[facing=west,multipos=top] but failed at location BlockPos{x=-820, y=72, z=-5654}
[27Jun2025 03:45:10.381] [Server thread/WARN] [net.minecraft.world.chunk.Chunk/]: Tried to load a block entity for block Block{pixelmon:pink_pc}[facing=north,multipos=top] but failed at location BlockPos{x=-817, y=66, z=-5657}
[27Jun2025 03:45:10.381] [Server thread/WARN] [net.minecraft.world.chunk.Chunk/]: Tried to load a block entity for block Block{pixelmon:magenta_couch}[facing=south,multipos=bottom] but failed at location BlockPos{x=-820, y=71, z=-5649}
[27Jun2025 03:45:10.381] [Server thread/WARN] [net.minecraft.world.chunk.Chunk/]: Tried to load a block entity for block Block{pixelmon:magenta_couch}[facing=north,multipos=top] but failed at location BlockPos{x=-820, y=72, z=-5651}
[27Jun2025 03:45:10.381] [Server thread/WARN] [net.minecraft.world.chunk.Chunk/]: Tried to load a block entity for block Block{pixelmon:magenta_couch}[facing=south,multipos=bottom] but failed at location BlockPos{x=-820, y=71, z=-5653}
[27Jun2025 03:45:10.382] [Server thread/WARN] [net.minecraft.world.chunk.Chunk/]: Tried to load a block entity for block Block{pixelmon:magenta_couch}[facing=south,multipos=top] but failed at location BlockPos{x=-820, y=72, z=-5649}
[27Jun2025 03:45:10.382] [Server thread/WARN] [net.minecraft.world.chunk.Chunk/]: Tried to load a block entity for block Block{pixelmon:pink_pc}[facing=north,multipos=top] but failed at location BlockPos{x=-819, y=66, z=-5657}
[27Jun2025 03:45:10.382] [Server thread/WARN] [net.minecraft.world.chunk.Chunk/]: Tried to load a block entity for block Block{pixelmon:magenta_couch}[facing=north,multipos=bottom] but failed at location BlockPos{x=-820, y=71, z=-5651}
[27Jun2025 03:45:10.383] [Server thread/WARN] [net.minecraft.world.chunk.Chunk/]: Tried to load a block entity for block Block{pixelmon:magenta_couch}[facing=west,multipos=top] but failed at location BlockPos{x=-820, y=72, z=-5650}
[27Jun2025 03:45:10.383] [Server thread/WARN] [net.minecraft.world.chunk.Chunk/]: Tried to load a block entity for block Block{pixelmon:yellow_couch}[facing=north,multipos=top] but failed at location BlockPos{x=-818, y=74, z=-5672}
[27Jun2025 03:45:10.383] [Server thread/WARN] [net.minecraft.world.chunk.Chunk/]: Tried to load a block entity for block Block{pixelmon:tv3}[facing=south,multipos=bottom,on=true] but failed at location BlockPos{x=-820, y=74, z=-5670}
[27Jun2025 03:45:10.384] [Server thread/WARN] [net.minecraft.world.chunk.Chunk/]: Tried to load a block entity for block Block{pixelmon:yellow_couch}[facing=north,multipos=bottom] but failed at location BlockPos{x=-818, y=73, z=-5672}
[27Jun2025 03:45:10.384] [Server thread/WARN] [net.minecraft.world.chunk.Chunk/]: Tried to load a block entity for block Block{pixelmon:yellow_couch}[facing=east,multipos=top] but failed at location BlockPos{x=-818, y=74, z=-5671}
[27Jun2025 03:45:10.384] [Server thread/WARN] [net.minecraft.world.chunk.Chunk/]: Tried to load a block entity for block Block{pixelmon:yellow_couch}[facing=south,multipos=top] but failed at location BlockPos{x=-818, y=74, z=-5670}
[27Jun2025 03:45:10.384] [Server thread/WARN] [net.minecraft.world.chunk.Chunk/]: Tried to load a block entity for block Block{pixelmon:yellow_couch}[facing=south,multipos=bottom] but failed at location BlockPos{x=-818, y=73, z=-5670}
[27Jun2025 03:45:10.385] [Server thread/WARN] [net.minecraft.world.chunk.Chunk/]: Tried to load a block entity for block Block{pixelmon:tv3}[facing=north,multipos=top,on=true] but failed at location BlockPos{x=-820, y=75, z=-5672}
[27Jun2025 03:45:10.385] [Server thread/WARN] [net.minecraft.world.chunk.Chunk/]: Tried to load a block entity for block Block{pixelmon:tv3}[facing=north,multipos=bottom,on=true] but failed at location BlockPos{x=-820, y=74, z=-5672}
[27Jun2025 03:45:10.385] [Server thread/WARN] [net.minecraft.world.chunk.Chunk/]: Tried to load a block entity for block Block{pixelmon:tv3}[facing=west,multipos=top,on=true] but failed at location BlockPos{x=-820, y=75, z=-5671}
[27Jun2025 03:45:10.385] [Server thread/WARN] [net.minecraft.world.chunk.Chunk/]: Tried to load a block entity for block Block{pixelmon:tv3}[facing=south,multipos=top,on=true] but failed at location BlockPos{x=-820, y=75, z=-5670}
[27Jun2025 03:45:10.451] [Server thread/WARN] [net.minecraft.world.chunk.Chunk/]: Tried to load a block entity for block Block{pixelmon:pink_pc}[facing=south,multipos=top] but failed at location BlockPos{x=-819, y=66, z=-5643}
[27Jun2025 03:45:10.451] [Server thread/WARN] [net.minecraft.world.chunk.Chunk/]: Tried to load a block entity for block Block{pixelmon:pink_pc}[facing=south,multipos=top] but failed at location BlockPos{x=-817, y=66, z=-5643}
[27Jun2025 03:45:10.519] [Server thread/WARN] [net.minecraft.world.chunk.Chunk/]: Tried to load a block entity for block Block{pixelmon:tv3}[facing=north,multipos=top,on=true] but failed at location BlockPos{x=-817, y=67, z=-5629}
[27Jun2025 03:45:10.519] [Server thread/WARN] [net.minecraft.world.chunk.Chunk/]: Tried to load a block entity for block Block{pixelmon:tv3}[facing=south,multipos=top,on=true] but failed at location BlockPos{x=-817, y=67, z=-5627}
[27Jun2025 03:45:10.520] [Server thread/WARN] [net.minecraft.world.chunk.Chunk/]: Tried to load a block entity for block Block{pixelmon:gray_armchair}[facing=east] but failed at location BlockPos{x=-819, y=65, z=-5628}
[27Jun2025 03:45:10.520] [Server thread/WARN] [net.minecraft.world.chunk.Chunk/]: Tried to load a block entity for block Block{pixelmon:tv3}[facing=north,multipos=bottom,on=true] but failed at location BlockPos{x=-817, y=66, z=-5629}
[27Jun2025 03:45:10.520] [Server thread/WARN] [net.minecraft.world.chunk.Chunk/]: Tried to load a block entity for block Block{pixelmon:tv3}[facing=east,multipos=top,on=true] but failed at location BlockPos{x=-817, y=67, z=-5628}
[27Jun2025 03:45:10.520] [Server thread/WARN] [net.minecraft.world.chunk.Chunk/]: Tried to load a block entity for block Block{pixelmon:tv3}[facing=south,multipos=bottom,on=true] but failed at location BlockPos{x=-817, y=66, z=-5627}
[27Jun2025 03:45:10.545] [Server thread/WARN] [net.minecraft.tileentity.TileEntity/]: Block entity invalid: minecraft:furnace @ BlockPos{x=-817, y=65, z=-5625}
[27Jun2025 03:45:11.047] [Server thread/WARN] [net.minecraft.world.chunk.Chunk/]: Tried to load a block entity for block Block{pixelmon:tv}[facing=south,multipos=base,on=true] but failed at location BlockPos{x=-844, y=67, z=-5748}
[27Jun2025 03:45:11.047] [Server thread/WARN] [net.minecraft.world.chunk.Chunk/]: Tried to load a block entity for block Block{pixelmon:tv}[facing=south,multipos=top,on=true] but failed at location BlockPos{x=-844, y=68, z=-5748}
[27Jun2025 03:45:11.096] [Server thread/WARN] [net.minecraft.tileentity.TileEntity/]: Block entity invalid: minecraft:furnace @ BlockPos{x=-839, y=66, z=-5752}
[27Jun2025 03:45:11.259] [Server thread/WARN] [net.minecraft.world.chunk.Chunk/]: Tried to load a block entity for block Block{pixelmon:light_blue_chair}[facing=west] but failed at location BlockPos{x=-848, y=78, z=-5694}
[27Jun2025 03:45:11.259] [Server thread/WARN] [net.minecraft.world.chunk.Chunk/]: Tried to load a block entity for block Block{pixelmon:fan}[facing=west] but failed at location BlockPos{x=-847, y=80, z=-5691}
[27Jun2025 03:45:11.259] [Server thread/WARN] [net.minecraft.world.chunk.Chunk/]: Tried to load a block entity for block Block{pixelmon:light_blue_chair}[facing=west] but failed at location BlockPos{x=-848, y=78, z=-5691}
[27Jun2025 03:45:11.350] [Server thread/WARN] [net.minecraft.world.chunk.Chunk/]: Tried to load a block entity for block Block{pixelmon:tv3}[facing=east,multipos=top,on=true] but failed at location BlockPos{x=-848, y=86, z=-5668}
[27Jun2025 03:45:11.350] [Server thread/WARN] [net.minecraft.world.chunk.Chunk/]: Tried to load a block entity for block Block{pixelmon:tv3}[facing=east,multipos=bottom,on=true] but failed at location BlockPos{x=-848, y=85, z=-5668}
[27Jun2025 03:45:11.396] [Server thread/WARN] [net.minecraft.world.chunk.Chunk/]: Tried to load a block entity for block Block{pixelmon:red_vending_machine}[facing=east,multipos=top] but failed at location BlockPos{x=-845, y=85, z=-5654}
[27Jun2025 03:45:11.396] [Server thread/WARN] [net.minecraft.world.chunk.Chunk/]: Tried to load a block entity for block Block{pixelmon:red_couch}[facing=east,multipos=top] but failed at location BlockPos{x=-845, y=85, z=-5657}
[27Jun2025 03:45:11.396] [Server thread/WARN] [net.minecraft.world.chunk.Chunk/]: Tried to load a block entity for block Block{pixelmon:red_couch}[facing=north,multipos=top] but failed at location BlockPos{x=-845, y=85, z=-5658}
[27Jun2025 03:45:11.396] [Server thread/WARN] [net.minecraft.world.chunk.Chunk/]: Tried to load a block entity for block Block{pixelmon:red_vending_machine}[facing=east,multipos=top] but failed at location BlockPos{x=-845, y=85, z=-5655}
[27Jun2025 03:45:11.397] [Server thread/WARN] [net.minecraft.world.chunk.Chunk/]: Tried to load a block entity for block Block{pixelmon:red_couch}[facing=south,multipos=top] but failed at location BlockPos{x=-845, y=85, z=-5656}
[27Jun2025 03:45:11.397] [Server thread/WARN] [net.minecraft.world.chunk.Chunk/]: Tried to load a block entity for block Block{pixelmon:red_couch}[facing=east,multipos=top] but failed at location BlockPos{x=-845, y=85, z=-5661}
[27Jun2025 03:45:11.397] [Server thread/WARN] [net.minecraft.world.chunk.Chunk/]: Tried to load a block entity for block Block{pixelmon:red_couch}[facing=north,multipos=top] but failed at location BlockPos{x=-845, y=85, z=-5662}
[27Jun2025 03:45:11.397] [Server thread/WARN] [net.minecraft.world.chunk.Chunk/]: Tried to load a block entity for block Block{pixelmon:red_couch}[facing=south,multipos=top] but failed at location BlockPos{x=-845, y=85, z=-5660}
[27Jun2025 03:45:11.397] [Server thread/WARN] [net.minecraft.world.chunk.Chunk/]: Tried to load a block entity for block Block{pixelmon:red_cushion_chair}[facing=south] but failed at location BlockPos{x=-848, y=84, z=-5663}
[27Jun2025 03:45:11.397] [Server thread/WARN] [net.minecraft.world.chunk.Chunk/]: Tried to load a block entity for block Block{pixelmon:red_couch}[facing=north,multipos=bottom] but failed at location BlockPos{x=-845, y=84, z=-5658}
[27Jun2025 03:45:11.397] [Server thread/WARN] [net.minecraft.world.chunk.Chunk/]: Tried to load a block entity for block Block{pixelmon:red_couch}[facing=south,multipos=bottom] but failed at location BlockPos{x=-845, y=84, z=-5656}
[27Jun2025 03:45:11.397] [Server thread/WARN] [net.minecraft.world.chunk.Chunk/]: Tried to load a block entity for block Block{pixelmon:red_couch}[facing=north,multipos=bottom] but failed at location BlockPos{x=-845, y=84, z=-5662}
[27Jun2025 03:45:11.398] [Server thread/WARN] [net.minecraft.world.chunk.Chunk/]: Tried to load a block entity for block Block{pixelmon:red_couch}[facing=south,multipos=bottom] but failed at location BlockPos{x=-845, y=84, z=-5660}
[27Jun2025 03:45:11.497] [Server thread/WARN] [net.minecraft.tileentity.TileEntity/]: Block entity invalid: minecraft:furnace @ BlockPos{x=-845, y=65, z=-5617}
[27Jun2025 03:45:11.720] [Server thread/WARN] [net.minecraft.world.chunk.Chunk/]: Tried to load a block entity for block Block{pixelmon:tv}[facing=west,multipos=top,on=true] but failed at location BlockPos{x=-863, y=84, z=-5630}
[27Jun2025 03:45:11.720] [Server thread/WARN] [net.minecraft.world.chunk.Chunk/]: Tried to load a block entity for block Block{pixelmon:tv}[facing=north,multipos=base,on=true] but failed at location BlockPos{x=-849, y=66, z=-5621}
[27Jun2025 03:45:11.720] [Server thread/WARN] [net.minecraft.world.chunk.Chunk/]: Tried to load a block entity for block Block{pixelmon:tv}[facing=north,multipos=top,on=true] but failed at location BlockPos{x=-849, y=67, z=-5621}
[27Jun2025 03:45:11.720] [Server thread/WARN] [net.minecraft.world.chunk.Chunk/]: Tried to load a block entity for block Block{pixelmon:tv}[facing=west,multipos=base,on=true] but failed at location BlockPos{x=-863, y=83, z=-5630}
[27Jun2025 03:45:11.747] [Server thread/WARN] [net.minecraft.tileentity.TileEntity/]: Block entity invalid: minecraft:furnace @ BlockPos{x=-859, y=82, z=-5625}
[27Jun2025 03:45:11.798] [Server thread/WARN] [net.minecraft.world.chunk.Chunk/]: Tried to load a block entity for block Block{pixelmon:red_pc}[facing=west,multipos=top] but failed at location BlockPos{x=-851, y=85, z=-5661}
[27Jun2025 03:45:11.798] [Server thread/WARN] [net.minecraft.world.chunk.Chunk/]: Tried to load a block entity for block Block{pixelmon:red_cushion_chair}[facing=south] but failed at location BlockPos{x=-850, y=84, z=-5663}
[27Jun2025 03:45:11.824] [Server thread/WARN] [net.minecraft.world.chunk.Chunk/]: Tried to load a block entity for block Block{pixelmon:red_armchair}[facing=south] but failed at location BlockPos{x=-849, y=84, z=-5665}
[27Jun2025 03:45:11.824] [Server thread/WARN] [net.minecraft.world.chunk.Chunk/]: Tried to load a block entity for block Block{pixelmon:tv3}[facing=west,multipos=top,on=true] but failed at location BlockPos{x=-850, y=86, z=-5668}
[27Jun2025 03:45:11.824] [Server thread/WARN] [net.minecraft.world.chunk.Chunk/]: Tried to load a block entity for block Block{pixelmon:tv3}[facing=west,multipos=bottom,on=true] but failed at location BlockPos{x=-850, y=85, z=-5668}
[27Jun2025 03:45:11.824] [Server thread/WARN] [net.minecraft.world.chunk.Chunk/]: Tried to load a block entity for block Block{pixelmon:tv3}[facing=north,multipos=top,on=true] but failed at location BlockPos{x=-849, y=86, z=-5668}
[27Jun2025 03:45:11.858] [Server thread/WARN] [net.minecraft.world.chunk.Chunk/]: Tried to load a block entity for block Block{pixelmon:light_blue_couch}[facing=east,multipos=top] but failed at location BlockPos{x=-850, y=81, z=-5685}
[27Jun2025 03:45:11.858] [Server thread/WARN] [net.minecraft.world.chunk.Chunk/]: Tried to load a block entity for block Block{pixelmon:light_blue_couch}[facing=east,multipos=bottom] but failed at location BlockPos{x=-850, y=80, z=-5685}
[27Jun2025 03:45:11.858] [Server thread/WARN] [net.minecraft.world.chunk.Chunk/]: Tried to load a block entity for block Block{pixelmon:light_blue_rug}[facing=south,multipos=bottom] but failed at location BlockPos{x=-849, y=79, z=-5692}
[27Jun2025 03:45:11.858] [Server thread/WARN] [net.minecraft.world.chunk.Chunk/]: Tried to load a block entity for block Block{pixelmon:light_blue_couch}[facing=west,multipos=top] but failed at location BlockPos{x=-852, y=81, z=-5685}
[27Jun2025 03:45:11.858] [Server thread/WARN] [net.minecraft.world.chunk.Chunk/]: Tried to load a block entity for block Block{pixelmon:light_blue_couch}[facing=west,multipos=bottom] but failed at location BlockPos{x=-852, y=80, z=-5685}
[27Jun2025 03:45:11.858] [Server thread/WARN] [net.minecraft.world.chunk.Chunk/]: Tried to load a block entity for block Block{pixelmon:light_blue_couch}[facing=south,multipos=top] but failed at location BlockPos{x=-851, y=81, z=-5685}
[27Jun2025 03:45:11.858] [Server thread/WARN] [net.minecraft.world.chunk.Chunk/]: Tried to load a block entity for block Block{pixelmon:light_blue_vending_machine}[facing=south,multipos=top] but failed at location BlockPos{x=-855, y=79, z=-5690}
[27Jun2025 03:45:11.859] [Server thread/WARN] [net.minecraft.world.chunk.Chunk/]: Tried to load a block entity for block Block{pixelmon:light_blue_vending_machine}[facing=south,multipos=top] but failed at location BlockPos{x=-853, y=79, z=-5690}
[27Jun2025 03:45:11.859] [Server thread/WARN] [net.minecraft.world.chunk.Chunk/]: Tried to load a block entity for block Block{pixelmon:light_blue_rug}[facing=east,multipos=base] but failed at location BlockPos{x=-849, y=79, z=-5693}
[27Jun2025 03:45:11.859] [Server thread/WARN] [net.minecraft.world.chunk.Chunk/]: Tried to load a block entity for block Block{pixelmon:light_blue_vending_machine}[facing=north,multipos=top] but failed at location BlockPos{x=-853, y=79, z=-5695}
[27Jun2025 03:45:11.859] [Server thread/WARN] [net.minecraft.world.chunk.Chunk/]: Tried to load a block entity for block Block{pixelmon:light_blue_rug}[facing=east,multipos=base] but failed at location BlockPos{x=-855, y=78, z=-5693}
[27Jun2025 03:45:11.859] [Server thread/WARN] [net.minecraft.world.chunk.Chunk/]: Tried to load a block entity for block Block{pixelmon:light_blue_rug}[facing=south,multipos=bottom] but failed at location BlockPos{x=-855, y=78, z=-5692}
[27Jun2025 03:45:11.859] [Server thread/WARN] [net.minecraft.world.chunk.Chunk/]: Tried to load a block entity for block Block{pixelmon:light_blue_vending_machine}[facing=north,multipos=top] but failed at location BlockPos{x=-855, y=79, z=-5695}
[27Jun2025 03:45:12.046] [Server thread/WARN] [net.minecraft.world.chunk.Chunk/]: Tried to load a block entity for block Block{pixelmon:light_blue_couch}[facing=west,multipos=bottom] but failed at location BlockPos{x=-852, y=80, z=-5700}
[27Jun2025 03:45:12.047] [Server thread/WARN] [net.minecraft.world.chunk.Chunk/]: Tried to load a block entity for block Block{pixelmon:light_blue_couch}[facing=north,multipos=top] but failed at location BlockPos{x=-851, y=81, z=-5700}
[27Jun2025 03:45:12.047] [Server thread/WARN] [net.minecraft.world.chunk.Chunk/]: Tried to load a block entity for block Block{pixelmon:light_blue_couch}[facing=east,multipos=top] but failed at location BlockPos{x=-850, y=81, z=-5700}
[27Jun2025 03:45:12.047] [Server thread/WARN] [net.minecraft.world.chunk.Chunk/]: Tried to load a block entity for block Block{pixelmon:light_blue_couch}[facing=east,multipos=bottom] but failed at location BlockPos{x=-850, y=80, z=-5700}
[27Jun2025 03:45:12.047] [Server thread/WARN] [net.minecraft.world.chunk.Chunk/]: Tried to load a block entity for block Block{pixelmon:light_blue_couch}[facing=west,multipos=top] but failed at location BlockPos{x=-852, y=81, z=-5700}
[27Jun2025 03:45:12.047] [Server thread/WARN] [net.minecraft.world.chunk.Chunk/]: Tried to load a block entity for block Block{pixelmon:tv3}[facing=south,multipos=top,on=true] but failed at location BlockPos{x=-859, y=84, z=-5717}
[27Jun2025 03:45:12.047] [Server thread/WARN] [net.minecraft.world.chunk.Chunk/]: Tried to load a block entity for block Block{pixelmon:yellow_couch}[facing=north,multipos=bottom] but failed at location BlockPos{x=-857, y=82, z=-5719}
[27Jun2025 03:45:12.048] [Server thread/WARN] [net.minecraft.world.chunk.Chunk/]: Tried to load a block entity for block Block{pixelmon:tv3}[facing=north,multipos=top,on=true] but failed at location BlockPos{x=-859, y=84, z=-5719}
[27Jun2025 03:45:12.048] [Server thread/WARN] [net.minecraft.world.chunk.Chunk/]: Tried to load a block entity for block Block{pixelmon:tv3}[facing=west,multipos=top,on=true] but failed at location BlockPos{x=-859, y=84, z=-5718}
[27Jun2025 03:45:12.048] [Server thread/WARN] [net.minecraft.world.chunk.Chunk/]: Tried to load a block entity for block Block{pixelmon:yellow_couch}[facing=south,multipos=bottom] but failed at location BlockPos{x=-857, y=82, z=-5717}
[27Jun2025 03:45:12.048] [Server thread/WARN] [net.minecraft.world.chunk.Chunk/]: Tried to load a block entity for block Block{pixelmon:yellow_couch}[facing=north,multipos=top] but failed at location BlockPos{x=-857, y=83, z=-5719}
[27Jun2025 03:45:12.048] [Server thread/WARN] [net.minecraft.world.chunk.Chunk/]: Tried to load a block entity for block Block{pixelmon:tv3}[facing=south,multipos=bottom,on=true] but failed at location BlockPos{x=-859, y=83, z=-5717}
[27Jun2025 03:45:12.048] [Server thread/WARN] [net.minecraft.world.chunk.Chunk/]: Tried to load a block entity for block Block{pixelmon:yellow_couch}[facing=east,multipos=top] but failed at location BlockPos{x=-857, y=83, z=-5718}
[27Jun2025 03:45:12.048] [Server thread/WARN] [net.minecraft.world.chunk.Chunk/]: Tried to load a block entity for block Block{pixelmon:yellow_couch}[facing=south,multipos=top] but failed at location BlockPos{x=-857, y=83, z=-5717}
[27Jun2025 03:45:12.049] [Server thread/WARN] [net.minecraft.world.chunk.Chunk/]: Tried to load a block entity for block Block{pixelmon:tv3}[facing=north,multipos=bottom,on=true] but failed at location BlockPos{x=-859, y=83, z=-5719}
[27Jun2025 03:45:12.139] [Server thread/WARN] [net.minecraft.tileentity.TileEntity/]: Block entity invalid: minecraft:furnace @ BlockPos{x=-853, y=82, z=-5720}
[27Jun2025 03:45:12.148] [Server thread/WARN] [net.minecraft.world.chunk.Chunk/]: Tried to load a block entity for block Block{pixelmon:tv}[facing=south,multipos=base,on=true] but failed at location BlockPos{x=-859, y=68, z=-5748}
[27Jun2025 03:45:12.148] [Server thread/WARN] [net.minecraft.world.chunk.Chunk/]: Tried to load a block entity for block Block{pixelmon:tv}[facing=south,multipos=top,on=true] but failed at location BlockPos{x=-859, y=69, z=-5748}
[27Jun2025 03:45:12.197] [Server thread/WARN] [net.minecraft.tileentity.TileEntity/]: Block entity invalid: minecraft:furnace @ BlockPos{x=-854, y=67, z=-5752}
[27Jun2025 03:45:13.614] [Server thread/WARN] [net.minecraft.world.chunk.Chunk/]: Tried to load a block entity for block Block{pixelmon:tv}[facing=north,multipos=top,on=true] but failed at location BlockPos{x=-889, y=71, z=-5728}
[27Jun2025 03:45:13.614] [Server thread/WARN] [net.minecraft.world.chunk.Chunk/]: Tried to load a block entity for block Block{pixelmon:tv}[facing=north,multipos=base,on=true] but failed at location BlockPos{x=-889, y=70, z=-5728}
[27Jun2025 03:45:13.678] [Server thread/WARN] [net.minecraft.tileentity.TileEntity/]: Block entity invalid: minecraft:furnace @ BlockPos{x=-885, y=69, z=-5724}
[27Jun2025 03:45:14.418] [Server thread/WARN] [net.minecraft.world.chunk.Chunk/]: Tried to load a block entity for block Block{pixelmon:cyan_folding_chair}[facing=north] but failed at location BlockPos{x=-898, y=87, z=-5628}
[27Jun2025 03:45:14.456] [Server thread/WARN] [net.minecraft.tileentity.TileEntity/]: Block entity invalid: minecraft:furnace @ BlockPos{x=-901, y=87, z=-5628}
[27Jun2025 03:45:15.036] [Server thread/WARN] [net.minecraft.world.chunk.Chunk/]: Tried to load a block entity for block Block{pixelmon:tv}[facing=east,multipos=base,on=true] but failed at location BlockPos{x=-919, y=81, z=-5636}
[27Jun2025 03:45:15.036] [Server thread/WARN] [net.minecraft.world.chunk.Chunk/]: Tried to load a block entity for block Block{pixelmon:tv}[facing=east,multipos=top,on=true] but failed at location BlockPos{x=-919, y=82, z=-5636}
[27Jun2025 03:45:15.139] [Server thread/WARN] [net.minecraft.tileentity.TileEntity/]: Block entity invalid: minecraft:furnace @ BlockPos{x=-923, y=80, z=-5632}
[27Jun2025 03:45:15.328] [Server thread/WARN] [net.minecraft.world.chunk.Chunk/]: Tried to load a block entity for block Block{pixelmon:tv}[facing=east,multipos=top,on=true] but failed at location BlockPos{x=-838, y=67, z=-5602}
[27Jun2025 03:45:15.328] [Server thread/WARN] [net.minecraft.world.chunk.Chunk/]: Tried to load a block entity for block Block{pixelmon:tv}[facing=east,multipos=base,on=true] but failed at location BlockPos{x=-838, y=66, z=-5602}
[27Jun2025 03:45:15.351] [Server thread/WARN] [net.minecraft.tileentity.TileEntity/]: Block entity invalid: minecraft:furnace @ BlockPos{x=-842, y=65, z=-5607}
[27Jun2025 03:45:16.086] [Server thread/WARN] [net.minecraft.world.chunk.Chunk/]: Tried to load a block entity for block Block{pixelmon:brown_armchair}[facing=south] but failed at location BlockPos{x=-941, y=68, z=-5744}
[27Jun2025 03:45:16.086] [Server thread/WARN] [net.minecraft.world.chunk.Chunk/]: Tried to load a block entity for block Block{pixelmon:brown_armchair}[facing=south] but failed at location BlockPos{x=-943, y=68, z=-5744}
[27Jun2025 03:45:16.086] [Server thread/WARN] [net.minecraft.world.chunk.Chunk/]: Tried to load a block entity for block Block{pixelmon:brown_armchair}[facing=south] but failed at location BlockPos{x=-937, y=68, z=-5744}
[27Jun2025 03:45:16.087] [Server thread/WARN] [net.minecraft.world.chunk.Chunk/]: Tried to load a block entity for block Block{pixelmon:brown_armchair}[facing=south] but failed at location BlockPos{x=-939, y=68, z=-5744}
[27Jun2025 03:45:59.725] [Server thread/DEBUG] [net.minecraftforge.fml.FMLWorldPersistenceHook/WP]: Gathering id map for writing to world save world
[27Jun2025 03:45:59.734] [Server thread/DEBUG] [net.minecraftforge.fml.FMLWorldPersistenceHook/WP]: ID Map collection complete world
[27Jun2025 03:46:30.772] [Server thread/INFO] [net.minecraft.server.dedicated.DedicatedServer/]: Time until next spawn attempt: 3 minutes.
[27Jun2025 03:46:30.773] [Server thread/INFO] [net.minecraft.server.dedicated.DedicatedServer/]: Spawn chance: 90.0%
[27Jun2025 03:46:30.773] [Server thread/INFO] [net.minecraft.server.dedicated.DedicatedServer/]: Possible spawns:
[27Jun2025 03:46:30.773] [Server thread/INFO] [net.minecraft.server.dedicated.DedicatedServer/]: Entei: 100.0%
[27Jun2025 03:47:54.721] [Server thread/INFO] [net.minecraft.server.dedicated.DedicatedServer/]: Time until next spawn attempt: 2 minutes.
[27Jun2025 03:47:54.721] [Server thread/INFO] [net.minecraft.server.dedicated.DedicatedServer/]: Spawn chance: 90.0%
[27Jun2025 03:47:54.721] [Server thread/INFO] [net.minecraft.server.dedicated.DedicatedServer/]: Possible spawns:
[27Jun2025 03:48:32.052] [Server thread/WARN] [net.minecraft.world.chunk.Chunk/]: Tried to load a block entity for block Block{pixelmon:blue_rug}[facing=north,multipos=bottom] but failed at location BlockPos{x=-2208, y=68, z=-6086}
[27Jun2025 03:48:32.052] [Server thread/WARN] [net.minecraft.world.chunk.Chunk/]: Tried to load a block entity for block Block{pixelmon:blue_rug}[facing=west,multipos=base] but failed at location BlockPos{x=-2208, y=68, z=-6085}
[27Jun2025 03:48:33.338] [Server thread/WARN] [net.minecraft.world.chunk.Chunk/]: Tried to load a block entity for block Block{pixelmon:red_trade_machine}[facing=south,multipos=bottom] but failed at location BlockPos{x=-2217, y=67, z=-6095}
[27Jun2025 03:48:33.338] [Server thread/WARN] [net.minecraft.world.chunk.Chunk/]: Tried to load a block entity for block Block{pixelmon:blue_umbrella}[facing=north,multipos=base] but failed at location BlockPos{x=-2214, y=73, z=-6087}
[27Jun2025 03:48:33.339] [Server thread/WARN] [net.minecraft.world.chunk.Chunk/]: Tried to load a block entity for block Block{pixelmon:white_rug}[facing=south,multipos=base] but failed at location BlockPos{x=-2211, y=67, z=-6084}
[27Jun2025 03:48:33.339] [Server thread/WARN] [net.minecraft.world.chunk.Chunk/]: Tried to load a block entity for block Block{pixelmon:white_rug}[facing=west,multipos=bottom] but failed at location BlockPos{x=-2212, y=67, z=-6084}
[27Jun2025 03:48:33.339] [Server thread/WARN] [net.minecraft.world.chunk.Chunk/]: Tried to load a block entity for block Block{pixelmon:tv}[facing=south,multipos=top,on=true] but failed at location BlockPos{x=-2210, y=73, z=-6082}
[27Jun2025 03:48:33.339] [Server thread/WARN] [net.minecraft.world.chunk.Chunk/]: Tried to load a block entity for block Block{pixelmon:blue_umbrella}[facing=south,multipos=base] but failed at location BlockPos{x=-2214, y=73, z=-6081}
[27Jun2025 03:48:33.339] [Server thread/WARN] [net.minecraft.world.chunk.Chunk/]: Tried to load a block entity for block Block{pixelmon:red_trade_machine}[facing=south,multipos=top] but failed at location BlockPos{x=-2217, y=68, z=-6095}
[27Jun2025 03:48:33.339] [Server thread/WARN] [net.minecraft.world.chunk.Chunk/]: Tried to load a block entity for block Block{pixelmon:red_trade_machine}[facing=east,multipos=top] but failed at location BlockPos{x=-2217, y=68, z=-6096}
[27Jun2025 03:48:33.339] [Server thread/WARN] [net.minecraft.world.chunk.Chunk/]: Tried to load a block entity for block Block{pixelmon:blue_folding_chair}[facing=west] but failed at location BlockPos{x=-2212, y=72, z=-6086}
[27Jun2025 03:48:33.339] [Server thread/WARN] [net.minecraft.world.chunk.Chunk/]: Tried to load a block entity for block Block{pixelmon:blue_folding_chair}[facing=north] but failed at location BlockPos{x=-2213, y=72, z=-6085}
[27Jun2025 03:48:33.339] [Server thread/WARN] [net.minecraft.world.chunk.Chunk/]: Tried to load a block entity for block Block{pixelmon:blue_vending_machine}[facing=north,multipos=top] but failed at location BlockPos{x=-2214, y=68, z=-6087}
[27Jun2025 03:48:33.339] [Server thread/WARN] [net.minecraft.world.chunk.Chunk/]: Tried to load a block entity for block Block{pixelmon:blue_umbrella}[facing=south,multipos=top] but failed at location BlockPos{x=-2214, y=74, z=-6081}
[27Jun2025 03:48:33.340] [Server thread/WARN] [net.minecraft.world.chunk.Chunk/]: Tried to load a block entity for block Block{pixelmon:blue_folding_chair}[facing=south] but failed at location BlockPos{x=-2213, y=72, z=-6087}
[27Jun2025 03:48:33.340] [Server thread/WARN] [net.minecraft.world.chunk.Chunk/]: Tried to load a block entity for block Block{pixelmon:blue_folding_chair}[facing=east] but failed at location BlockPos{x=-2214, y=72, z=-6086}
[27Jun2025 03:48:33.340] [Server thread/WARN] [net.minecraft.world.chunk.Chunk/]: Tried to load a block entity for block Block{pixelmon:blue_umbrella}[facing=north,multipos=top] but failed at location BlockPos{x=-2214, y=74, z=-6087}
[27Jun2025 03:48:33.340] [Server thread/WARN] [net.minecraft.world.chunk.Chunk/]: Tried to load a block entity for block Block{pixelmon:tv}[facing=south,multipos=base,on=false] but failed at location BlockPos{x=-2210, y=72, z=-6082}
[27Jun2025 03:48:33.340] [Server thread/WARN] [net.minecraft.world.chunk.Chunk/]: Tried to load a block entity for block Block{pixelmon:blue_vending_machine}[facing=north,multipos=top] but failed at location BlockPos{x=-2210, y=68, z=-6087}
[27Jun2025 03:48:33.340] [Server thread/WARN] [net.minecraft.world.chunk.Chunk/]: Tried to load a block entity for block Block{pixelmon:white_vending_machine}[facing=north,multipos=top] but failed at location BlockPos{x=-2212, y=68, z=-6087}
[27Jun2025 03:48:33.341] [Server thread/WARN] [net.minecraft.world.chunk.Chunk/]: Tried to load a block entity for block Block{pixelmon:red_cushion_chair}[facing=south] but failed at location BlockPos{x=-2223, y=67, z=-6096}
[27Jun2025 03:48:37.218] [Server thread/WARN] [net.minecraft.world.chunk.Chunk/]: Tried to load a block entity for block Block{pixelmon:pink_pc}[facing=north,multipos=top] but failed at location BlockPos{x=-2289, y=69, z=-6032}
[27Jun2025 03:48:51.926] [Server thread/WARN] [net.minecraft.world.chunk.Chunk/]: Tried to load a block entity for block Block{pixelmon:red_trade_machine}[facing=north,multipos=top] but failed at location BlockPos{x=-2217, y=68, z=-6097}
[27Jun2025 03:48:51.926] [Server thread/WARN] [net.minecraft.world.chunk.Chunk/]: Tried to load a block entity for block Block{pixelmon:red_trade_machine}[facing=north,multipos=bottom] but failed at location BlockPos{x=-2217, y=67, z=-6097}
[27Jun2025 03:48:51.926] [Server thread/WARN] [net.minecraft.world.chunk.Chunk/]: Tried to load a block entity for block Block{pixelmon:white_rug}[facing=south,multipos=bottom] but failed at location BlockPos{x=-2220, y=67, z=-6097}
[27Jun2025 03:48:51.926] [Server thread/WARN] [net.minecraft.world.chunk.Chunk/]: Tried to load a block entity for block Block{pixelmon:white_rug}[facing=east,multipos=base] but failed at location BlockPos{x=-2220, y=67, z=-6098}
[27Jun2025 03:48:51.926] [Server thread/WARN] [net.minecraft.world.chunk.Chunk/]: Tried to load a block entity for block Block{pixelmon:red_cushion_chair}[facing=south] but failed at location BlockPos{x=-2223, y=67, z=-6098}
[27Jun2025 03:48:51.926] [Server thread/WARN] [net.minecraft.world.chunk.Chunk/]: Tried to load a block entity for block Block{pixelmon:red_cushion_chair}[facing=south] but failed at location BlockPos{x=-2223, y=67, z=-6097}
[27Jun2025 03:48:51.926] [Server thread/WARN] [net.minecraft.world.chunk.Chunk/]: Tried to load a block entity for block Block{pixelmon:red_pc}[facing=north,multipos=top] but failed at location BlockPos{x=-2222, y=68, z=-6101}
[27Jun2025 03:48:56.795] [Server thread/INFO] [net.minecraft.server.dedicated.DedicatedServer/]: [FkSx: Teleported FkSx to feitonagringa]
[27Jun2025 03:49:03.346] [Server thread/INFO] [net.minecraft.server.dedicated.DedicatedServer/]: [Pixelmon] Entei has spawned in a Alps biome!
[27Jun2025 03:49:03.347] [Server thread/INFO] [net.minecraft.server.dedicated.DedicatedServer/]: Spawned Entei at: ServerChunkCache: 6075 x:2047, y:127, z:-3859
[27Jun2025 03:49:07.461] [Server thread/INFO] [net.minecraft.server.dedicated.DedicatedServer/]: [feitonagringa: Teleported feitonagringa to FkSx]
[27Jun2025 03:50:19.716] [Server thread/INFO] [net.minecraft.server.dedicated.DedicatedServer/]: Time until next spawn attempt: 4 minutes.
[27Jun2025 03:50:19.717] [Server thread/INFO] [net.minecraft.server.dedicated.DedicatedServer/]: Spawn chance: 90.0%
[27Jun2025 03:50:19.717] [Server thread/INFO] [net.minecraft.server.dedicated.DedicatedServer/]: Possible spawns:
[27Jun2025 03:50:19.717] [Server thread/INFO] [net.minecraft.server.dedicated.DedicatedServer/]: Entei: 42.85%, Rayquaza: 57.14%
[27Jun2025 03:50:58.923] [Server thread/DEBUG] [net.minecraftforge.fml.FMLWorldPersistenceHook/WP]: Gathering id map for writing to world save world
[27Jun2025 03:50:58.930] [Server thread/DEBUG] [net.minecraftforge.fml.FMLWorldPersistenceHook/WP]: ID Map collection complete world
[27Jun2025 03:51:50.293] [Server thread/WARN] [net.minecraft.world.server.ServerWorld/]: Trying to add entity with duplicated UUID f34eef88-8d0f-43d1-b4e0-02624d0b0015. Existing pixelmon:pixelmon#14133, new: pixelmon:pixelmon#14133
[27Jun2025 03:53:54.795] [Server thread/INFO] [net.minecraft.server.dedicated.DedicatedServer/]: [Pixelmon] Rayquaza has spawned in a Alpine Foothills biome!
[27Jun2025 03:53:54.795] [Server thread/INFO] [net.minecraft.server.dedicated.DedicatedServer/]: Spawned Rayquaza at: ServerChunkCache: 4269 x:2022, y:163, z:-3837
[27Jun2025 03:54:20.545] [Server thread/INFO] [net.minecraft.server.dedicated.DedicatedServer/]: [feitonagringa: Teleported feitonagringa to FkSx]
[27Jun2025 03:55:26.162] [Server thread/WARN] [net.minecraft.network.play.ServerPlayNetHandler/]: feitonagringa moved wrongly!
[27Jun2025 03:55:58.953] [Server thread/DEBUG] [net.minecraftforge.fml.FMLWorldPersistenceHook/WP]: Gathering id map for writing to world save world
[27Jun2025 03:55:58.960] [Server thread/DEBUG] [net.minecraftforge.fml.FMLWorldPersistenceHook/WP]: ID Map collection complete world
[27Jun2025 03:56:06.751] [Server thread/INFO] [net.minecraft.server.dedicated.DedicatedServer/]: [Server] 2022, y:163, z:-3837
[27Jun2025 03:56:16.205] [Server thread/INFO] [net.minecraft.server.dedicated.DedicatedServer/]: [FkSx: Teleported FkSx to 2022.5, 163.0, -3836.5]
[27Jun2025 03:56:17.625] [Server thread/INFO] [net.minecraft.server.dedicated.DedicatedServer/]: FkSx fell from a high place
[27Jun2025 03:56:20.419] [Server thread/INFO] [net.minecraft.server.dedicated.DedicatedServer/]: [FkSx: Teleported FkSx to 2022.5, 163.0, -3836.5]
[27Jun2025 03:56:34.545] [Server thread/INFO] [net.minecraft.server.dedicated.DedicatedServer/]: [FkSx: Teleported FkSx to 2022.5, 163.0, -3836.5]
[27Jun2025 03:56:36.058] [Server thread/INFO] [net.minecraft.server.dedicated.DedicatedServer/]: feitonagringa fell from a high place
[27Jun2025 03:56:41.670] [Server thread/INFO] [net.minecraft.server.dedicated.DedicatedServer/]: [feitonagringa: Teleported feitonagringa to FkSx]
[27Jun2025 03:56:56.813] [Server thread/INFO] [net.minecraft.server.dedicated.DedicatedServer/]: Time until next spawn attempt: 4 minutes.
[27Jun2025 03:56:56.813] [Server thread/INFO] [net.minecraft.server.dedicated.DedicatedServer/]: Spawn chance: 90.0%
[27Jun2025 03:56:56.813] [Server thread/INFO] [net.minecraft.server.dedicated.DedicatedServer/]: Possible spawns:
[27Jun2025 03:56:56.813] [Server thread/INFO] [net.minecraft.server.dedicated.DedicatedServer/]: Suicune: 45.45%, Genesect: 54.55%
[27Jun2025 03:57:00.516] [Server thread/INFO] [net.minecraft.server.dedicated.DedicatedServer/]: FkSx hit the ground too hard
[27Jun2025 03:57:02.776] [Server thread/INFO] [net.minecraft.server.dedicated.DedicatedServer/]: [FkSx: Teleported FkSx to 2022.5, 163.0, -3836.5]
[27Jun2025 03:59:03.454] [Server thread/WARN] [net.minecraft.network.play.ServerPlayNetHandler/]: Swampert (vehicle of feitonagringa) moved wrongly! 0.9322982230564776
[27Jun2025 03:59:03.501] [Server thread/WARN] [net.minecraft.network.play.ServerPlayNetHandler/]: Swampert (vehicle of feitonagringa) moved wrongly! 1.9698922060761106
[27Jun2025 03:59:03.555] [Server thread/WARN] [net.minecraft.network.play.ServerPlayNetHandler/]: Swampert (vehicle of feitonagringa) moved wrongly! 1.005065143046977
[27Jun2025 03:59:03.636] [Server thread/WARN] [net.minecraft.network.play.ServerPlayNetHandler/]: Swampert (vehicle of feitonagringa) moved wrongly! 2.0339951564028524
[27Jun2025 03:59:04.424] [Server thread/INFO] [net.minecraft.server.dedicated.DedicatedServer/]: FkSx fell from a high place
[27Jun2025 03:59:19.428] [Server thread/INFO] [net.minecraft.server.dedicated.DedicatedServer/]: [FkSx: Teleported FkSx to feitonagringa]
[27Jun2025 03:59:40.150] [Server thread/WARN] [net.minecraft.network.play.ServerPlayNetHandler/]: Swampert (vehicle of feitonagringa) moved wrongly! 0.4539960678898751
[27Jun2025 03:59:41.142] [Server thread/WARN] [net.minecraft.network.play.ServerPlayNetHandler/]: Swampert (vehicle of feitonagringa) moved wrongly! 0.3744889371082536
[27Jun2025 03:59:41.147] [Server thread/WARN] [net.minecraft.network.play.ServerPlayNetHandler/]: Swampert (vehicle of feitonagringa) moved wrongly! 0.8464022561511229
[27Jun2025 03:59:41.652] [Server thread/WARN] [net.minecraft.network.play.ServerPlayNetHandler/]: Swampert (vehicle of feitonagringa) moved wrongly! 0.5642799102897698
[27Jun2025 03:59:41.699] [Server thread/WARN] [net.minecraft.network.play.ServerPlayNetHandler/]: Swampert (vehicle of feitonagringa) moved wrongly! 1.5081441970523883
[27Jun2025 03:59:41.787] [Server thread/WARN] [net.minecraft.network.play.ServerPlayNetHandler/]: Swampert (vehicle of feitonagringa) moved wrongly! 1.0131871582752865
[27Jun2025 04:00:13.698] [Server thread/WARN] [net.minecraft.network.play.ServerPlayNetHandler/]: feitonagringa moved too quickly! -66.80703059293842,81.40000009536743,-63.162993533655936
[27Jun2025 04:00:59.233] [Server thread/DEBUG] [net.minecraftforge.fml.FMLWorldPersistenceHook/WP]: Gathering id map for writing to world save world
[27Jun2025 04:00:59.241] [Server thread/DEBUG] [net.minecraftforge.fml.FMLWorldPersistenceHook/WP]: ID Map collection complete world
[27Jun2025 04:00:59.950] [Server thread/INFO] [net.minecraft.server.dedicated.DedicatedServer/]: feitonagringa fell from a high place
[27Jun2025 04:05:17.694] [Server thread/INFO] [net.minecraft.server.dedicated.DedicatedServer/]: [Pixelmon] Calyrex has spawned in a Snowy Coniferous Forest biome!
[27Jun2025 04:05:17.694] [Server thread/INFO] [net.minecraft.server.dedicated.DedicatedServer/]: Spawned Calyrex at: ServerChunkCache: 4183 x:2003, y:123, z:-3798
[27Jun2025 04:05:58.845] [Server thread/DEBUG] [net.minecraftforge.fml.FMLWorldPersistenceHook/WP]: Gathering id map for writing to world save world
[27Jun2025 04:05:58.852] [Server thread/DEBUG] [net.minecraftforge.fml.FMLWorldPersistenceHook/WP]: ID Map collection complete world
[27Jun2025 04:06:14.888] [Server thread/INFO] [net.minecraft.server.dedicated.DedicatedServer/]: [FkSx: Teleported FkSx to feitonagringa]
[27Jun2025 04:06:17.728] [Server thread/INFO] [net.minecraft.server.dedicated.DedicatedServer/]: FkSx fell from a high place
[27Jun2025 04:06:19.911] [Server thread/INFO] [net.minecraft.server.dedicated.DedicatedServer/]: [FkSx: Teleported FkSx to feitonagringa]
[27Jun2025 04:06:22.183] [Server thread/INFO] [net.minecraft.server.dedicated.DedicatedServer/]: FkSx fell from a high place
[27Jun2025 04:06:24.503] [Server thread/INFO] [net.minecraft.server.dedicated.DedicatedServer/]: [FkSx: Teleported FkSx to feitonagringa]
[27Jun2025 04:07:06.943] [Server thread/WARN] [net.minecraft.network.play.ServerPlayNetHandler/]: Swampert (vehicle of feitonagringa) moved wrongly! 0.40759504958123216
[27Jun2025 04:07:06.993] [Server thread/WARN] [net.minecraft.network.play.ServerPlayNetHandler/]: Swampert (vehicle of feitonagringa) moved wrongly! 1.4455999428264477
[27Jun2025 04:07:07.038] [Server thread/WARN] [net.minecraft.network.play.ServerPlayNetHandler/]: Swampert (vehicle of feitonagringa) moved wrongly! 2.483607012520224
[27Jun2025 04:07:07.096] [Server thread/WARN] [net.minecraft.network.play.ServerPlayNetHandler/]: Swampert (vehicle of feitonagringa) moved wrongly! 3.5215486474544377
[27Jun2025 04:07:07.146] [Server thread/WARN] [net.minecraft.network.play.ServerPlayNetHandler/]: Swampert (vehicle of feitonagringa) moved wrongly! 4.55840538131315
[27Jun2025 04:07:57.345] [Server thread/WARN] [net.minecraft.network.play.ServerPlayNetHandler/]: Swampert (vehicle of feitonagringa) moved wrongly! 0.355196800122485
[27Jun2025 04:08:46.943] [Server thread/INFO] [net.minecraft.server.dedicated.DedicatedServer/]: [Server] x:2003, y:123, z:-3798
[27Jun2025 04:08:58.071] [Server thread/INFO] [net.minecraft.server.dedicated.DedicatedServer/]: [FkSx: Teleported FkSx to 2003.5, 123.0, -3797.5]
[27Jun2025 04:09:06.166] [Server thread/INFO] [net.minecraft.server.dedicated.DedicatedServer/]: [feitonagringa: Teleported feitonagringa to FkSx]
[27Jun2025 04:10:21.497] [Server thread/INFO] [net.minecraft.server.dedicated.DedicatedServer/]: [feitonagringa: Teleported feitonagringa to FkSx]
[27Jun2025 04:10:59.075] [Server thread/DEBUG] [net.minecraftforge.fml.FMLWorldPersistenceHook/WP]: Gathering id map for writing to world save world
[27Jun2025 04:10:59.082] [Server thread/DEBUG] [net.minecraftforge.fml.FMLWorldPersistenceHook/WP]: ID Map collection complete world
[27Jun2025 04:11:17.344] [Server thread/INFO] [net.minecraft.server.dedicated.DedicatedServer/]: [feitonagringa: Teleported feitonagringa to FkSx]
[27Jun2025 04:11:30.023] [Server thread/INFO] [net.minecraft.server.dedicated.DedicatedServer/]: [FkSx: Teleported FkSx to 2022.5, 163.0, -3836.5]
[27Jun2025 04:13:13.793] [Server thread/INFO] [net.minecraft.server.dedicated.DedicatedServer/]: [Pixelmon] Rayquaza has spawned in a Alpine Foothills biome!
[27Jun2025 04:13:13.793] [Server thread/INFO] [net.minecraft.server.dedicated.DedicatedServer/]: Spawned Rayquaza at: ServerChunkCache: 4095 x:2068, y:138, z:-3845
[27Jun2025 04:13:42.057] [Server thread/INFO] [net.minecraft.server.dedicated.DedicatedServer/]: [feitonagringa: Teleported feitonagringa to FkSx]
[27Jun2025 04:13:43.836] [Server thread/INFO] [net.minecraft.server.dedicated.DedicatedServer/]: feitonagringa fell from a high place
[27Jun2025 04:13:46.065] [Server thread/INFO] [net.minecraft.server.dedicated.DedicatedServer/]: [feitonagringa: Teleported feitonagringa to FkSx]
[27Jun2025 04:13:51.892] [Server thread/INFO] [net.minecraft.server.dedicated.DedicatedServer/]: FkSx fell from a high place
[27Jun2025 04:13:55.055] [Server thread/INFO] [net.minecraft.server.dedicated.DedicatedServer/]: [FkSx: Teleported FkSx to feitonagringa]
[27Jun2025 04:14:00.042] [Server thread/INFO] [net.minecraft.server.dedicated.DedicatedServer/]: [Server] :2068, y:138, z:-3845
[27Jun2025 04:14:09.243] [Server thread/INFO] [net.minecraft.server.dedicated.DedicatedServer/]: [FkSx: Teleported FkSx to feitonagringa]
[27Jun2025 04:14:20.942] [Server thread/WARN] [net.minecraft.world.server.ServerWorld/]: Trying to add entity with duplicated UUID 2d12e3c8-5fb5-4871-a12a-cea2a5f75d63. Existing pixelmon:pixelmon#16848, new: pixelmon:pixelmon#16848
[27Jun2025 04:14:28.793] [Server thread/WARN] [net.minecraft.world.server.ServerWorld/]: Trying to add entity with duplicated UUID 2d12e3c8-5fb5-4871-a12a-cea2a5f75d63. Existing pixelmon:pixelmon#16848, new: pixelmon:pixelmon#16848
[27Jun2025 04:15:58.943] [Server thread/DEBUG] [net.minecraftforge.fml.FMLWorldPersistenceHook/WP]: Gathering id map for writing to world save world
[27Jun2025 04:15:58.951] [Server thread/DEBUG] [net.minecraftforge.fml.FMLWorldPersistenceHook/WP]: ID Map collection complete world
[27Jun2025 04:16:25.643] [Server thread/WARN] [net.minecraft.world.server.ServerWorld/]: Trying to add entity with duplicated UUID 2d12e3c8-5fb5-4871-a12a-cea2a5f75d63. Existing pixelmon:pixelmon#16848, new: pixelmon:pixelmon#16848
[27Jun2025 04:16:39.443] [Server thread/WARN] [net.minecraft.world.server.ServerWorld/]: Trying to add entity with duplicated UUID 2d12e3c8-5fb5-4871-a12a-cea2a5f75d63. Existing pixelmon:pixelmon#16848, new: pixelmon:pixelmon#16848
[27Jun2025 04:16:53.393] [Server thread/WARN] [net.minecraft.world.server.ServerWorld/]: Trying to add entity with duplicated UUID 2d12e3c8-5fb5-4871-a12a-cea2a5f75d63. Existing pixelmon:pixelmon#16848, new: pixelmon:pixelmon#16848
[27Jun2025 04:17:07.342] [Server thread/WARN] [net.minecraft.world.server.ServerWorld/]: Trying to add entity with duplicated UUID 2d12e3c8-5fb5-4871-a12a-cea2a5f75d63. Existing pixelmon:pixelmon#16848, new: pixelmon:pixelmon#16848
[27Jun2025 04:17:24.694] [Server thread/INFO] [net.minecraft.server.dedicated.DedicatedServer/]: FkSx has made the advancement [Wind rider!]
[27Jun2025 04:19:29.495] [Server thread/INFO] [net.minecraft.server.dedicated.DedicatedServer/]: [Pixelmon] Genesect has spawned in a Alpine Foothills biome!
[27Jun2025 04:19:29.496] [Server thread/INFO] [net.minecraft.server.dedicated.DedicatedServer/]: Spawned Genesect at: ServerChunkCache: 4095 x:2023, y:129, z:-3825
[27Jun2025 04:20:58.639] [Server thread/DEBUG] [net.minecraftforge.fml.FMLWorldPersistenceHook/WP]: Gathering id map for writing to world save world
[27Jun2025 04:20:58.646] [Server thread/DEBUG] [net.minecraftforge.fml.FMLWorldPersistenceHook/WP]: ID Map collection complete world
[27Jun2025 04:23:09.344] [Server thread/INFO] [net.minecraft.server.dedicated.DedicatedServer/]: [Server] 2023, y:129, z:-3825
[27Jun2025 04:23:15.061] [Server thread/INFO] [net.minecraft.server.dedicated.DedicatedServer/]: <VIP feitonagringa> nissin
[27Jun2025 04:23:15.543] [Server thread/INFO] [net.minecraft.server.dedicated.DedicatedServer/]: [Server] faz um tempo ja
[27Jun2025 04:23:18.282] [Server thread/INFO] [net.minecraft.server.dedicated.DedicatedServer/]: <VIP feitonagringa> esse animal
[27Jun2025 04:23:18.443] [Server thread/INFO] [net.minecraft.server.dedicated.DedicatedServer/]: [Server] oi
[27Jun2025 04:23:22.210] [Server thread/INFO] [net.minecraft.server.dedicated.DedicatedServer/]: <VIP feitonagringa> saiu voando
[27Jun2025 04:23:23.271] [Server thread/INFO] [net.minecraft.server.dedicated.DedicatedServer/]: Time until next spawn attempt: 2 minutes.
[27Jun2025 04:23:23.271] [Server thread/INFO] [net.minecraft.server.dedicated.DedicatedServer/]: Spawn chance: 90.0%
[27Jun2025 04:23:23.271] [Server thread/INFO] [net.minecraft.server.dedicated.DedicatedServer/]: Possible spawns:
[27Jun2025 04:23:23.271] [Server thread/INFO] [net.minecraft.server.dedicated.DedicatedServer/]: Suicune: 45.45%, Genesect: 54.55%
[27Jun2025 04:23:24.510] [Server thread/INFO] [net.minecraft.server.dedicated.DedicatedServer/]: <VIP feitonagringa> na maior paz
[27Jun2025 04:23:25.361] [Server thread/INFO] [net.minecraft.server.dedicated.DedicatedServer/]: <VIP FkSx> kkkkkkkkkkkkkkkkkkkkkkkkkkkkkk
[27Jun2025 04:23:25.993] [Server thread/INFO] [net.minecraft.server.dedicated.DedicatedServer/]: <VIP feitonagringa> do mundo
[27Jun2025 04:23:30.016] [Server thread/INFO] [net.minecraft.server.dedicated.DedicatedServer/]: <VIP FkSx> eles tao saindo voando
[27Jun2025 04:23:31.769] [Server thread/INFO] [net.minecraft.server.dedicated.DedicatedServer/]: <VIP feitonagringa> deixei pra la
[27Jun2025 04:23:33.443] [Server thread/INFO] [net.minecraft.server.dedicated.DedicatedServer/]: [Server] kkkkkkkkkkkkkkkkk
[27Jun2025 04:23:34.304] [Server thread/INFO] [net.minecraft.server.dedicated.DedicatedServer/]: <VIP FkSx> eu consegui pegar 1 rayquaz
[27Jun2025 04:23:39.180] [Server thread/INFO] [net.minecraft.server.dedicated.DedicatedServer/]: <VIP feitonagringa> voou tipo barata
[27Jun2025 04:23:41.960] [Server thread/INFO] [net.minecraft.server.dedicated.DedicatedServer/]: <VIP FkSx> tamo esperando pra tentar pegar ood obeto
[27Jun2025 04:25:11.093] [Server thread/INFO] [net.minecraft.server.dedicated.DedicatedServer/]: [Pixelmon] Entei has spawned in a Alps biome!
[27Jun2025 04:25:11.093] [Server thread/INFO] [net.minecraft.server.dedicated.DedicatedServer/]: Spawned Entei at: ServerChunkCache: 4183 x:1938, y:127, z:-3822
[27Jun2025 04:25:32.905] [Server thread/INFO] [net.minecraft.server.dedicated.DedicatedServer/]: [FkSx: Teleported FkSx to feitonagringa]
[27Jun2025 04:25:58.708] [Server thread/DEBUG] [net.minecraftforge.fml.FMLWorldPersistenceHook/WP]: Gathering id map for writing to world save world
[27Jun2025 04:25:58.715] [Server thread/DEBUG] [net.minecraftforge.fml.FMLWorldPersistenceHook/WP]: ID Map collection complete world
[27Jun2025 04:26:45.811] [Server thread/INFO] [net.minecraft.server.dedicated.DedicatedServer/]: FkSx fell from a high place
[27Jun2025 04:26:46.914] [Server thread/FATAL] [net.minecraft.util.concurrent.ThreadTaskExecutor/]: Error executing task on Server
java.lang.NullPointerException: null
	at net.minecraft.world.server.TicketManager.func_219367_b(TicketManager.java:227) ~[?:?]
	at net.minecraft.world.server.ChunkManager.func_219183_a(ChunkManager.java:884) ~[?:?]
	at net.minecraft.world.server.ServerChunkProvider.func_217221_a(ServerChunkProvider.java:450) ~[?:?]
	at net.minecraft.network.play.ServerPlayNetHandler.func_147347_a(ServerPlayNetHandler.java:845) ~[?:?]
	at net.minecraft.network.play.client.CPlayerPacket.func_148833_a(SourceFile:122) ~[?:?]
	at net.minecraft.network.play.client.CPlayerPacket$PositionPacket.func_148833_a(SourceFile:56) ~[?:?]
	at net.minecraft.network.PacketThreadUtil.func_225383_a(SourceFile:21) ~[?:?]
	at net.minecraft.util.concurrent.TickDelayedTask.run(SourceFile:18) ~[?:?]
	at net.minecraft.util.concurrent.ThreadTaskExecutor.func_213166_h(SourceFile:144) ~[?:?]
	at net.minecraft.util.concurrent.RecursiveEventLoop.func_213166_h(SourceFile:23) ~[?:?]
	at net.minecraft.server.MinecraftServer.func_213166_h(MinecraftServer.java:734) ~[?:?]
	at net.minecraft.server.MinecraftServer.func_213166_h(MinecraftServer.java:159) ~[?:?]
	at net.minecraft.util.concurrent.ThreadTaskExecutor.func_213168_p(SourceFile:118) ~[?:?]
	at net.minecraft.server.MinecraftServer.func_213205_aW(MinecraftServer.java:717) ~[?:?]
	at net.minecraft.server.MinecraftServer.func_213168_p(MinecraftServer.java:711) ~[?:?]
	at net.minecraft.util.concurrent.ThreadTaskExecutor.func_213161_c(SourceFile:127) ~[?:?]
	at net.minecraft.server.MinecraftServer.func_213202_o(MinecraftServer.java:697) ~[?:?]
	at net.minecraft.server.MinecraftServer.func_240802_v_(MinecraftServer.java:646) ~[?:?]
	at net.minecraft.server.MinecraftServer.func_240783_a_(MinecraftServer.java:232) ~[?:?]
	at java.lang.Thread.run(Thread.java:750) [?:1.8.0_402-402]
[27Jun2025 04:26:52.793] [Server thread/WARN] [net.minecraft.world.server.ServerWorld/]: Trying to add entity with duplicated UUID 6d160b61-75ab-4934-9ccd-719ca44d8232. Existing pixelmon:pixelmon#17523, new: pixelmon:pixelmon#17523
[27Jun2025 04:27:00.710] [Server thread/INFO] [net.minecraft.server.dedicated.DedicatedServer/]: [FkSx: Teleported FkSx to feitonagringa]
[27Jun2025 04:27:04.692] [Server thread/WARN] [net.minecraft.world.server.ServerWorld/]: Trying to add entity with duplicated UUID 6d160b61-75ab-4934-9ccd-719ca44d8232. Existing pixelmon:pixelmon#17523, new: pixelmon:pixelmon#17523
[27Jun2025 04:27:21.492] [Server thread/INFO] [net.minecraft.network.play.ServerPlayNetHandler/]: feitonagringa lost connection: Disconnected
[27Jun2025 04:27:21.492] [Server thread/INFO] [net.minecraft.server.dedicated.DedicatedServer/]: feitonagringa left the game
[27Jun2025 04:28:16.293] [Server thread/WARN] [net.minecraft.world.server.ServerWorld/]: Trying to add entity with duplicated UUID 6d160b61-75ab-4934-9ccd-719ca44d8232. Existing pixelmon:pixelmon#17523, new: pixelmon:pixelmon#17523
[27Jun2025 04:28:58.242] [Server thread/WARN] [net.minecraft.world.server.ServerWorld/]: Trying to add entity with duplicated UUID 6d160b61-75ab-4934-9ccd-719ca44d8232. Existing pixelmon:pixelmon#17523, new: pixelmon:pixelmon#17523
