[27Jun2025 03:14:45.831] [main/INFO] [cpw.mods.modlauncher.Launcher/MODLAUNCHER]: ModLauncher running: args [--gameDir, ., --launchTarget, fmlserver, --fml.forgeVersion, 36.2.35, --fml.mcpVersion, 20210115.111550, --fml.mcVersion, 1.16.5, --fml.forgeGroup, net.minecraftforge, nogui]
[27Jun2025 03:14:45.834] [main/INFO] [cpw.mods.modlauncher.Launcher/MODLAUNCHER]: ModLauncher 8.1.3+8.1.3+main-8.1.x.c94d18ec starting: java version 1.8.0_402-402 by OpenLogic-OpenJDK
[27Jun2025 03:14:46.245] [main/INFO] [net.minecraftforge.fml.loading.FixSSL/CORE]: Added Lets Encrypt root certificates as additional trust
[27Jun2025 03:14:46.306] [main/INFO] [mixin/]: SpongePowered MIXIN Subsystem Version=0.8.4 Source=file:/workspaces/kkk/pixel/libraries/org/spongepowered/mixin/0.8.4/mixin-0.8.4.jar Service=ModLauncher Env=SERVER
[27Jun2025 03:14:48.319] [main/INFO] [cpw.mods.modlauncher.LaunchServiceHandler/MODLAUNCHER]: Launching target 'fmlserver' with arguments [--gameDir, ., nogui]
[27Jun2025 03:15:01.024] [modloading-worker-1/INFO] [net.minecraftforge.common.ForgeMod/FORGEMOD]: Forge mod loading, version 36.2.35, for MC 1.16.5 with MCP 20210115.111550
[27Jun2025 03:15:01.166] [modloading-worker-1/INFO] [net.minecraftforge.common.MinecraftForge/FORGE]: MinecraftForge v36.2.35 Initialized
[27Jun2025 03:15:01.256] [modloading-worker-2/WARN] [net.minecraftforge.server.permission.PermissionAPI/]: Replacing net.minecraftforge.server.permission.DefaultPermissionHandler with dev.ftb.mods.ftbranks.forge.PermissionAPIWrapper
[27Jun2025 03:15:01.500] [modloading-worker-2/INFO] [Pixelmon/]: Patched lifecycle fields.
[27Jun2025 03:15:10.230] [main/INFO] [corgiaoc.byg.BYG/]: BYG: Blocks registered!
[27Jun2025 03:15:10.950] [main/INFO] [corgiaoc.byg.BYG/]: BYG: Items registered!
[27Jun2025 03:15:11.132] [main/INFO] [corgiaoc.byg.BYG/]: BYG: Block Entities registered!
[27Jun2025 03:15:11.287] [main/INFO] [corgiaoc.byg.BYG/]: BYG: Entities registered!
[27Jun2025 03:15:11.314] [main/INFO] [corgiaoc.byg.BYG/]: BYG: Block Entities registered!
[27Jun2025 03:15:11.384] [main/INFO] [corgiaoc.byg.BYG/]: BYG: Sounds registered!
[27Jun2025 03:15:14.110] [main/INFO] [corgiaoc.byg.BYG/]: BYG: Biomes registered!
[27Jun2025 03:15:14.114] [main/INFO] [corgiaoc.byg.BYG/]: BYG: Registering block placer types!
[27Jun2025 03:15:14.140] [main/INFO] [corgiaoc.byg.BYG/]: BYG: Decorators registered!
[27Jun2025 03:15:14.183] [main/INFO] [corgiaoc.byg.BYG/]: BYG: Features registered!
[27Jun2025 03:15:14.331] [main/INFO] [corgiaoc.byg.BYG/]: BYG: Structures registered!
[27Jun2025 03:15:14.347] [main/INFO] [corgiaoc.byg.BYG/]: BYG: Surface builders Registered!
[27Jun2025 03:15:14.571] [modloading-worker-0/INFO] [Pixelmon TCG/]: Loading TCG version 9.1.12
[27Jun2025 03:15:14.638] [modloading-worker-2/INFO] [net.minecraftforge.fml.network.FMLHandshakeHandler/FMLHANDSHAKE]: Registering forge reset packet
[27Jun2025 03:15:14.675] [modloading-worker-2/INFO] [net.minecraftforge.fml.network.FMLHandshakeHandler/FMLHANDSHAKE]: Registered forge reset packet
[27Jun2025 03:15:14.676] [modloading-worker-2/INFO] [Pixelmon/]: Loading Pixelmon version 9.1.12
[27Jun2025 03:15:14.727] [modloading-worker-3/INFO] [corgiaoc.byg.BYG/]: BYG: "Common Setup" Event Complete!
[27Jun2025 03:15:14.733] [Forge Version Check/INFO] [net.minecraftforge.fml.VersionChecker/]: [forge] Starting version check at https://files.minecraftforge.net/net/minecraftforge/forge/promotions_slim.json
[27Jun2025 03:15:16.111] [modloading-worker-0/INFO] [Pixelmon TCG/]: Initializing Pixelmon TCG v9.1.12
[27Jun2025 03:15:16.142] [Forge Version Check/INFO] [net.minecraftforge.fml.VersionChecker/]: [forge] Found status: OUTDATED Current: 36.2.35 Target: 36.2.42
[27Jun2025 03:15:16.151] [Forge Version Check/INFO] [net.minecraftforge.fml.VersionChecker/]: [journeymap] Starting version check at https://forge.curseupdate.com/32274/journeymap
[27Jun2025 03:15:16.393] [Forge Version Check/WARN] [net.minecraftforge.fml.VersionChecker/]: Failed to process update information
java.lang.NullPointerException: null
	at net.minecraftforge.fml.VersionChecker$1.openUrlString(VersionChecker.java:160) ~[forge:?]
	at net.minecraftforge.fml.VersionChecker$1.process(VersionChecker.java:187) ~[forge:?]
	at java.lang.Iterable.forEach(Iterable.java:75) [?:1.8.0_402-402]
	at net.minecraftforge.fml.VersionChecker$1.run(VersionChecker.java:128) [forge:?]
[27Jun2025 03:15:16.398] [Forge Version Check/INFO] [net.minecraftforge.fml.VersionChecker/]: [pixelmon] Starting version check at https://reforged.gg/forge/update.json
[27Jun2025 03:15:16.889] [Forge Version Check/INFO] [net.minecraftforge.fml.VersionChecker/]: [pixelmon] Found status: OUTDATED Current: 9.1.12 Target: 9.1.13
[27Jun2025 03:15:16.893] [Forge Version Check/INFO] [net.minecraftforge.fml.VersionChecker/]: [tcg] Starting version check at https://reforged.gg/forge/update.json
[27Jun2025 03:15:17.095] [Forge Version Check/INFO] [net.minecraftforge.fml.VersionChecker/]: [tcg] Found status: OUTDATED Current: 9.1.12 Target: 9.1.13
[27Jun2025 03:15:17.455] [modloading-worker-2/INFO] [Pixelmon/]: Loaded Advancements
[27Jun2025 03:15:17.529] [modloading-worker-2/INFO] [Pixelmon/]: Started the async storage scheduler.
[27Jun2025 03:15:18.761] [main/INFO] [journeymap/]: Initializing Packet Registries
[27Jun2025 03:15:19.086] [main/INFO] [corgiaoc.byg.BYG/]: BYG: Compostible Blocks Added!
[27Jun2025 03:15:19.091] [main/INFO] [corgiaoc.byg.BYG/]: BYG: Added Hoeable Blocks!
[27Jun2025 03:15:19.107] [main/INFO] [corgiaoc.byg.BYG/]: BYG: Added Flammables!
[27Jun2025 03:15:19.117] [main/INFO] [corgiaoc.byg.BYG/]: BYG: Added strippable Blocks...
[27Jun2025 03:15:27.305] [main/INFO] [com.mojang.authlib.yggdrasil.YggdrasilAuthenticationService/]: Environment: authHost='https://authserver.mojang.com', accountsHost='https://api.mojang.com', sessionHost='https://sessionserver.mojang.com', servicesHost='https://api.minecraftservices.com', name='PROD'
[27Jun2025 03:15:29.024] [main/WARN] [net.minecraft.command.Commands/]: Ambiguity between arguments [spectate, ] and [spectate, target] with inputs: [words with spaces, "and symbols", word]
[27Jun2025 03:15:29.031] [main/WARN] [net.minecraft.command.Commands/]: Ambiguity between arguments [spectate, target] and [spectate, ] with inputs: [Player, 0123, @e, @e[type=foo], dd12be42-52a9-4a91-a8a1-11c01849e498]
[27Jun2025 03:15:29.051] [main/WARN] [net.minecraft.command.Commands/]: Ambiguity between arguments [teleport, destination] and [teleport, targets] with inputs: [Player, 0123, @e, dd12be42-52a9-4a91-a8a1-11c01849e498]
[27Jun2025 03:15:29.052] [main/WARN] [net.minecraft.command.Commands/]: Ambiguity between arguments [teleport, location] and [teleport, destination] with inputs: [0.1 -0.5 .9, 0 0 0]
[27Jun2025 03:15:29.065] [main/WARN] [net.minecraft.command.Commands/]: Ambiguity between arguments [teleport, location] and [teleport, targets] with inputs: [0.1 -0.5 .9, 0 0 0]
[27Jun2025 03:15:29.068] [main/WARN] [net.minecraft.command.Commands/]: Ambiguity between arguments [teleport, targets] and [teleport, destination] with inputs: [Player, 0123, dd12be42-52a9-4a91-a8a1-11c01849e498]
[27Jun2025 03:15:29.069] [main/WARN] [net.minecraft.command.Commands/]: Ambiguity between arguments [teleport, targets, location] and [teleport, targets, destination] with inputs: [0.1 -0.5 .9, 0 0 0]
[27Jun2025 03:15:29.087] [main/WARN] [net.minecraft.command.Commands/]: Ambiguity between arguments [waypoint, create, name, dimension, location, color, announce] and [waypoint, create, name, dimension, location, color, player] with inputs: [true, false]
[27Jun2025 03:15:29.093] [main/WARN] [net.minecraft.command.Commands/]: Ambiguity between arguments [waypoint, delete, name, announce] and [waypoint, delete, name, player] with inputs: [true, false]
[27Jun2025 03:15:29.102] [main/INFO] [FTB Ranks/]: Loading command nodes...
[27Jun2025 03:15:29.297] [main/INFO] [FTB Ranks/]: Loaded 1609 command nodes
[27Jun2025 03:15:29.884] [main/INFO] [net.minecraft.resources.SimpleReloadableResourceManager/]: Reloading ResourceManager: Default, forge-1.16.5-36.2.35-universal.jar, journeymap-1.16.5-5.8.3.jar, Pixelmon-1.16.5-9.1.13-server.jar, byg-1.3.6.jar, ExplorersCompass-1.16.5-1.1.2-forge.jar, NaturesCompass-1.16.5-1.9.1-forge.jar, architectury-1.32.68.jar, ftb-library-forge-1605.3.4-build.90.jar, ftb-ranks-forge-1605.1.6-build.33.jar
[27Jun2025 03:15:34.199] [Worker-Main-6/INFO] [net.minecraft.item.crafting.RecipeManager/]: Loaded 8 recipes
[27Jun2025 03:15:36.323] [Worker-Main-6/INFO] [net.minecraft.advancements.AdvancementList/]: Loaded 2005 advancements
[27Jun2025 03:15:40.922] [Worker-Main-6/INFO] [Pixelmon/]: Registering Better Spawner.
[27Jun2025 03:15:41.575] [Worker-Main-6/INFO] [Pixelmon/]: Registering trades.
[27Jun2025 03:15:41.620] [Worker-Main-6/INFO] [Pixelmon/]: Registering shop items.
[27Jun2025 03:15:52.235] [Server thread/INFO] [net.minecraft.server.dedicated.DedicatedServer/]: Starting minecraft server version 1.16.5
[27Jun2025 03:15:52.237] [Server thread/INFO] [net.minecraft.server.dedicated.DedicatedServer/]: Loading properties
[27Jun2025 03:15:52.237] [Server thread/INFO] [net.minecraft.server.dedicated.DedicatedServer/]: Default game type: SURVIVAL
[27Jun2025 03:15:52.237] [Server thread/INFO] [net.minecraft.server.MinecraftServer/]: Generating keypair
[27Jun2025 03:15:52.503] [Server thread/INFO] [net.minecraft.server.dedicated.DedicatedServer/]: Starting Minecraft server on *:25565
[27Jun2025 03:15:52.556] [Server thread/INFO] [net.minecraft.network.NetworkSystem/]: Using epoll channel type
[27Jun2025 03:15:52.955] [Server thread/INFO] [journeymap/]: Loading JourneyMap Forge Configs
[27Jun2025 03:15:52.961] [Thread-1/INFO] [journeymap/]: Loading JourneyMap Forge Configs
[27Jun2025 03:15:52.992] [Server thread/INFO] [net.minecraft.server.dedicated.DedicatedServer/]: Preparing level "world"
[27Jun2025 03:15:53.429] [Server thread/INFO] [net.minecraft.server.MinecraftServer/]: Preparing start region for dimension minecraft:overworld
[27Jun2025 03:15:55.761] [Netty Epoll Server IO #2/INFO] [net.minecraftforge.fml.server.ServerLifecycleHooks/SERVERHOOKS]: Disconnecting Player (server is still starting): Server is still starting! Please wait before reconnecting.
[27Jun2025 03:15:57.422] [Server thread/INFO] [net.minecraft.world.chunk.listener.LoggingChunkStatusListener/]: Preparing spawn area: 0%
[27Jun2025 03:15:57.423] [Server thread/INFO] [net.minecraft.world.chunk.listener.LoggingChunkStatusListener/]: Preparing spawn area: 0%
[27Jun2025 03:15:57.423] [Server thread/INFO] [net.minecraft.world.chunk.listener.LoggingChunkStatusListener/]: Preparing spawn area: 0%
[27Jun2025 03:15:57.423] [Server thread/INFO] [net.minecraft.world.chunk.listener.LoggingChunkStatusListener/]: Preparing spawn area: 0%
[27Jun2025 03:15:57.424] [Server thread/INFO] [net.minecraft.world.chunk.listener.LoggingChunkStatusListener/]: Preparing spawn area: 0%
[27Jun2025 03:15:57.424] [Server thread/INFO] [net.minecraft.world.chunk.listener.LoggingChunkStatusListener/]: Preparing spawn area: 0%
[27Jun2025 03:15:57.424] [Server thread/INFO] [net.minecraft.world.chunk.listener.LoggingChunkStatusListener/]: Preparing spawn area: 0%
[27Jun2025 03:15:57.424] [Server thread/INFO] [net.minecraft.world.chunk.listener.LoggingChunkStatusListener/]: Preparing spawn area: 0%
[27Jun2025 03:15:57.430] [Server thread/INFO] [net.minecraft.world.chunk.listener.LoggingChunkStatusListener/]: Preparing spawn area: 0%
[27Jun2025 03:15:57.519] [Netty Epoll Server IO #3/INFO] [net.minecraftforge.fml.server.ServerLifecycleHooks/SERVERHOOKS]: Disconnecting Player (server is still starting): Server is still starting! Please wait before reconnecting.
[27Jun2025 03:15:58.005] [Server thread/INFO] [net.minecraft.world.chunk.listener.LoggingChunkStatusListener/]: Preparing spawn area: 0%
[27Jun2025 03:15:58.212] [Netty Epoll Server IO #5/INFO] [net.minecraftforge.fml.server.ServerLifecycleHooks/SERVERHOOKS]: Disconnecting Player (server is still starting): Server is still starting! Please wait before reconnecting.
[27Jun2025 03:15:58.340] [Netty Epoll Server IO #4/INFO] [net.minecraftforge.fml.server.ServerLifecycleHooks/SERVERHOOKS]: Disconnecting Player (server is still starting): Server is still starting! Please wait before reconnecting.
[27Jun2025 03:15:58.359] [Server thread/INFO] [net.minecraft.world.chunk.listener.LoggingChunkStatusListener/]: Time elapsed: 4929 ms
[27Jun2025 03:15:58.360] [Server thread/INFO] [net.minecraft.server.dedicated.DedicatedServer/]: Done (5.431s)! For help, type "help"
[27Jun2025 03:15:58.481] [Server thread/INFO] [FTB Ranks/]: Loaded 2 ranks
[27Jun2025 03:15:58.488] [Server thread/INFO] [Pixelmon/]: Datapacks found: vanilla,mod:forge,mod:journeymap,mod:pixelmon,mod:byg,mod:explorerscompass,mod:naturescompass,mod:architectury,mod:ftblibrary,mod:ftbranks
[27Jun2025 03:16:01.402] [User Authenticator #1/INFO] [net.minecraft.network.login.ServerLoginNetHandler/]: UUID of player feitonagringa is 85ea14cd-d4b2-44fe-981c-edcf2638d7dc
[27Jun2025 03:16:04.152] [Server thread/INFO] [net.minecraftforge.common.AdvancementLoadFix/]: Using new advancement loading for net.minecraft.advancements.PlayerAdvancements@5dc8f55d
[27Jun2025 03:16:04.203] [Server thread/INFO] [net.minecraft.server.management.PlayerList/]: feitonagringa[/127.223.86.68:55951] logged in with entity id 70 at (-490.4070088657528, 63.0, -278.69860816384033)
[27Jun2025 03:16:04.297] [Server thread/INFO] [net.minecraft.server.dedicated.DedicatedServer/]: feitonagringa joined the game
[27Jun2025 03:16:09.666] [User Authenticator #2/INFO] [net.minecraft.network.login.ServerLoginNetHandler/]: UUID of player FkSx is 96a64c0a-dc64-4527-8fde-680b592dee64
[27Jun2025 03:16:12.152] [Server thread/INFO] [net.minecraftforge.common.AdvancementLoadFix/]: Using new advancement loading for net.minecraft.advancements.PlayerAdvancements@5b21ba3d
[27Jun2025 03:16:12.171] [Server thread/INFO] [net.minecraft.server.management.PlayerList/]: FkSx[/127.42.242.215:39307] logged in with entity id 122 at (3725.2864594681373, 181.0, -1756.259697633745)
[27Jun2025 03:16:12.202] [Server thread/INFO] [net.minecraft.server.dedicated.DedicatedServer/]: FkSx joined the game
[27Jun2025 03:16:19.068] [Server thread/INFO] [net.minecraft.server.dedicated.DedicatedServer/]: Unknown or incomplete command, see below for error
[27Jun2025 03:16:19.070] [Server thread/INFO] [net.minecraft.server.dedicated.DedicatedServer/]: checkspawn legendary<--[HERE]
[27Jun2025 03:16:21.054] [Server thread/INFO] [net.minecraft.server.dedicated.DedicatedServer/]: Time until next spawn attempt: 7 minutes.
[27Jun2025 03:16:21.055] [Server thread/INFO] [net.minecraft.server.dedicated.DedicatedServer/]: Spawn chance: 90.0%
[27Jun2025 03:16:21.055] [Server thread/INFO] [net.minecraft.server.dedicated.DedicatedServer/]: Possible spawns:
[27Jun2025 03:16:21.055] [Server thread/INFO] [net.minecraft.server.dedicated.DedicatedServer/]: Zamazenta: 100.0%
[27Jun2025 03:17:04.713] [Server thread/WARN] [net.minecraft.network.play.ServerPlayNetHandler/]: TapuLele (vehicle of feitonagringa) moved wrongly! 0.3289703589234705
[27Jun2025 03:17:04.797] [Server thread/WARN] [net.minecraft.network.play.ServerPlayNetHandler/]: TapuLele (vehicle of feitonagringa) moved wrongly! 0.9430687716210286
[27Jun2025 03:17:09.098] [Server thread/WARN] [net.minecraft.network.play.ServerPlayNetHandler/]: TapuLele (vehicle of feitonagringa) moved too quickly! -5.322036372360117,2.262207216850328,8.777046250047533
[27Jun2025 03:17:09.101] [Server thread/WARN] [net.minecraft.network.play.ServerPlayNetHandler/]: TapuLele (vehicle of feitonagringa) moved too quickly! -5.861726701855559,2.4664702985056124,9.90936375102001
[27Jun2025 03:17:09.102] [Server thread/WARN] [net.minecraft.network.play.ServerPlayNetHandler/]: TapuLele (vehicle of feitonagringa) moved too quickly! -6.359650932516615,2.662644565945442,10.964876385710795
[27Jun2025 03:17:25.923] [Server thread/WARN] [net.minecraft.tileentity.TileEntity/]: Block entity invalid: minecraft:furnace @ BlockPos{x=1494, y=67, z=-1668}
[27Jun2025 03:17:27.859] [Server thread/WARN] [net.minecraft.tileentity.TileEntity/]: Block entity invalid: minecraft:furnace @ BlockPos{x=1441, y=67, z=-1700}
[27Jun2025 03:17:28.103] [Server thread/WARN] [net.minecraft.tileentity.TileEntity/]: Block entity invalid: minecraft:furnace @ BlockPos{x=1499, y=67, z=-1644}
[27Jun2025 03:17:30.656] [Server thread/WARN] [net.minecraft.tileentity.TileEntity/]: Block entity invalid: minecraft:furnace @ BlockPos{x=1493, y=67, z=-1618}
[27Jun2025 03:17:30.798] [Server thread/WARN] [net.minecraft.tileentity.TileEntity/]: Block entity invalid: minecraft:furnace @ BlockPos{x=1437, y=65, z=-1628}
[27Jun2025 03:17:31.304] [Server thread/WARN] [net.minecraft.tileentity.TileEntity/]: Block entity invalid: minecraft:furnace @ BlockPos{x=1468, y=67, z=-1589}
[27Jun2025 03:17:31.768] [Server thread/WARN] [net.minecraft.tileentity.TileEntity/]: Block entity invalid: minecraft:furnace @ BlockPos{x=1418, y=65, z=-1646}
[27Jun2025 03:17:31.769] [Server thread/WARN] [net.minecraft.tileentity.TileEntity/]: Block entity invalid: minecraft:furnace @ BlockPos{x=1417, y=66, z=-1698}
[27Jun2025 03:17:31.769] [Server thread/WARN] [net.minecraft.tileentity.TileEntity/]: Block entity invalid: minecraft:furnace @ BlockPos{x=1446, y=67, z=-1577}
[27Jun2025 03:17:32.215] [Server thread/WARN] [net.minecraft.tileentity.TileEntity/]: Block entity invalid: minecraft:furnace @ BlockPos{x=1393, y=66, z=-1617}
[27Jun2025 03:17:32.215] [Server thread/WARN] [net.minecraft.tileentity.TileEntity/]: Block entity invalid: minecraft:furnace @ BlockPos{x=1404, y=62, z=-1573}
[27Jun2025 03:17:32.619] [Server thread/WARN] [net.minecraft.tileentity.TileEntity/]: Block entity invalid: minecraft:furnace @ BlockPos{x=1384, y=62, z=-1706}
[27Jun2025 03:17:35.254] [Server thread/WARN] [net.minecraft.tileentity.TileEntity/]: Block entity invalid: minecraft:furnace @ BlockPos{x=1356, y=66, z=-1647}
[27Jun2025 03:17:54.100] [Server thread/WARN] [net.minecraft.loot.LootTable/]: Tried to over-fill a container
[27Jun2025 03:18:14.299] [Server thread/INFO] [net.minecraft.server.dedicated.DedicatedServer/]: FkSx suffocated in a wall
[27Jun2025 03:21:04.627] [Server thread/INFO] [net.minecraft.server.dedicated.DedicatedServer/]: Time until next spawn attempt: 2 minutes.
[27Jun2025 03:21:04.628] [Server thread/INFO] [net.minecraft.server.dedicated.DedicatedServer/]: Spawn chance: 90.0%
[27Jun2025 03:21:04.628] [Server thread/INFO] [net.minecraft.server.dedicated.DedicatedServer/]: Possible spawns:
[27Jun2025 03:21:04.628] [Server thread/INFO] [net.minecraft.server.dedicated.DedicatedServer/]: Kyogre: 50.0%, Zarude: 50.0%
[27Jun2025 03:22:40.747] [Server thread/INFO] [net.minecraft.server.dedicated.DedicatedServer/]: [Pixelmon] Zarude has spawned in a Guiana Clearing biome!
[27Jun2025 03:22:40.748] [Server thread/INFO] [net.minecraft.server.dedicated.DedicatedServer/]: Spawned Zarude at: ServerChunkCache: 6075 x:3707, y:181, z:-1713
[27Jun2025 03:23:25.356] [Server thread/INFO] [net.minecraft.server.dedicated.DedicatedServer/]: [feitonagringa: Teleported feitonagringa to FkSx]
[27Jun2025 03:23:33.630] [Server thread/INFO] [net.minecraft.server.dedicated.DedicatedServer/]: [FkSx: Teleported FkSx to feitonagringa]
[27Jun2025 03:23:55.393] [Server thread/WARN] [net.minecraft.network.play.ServerPlayNetHandler/]: FkSx moved wrongly!
[27Jun2025 03:24:05.927] [Server thread/INFO] [net.minecraft.server.dedicated.DedicatedServer/]: [feitonagringa: Teleported feitonagringa to FkSx]
[27Jun2025 03:24:11.755] [Server thread/WARN] [net.minecraftforge.eventbus.EventBus/EVENTBUS]: Attempting to add a Lambda listener with computed generic type of Event. Are you sure this is what you meant? NOTE : there are complex lambda forms where the generic type information is erased and cannot be recovered at runtime.
[27Jun2025 03:31:43.396] [Server thread/INFO] [net.minecraft.server.dedicated.DedicatedServer/]: FkSx fell from a high place
[27Jun2025 03:31:52.054] [Server thread/INFO] [net.minecraft.server.dedicated.DedicatedServer/]: [feitonagringa: Teleported feitonagringa to FkSx]
[27Jun2025 03:31:57.305] [Server thread/INFO] [net.minecraft.server.dedicated.DedicatedServer/]: [FkSx: Teleported FkSx to feitonagringa]
[27Jun2025 03:32:25.647] [Server thread/INFO] [net.minecraft.server.dedicated.DedicatedServer/]: FkSx has made the advancement [The Steve Irwin of Pokéballs]
[27Jun2025 03:32:45.378] [Server thread/INFO] [net.minecraft.server.dedicated.DedicatedServer/]: Time until next spawn attempt: 3 minutes.
[27Jun2025 03:32:45.379] [Server thread/INFO] [net.minecraft.server.dedicated.DedicatedServer/]: Spawn chance: 90.0%
[27Jun2025 03:32:45.379] [Server thread/INFO] [net.minecraft.server.dedicated.DedicatedServer/]: Possible spawns:
[27Jun2025 03:32:47.353] [Server thread/INFO] [net.minecraft.server.dedicated.DedicatedServer/]: Time until next spawn attempt: 3 minutes.
[27Jun2025 03:32:47.354] [Server thread/INFO] [net.minecraft.server.dedicated.DedicatedServer/]: Spawn chance: 90.0%
[27Jun2025 03:32:47.354] [Server thread/INFO] [net.minecraft.server.dedicated.DedicatedServer/]: Possible spawns:
[27Jun2025 03:32:56.781] [Server thread/INFO] [net.minecraft.server.dedicated.DedicatedServer/]: [FkSx: Teleported FkSx to feitonagringa]
[27Jun2025 03:33:01.510] [Server thread/INFO] [net.minecraft.server.dedicated.DedicatedServer/]: Time until next spawn attempt: 3 minutes.
[27Jun2025 03:33:01.510] [Server thread/INFO] [net.minecraft.server.dedicated.DedicatedServer/]: Spawn chance: 90.0%
[27Jun2025 03:33:01.511] [Server thread/INFO] [net.minecraft.server.dedicated.DedicatedServer/]: Possible spawns:
[27Jun2025 03:33:42.741] [Server thread/INFO] [net.minecraft.server.dedicated.DedicatedServer/]: Time until next spawn attempt: 2 minutes.
[27Jun2025 03:33:42.742] [Server thread/INFO] [net.minecraft.server.dedicated.DedicatedServer/]: Spawn chance: 90.0%
[27Jun2025 03:33:42.742] [Server thread/INFO] [net.minecraft.server.dedicated.DedicatedServer/]: Possible spawns:
[27Jun2025 03:33:42.742] [Server thread/INFO] [net.minecraft.server.dedicated.DedicatedServer/]: Keldeo: 50.0%, Victini: 50.0%
[27Jun2025 03:33:48.196] [Server thread/WARN] [net.minecraft.tileentity.TileEntity/]: Block entity invalid: minecraft:furnace @ BlockPos{x=-654, y=67, z=-3554}
[27Jun2025 03:33:48.245] [Server thread/WARN] [net.minecraft.tileentity.TileEntity/]: Block entity invalid: minecraft:furnace @ BlockPos{x=-688, y=67, z=-3563}
[27Jun2025 03:33:48.850] [Server thread/WARN] [net.minecraft.tileentity.TileEntity/]: Block entity invalid: minecraft:furnace @ BlockPos{x=-621, y=65, z=-3586}
[27Jun2025 03:33:49.002] [Server thread/WARN] [net.minecraft.tileentity.TileEntity/]: Block entity invalid: minecraft:furnace @ BlockPos{x=-654, y=66, z=-3628}
[27Jun2025 03:33:49.159] [Server thread/WARN] [net.minecraft.tileentity.TileEntity/]: Block entity invalid: minecraft:furnace @ BlockPos{x=-675, y=66, z=-3637}
[27Jun2025 03:33:49.159] [Server thread/WARN] [net.minecraft.tileentity.TileEntity/]: Block entity invalid: minecraft:furnace @ BlockPos{x=-679, y=67, z=-3648}
[27Jun2025 03:33:49.435] [Server thread/WARN] [net.minecraft.tileentity.TileEntity/]: Block entity invalid: minecraft:furnace @ BlockPos{x=-570, y=62, z=-3562}
[27Jun2025 03:33:49.651] [Server thread/WARN] [net.minecraft.tileentity.TileEntity/]: Block entity invalid: minecraft:furnace @ BlockPos{x=-646, y=67, z=-3657}
[27Jun2025 03:33:49.850] [Server thread/WARN] [net.minecraft.tileentity.TileEntity/]: Block entity invalid: minecraft:furnace @ BlockPos{x=-558, y=66, z=-3653}
[27Jun2025 03:33:49.911] [Server thread/WARN] [net.minecraft.tileentity.TileEntity/]: Block entity invalid: minecraft:furnace @ BlockPos{x=-553, y=67, z=-3595}
[27Jun2025 03:33:53.414] [Server thread/INFO] [net.minecraft.server.dedicated.DedicatedServer/]: [feitonagringa: Teleported feitonagringa to FkSx]
[27Jun2025 03:34:19.154] [Server thread/INFO] [net.minecraft.server.dedicated.DedicatedServer/]: Time until next spawn attempt: 2 minutes.
[27Jun2025 03:34:19.155] [Server thread/INFO] [net.minecraft.server.dedicated.DedicatedServer/]: Spawn chance: 90.0%
[27Jun2025 03:34:19.155] [Server thread/INFO] [net.minecraft.server.dedicated.DedicatedServer/]: Possible spawns:
[27Jun2025 03:34:29.510] [Server thread/INFO] [net.minecraft.server.dedicated.DedicatedServer/]: Time until next spawn attempt: 2 minutes.
[27Jun2025 03:34:29.511] [Server thread/INFO] [net.minecraft.server.dedicated.DedicatedServer/]: Spawn chance: 90.0%
[27Jun2025 03:34:29.511] [Server thread/INFO] [net.minecraft.server.dedicated.DedicatedServer/]: Possible spawns:
[27Jun2025 03:34:40.429] [Server thread/INFO] [net.minecraft.server.dedicated.DedicatedServer/]: [feitonagringa: Teleported feitonagringa to FkSx]
[27Jun2025 03:34:40.812] [Server thread/WARN] [net.minecraft.loot.LootTable/]: Tried to over-fill a container
[27Jun2025 03:34:53.512] [Server thread/INFO] [net.minecraft.server.dedicated.DedicatedServer/]: Time until next spawn attempt: 1 minutes.
[27Jun2025 03:34:53.513] [Server thread/INFO] [net.minecraft.server.dedicated.DedicatedServer/]: Spawn chance: 90.0%
[27Jun2025 03:34:53.513] [Server thread/INFO] [net.minecraft.server.dedicated.DedicatedServer/]: Possible spawns:
[27Jun2025 03:35:01.213] [Server thread/INFO] [net.minecraft.server.dedicated.DedicatedServer/]: Time until next spawn attempt: 1 minutes.
[27Jun2025 03:35:01.213] [Server thread/INFO] [net.minecraft.server.dedicated.DedicatedServer/]: Spawn chance: 90.0%
[27Jun2025 03:35:01.213] [Server thread/INFO] [net.minecraft.server.dedicated.DedicatedServer/]: Possible spawns:
[27Jun2025 03:35:14.706] [Server thread/INFO] [net.minecraft.server.dedicated.DedicatedServer/]: [feitonagringa: Teleported feitonagringa to FkSx]
[27Jun2025 03:35:34.562] [Server thread/INFO] [net.minecraft.server.dedicated.DedicatedServer/]: Time until next spawn attempt: 1 minutes.
[27Jun2025 03:35:34.562] [Server thread/INFO] [net.minecraft.server.dedicated.DedicatedServer/]: Spawn chance: 90.0%
[27Jun2025 03:35:34.562] [Server thread/INFO] [net.minecraft.server.dedicated.DedicatedServer/]: Possible spawns:
[27Jun2025 03:35:58.371] [Server thread/INFO] [net.minecraft.server.dedicated.DedicatedServer/]: Time until next spawn attempt: 9 minutes.
[27Jun2025 03:35:58.372] [Server thread/INFO] [net.minecraft.server.dedicated.DedicatedServer/]: Spawn chance: 90.0%
[27Jun2025 03:35:58.372] [Server thread/INFO] [net.minecraft.server.dedicated.DedicatedServer/]: Possible spawns:
[27Jun2025 03:35:58.372] [Server thread/INFO] [net.minecraft.server.dedicated.DedicatedServer/]: Rayquaza: 100.0%
[27Jun2025 03:36:04.879] [Server thread/INFO] [net.minecraft.server.dedicated.DedicatedServer/]: [FkSx: Teleported FkSx to feitonagringa]
[27Jun2025 03:36:17.314] [Server thread/INFO] [net.minecraft.server.dedicated.DedicatedServer/]: Time until next spawn attempt: 8 minutes.
[27Jun2025 03:36:17.314] [Server thread/INFO] [net.minecraft.server.dedicated.DedicatedServer/]: Spawn chance: 90.0%
[27Jun2025 03:36:17.314] [Server thread/INFO] [net.minecraft.server.dedicated.DedicatedServer/]: Possible spawns:
[27Jun2025 03:36:17.314] [Server thread/INFO] [net.minecraft.server.dedicated.DedicatedServer/]: Genesect: 22.7%, Rayquaza: 37.83%, Suicune: 39.48%
[27Jun2025 03:36:35.865] [Server thread/INFO] [net.minecraft.server.dedicated.DedicatedServer/]: Time until next spawn attempt: 8 minutes.
[27Jun2025 03:36:35.865] [Server thread/INFO] [net.minecraft.server.dedicated.DedicatedServer/]: Spawn chance: 90.0%
[27Jun2025 03:36:35.866] [Server thread/INFO] [net.minecraft.server.dedicated.DedicatedServer/]: Possible spawns:
[27Jun2025 03:36:35.866] [Server thread/INFO] [net.minecraft.server.dedicated.DedicatedServer/]: Genesect: 9.09%, Suicune: 90.91%
[27Jun2025 03:36:52.663] [Server thread/INFO] [net.minecraft.server.dedicated.DedicatedServer/]: [feitonagringa: Teleported feitonagringa to FkSx]
[27Jun2025 03:37:14.756] [Server thread/INFO] [net.minecraft.server.dedicated.DedicatedServer/]: [feitonagringa: Teleported feitonagringa to FkSx]
[27Jun2025 03:37:57.816] [Server thread/INFO] [net.minecraft.server.dedicated.DedicatedServer/]: Time until next spawn attempt: 7 minutes.
[27Jun2025 03:37:57.816] [Server thread/INFO] [net.minecraft.server.dedicated.DedicatedServer/]: Spawn chance: 90.0%
[27Jun2025 03:37:57.816] [Server thread/INFO] [net.minecraft.server.dedicated.DedicatedServer/]: Possible spawns:
[27Jun2025 03:37:57.816] [Server thread/INFO] [net.minecraft.server.dedicated.DedicatedServer/]: Genesect: 9.09%, Chien-Pao: 90.91%
[27Jun2025 03:38:35.343] [Server thread/WARN] [net.minecraft.network.play.ServerPlayNetHandler/]: feitonagringa moved too quickly! 85.70439746565444,17.81610702686504,392.08150406522964
[27Jun2025 03:38:38.374] [Server thread/INFO] [net.minecraft.server.dedicated.DedicatedServer/]: feitonagringa fell from a high place
[27Jun2025 03:39:18.369] [Server thread/INFO] [net.minecraft.server.dedicated.DedicatedServer/]: Time until next spawn attempt: 5 minutes.
[27Jun2025 03:39:18.370] [Server thread/INFO] [net.minecraft.server.dedicated.DedicatedServer/]: Spawn chance: 90.0%
[27Jun2025 03:39:18.370] [Server thread/INFO] [net.minecraft.server.dedicated.DedicatedServer/]: Possible spawns:
[27Jun2025 03:39:18.370] [Server thread/INFO] [net.minecraft.server.dedicated.DedicatedServer/]: Chien-Pao: 45.45%, Genesect: 54.55%
[27Jun2025 03:40:17.572] [Server thread/WARN] [net.minecraft.network.play.ServerPlayNetHandler/]: TapuLele (vehicle of feitonagringa) moved wrongly! 0.3059912279913988
[27Jun2025 03:41:16.046] [Server thread/WARN] [net.minecraft.network.play.ServerPlayNetHandler/]: TapuLele (vehicle of feitonagringa) moved wrongly! 1.028868021290691
[27Jun2025 03:41:16.047] [Server thread/WARN] [net.minecraft.network.play.ServerPlayNetHandler/]: TapuLele (vehicle of feitonagringa) moved wrongly! 1.028868021290691
[27Jun2025 03:41:16.067] [Server thread/WARN] [net.minecraft.network.play.ServerPlayNetHandler/]: TapuLele (vehicle of feitonagringa) moved wrongly! 0.9807680194148816
[27Jun2025 03:41:16.121] [Server thread/WARN] [net.minecraft.network.play.ServerPlayNetHandler/]: TapuLele (vehicle of feitonagringa) moved wrongly! 0.8897724346302311
[27Jun2025 03:41:16.168] [Server thread/WARN] [net.minecraft.network.play.ServerPlayNetHandler/]: TapuLele (vehicle of feitonagringa) moved wrongly! 0.7605809976844284
[27Jun2025 03:41:16.221] [Server thread/WARN] [net.minecraft.network.play.ServerPlayNetHandler/]: TapuLele (vehicle of feitonagringa) moved wrongly! 0.6004929243385959
[27Jun2025 03:41:41.085] [Server thread/WARN] [net.minecraft.network.play.ServerPlayNetHandler/]: TapuLele (vehicle of feitonagringa) moved too quickly! 1.1598328651173233,0.0,-10.844730740983778
[27Jun2025 03:41:41.085] [Server thread/WARN] [net.minecraft.network.play.ServerPlayNetHandler/]: TapuLele (vehicle of feitonagringa) moved too quickly! 1.2349993694760997,0.0,-12.15413832564991
[27Jun2025 03:41:57.044] [Server thread/WARN] [net.minecraft.world.server.ServerWorld/]: Trying to add entity with duplicated UUID 29c8ae55-b8e7-4793-af89-f7d00cba0b22. Existing pixelmon:pixelmon#8744, new: pixelmon:pixelmon#8744
[27Jun2025 03:42:00.243] [Server thread/WARN] [net.minecraft.world.server.ServerWorld/]: Trying to add entity with duplicated UUID 29c8ae55-b8e7-4793-af89-f7d00cba0b22. Existing pixelmon:pixelmon#8744, new: pixelmon:pixelmon#8744
[27Jun2025 03:42:46.957] [Server thread/WARN] [net.minecraft.world.chunk.Chunk/]: Tried to load a block entity for block Block{pixelmon:black_chair}[facing=west] but failed at location BlockPos{x=1141, y=112, z=-5531}
[27Jun2025 03:42:46.958] [Server thread/WARN] [net.minecraft.world.chunk.Chunk/]: Tried to load a block entity for block Block{pixelmon:fossil_display}[facing=south,multipos=top] but failed at location BlockPos{x=1147, y=104, z=-5527}
[27Jun2025 03:42:46.958] [Server thread/WARN] [net.minecraft.world.chunk.Chunk/]: Tried to load a block entity for block Block{pixelmon:tv3}[facing=east,multipos=bottom,on=true] but failed at location BlockPos{x=1146, y=104, z=-5527}
[27Jun2025 03:42:46.958] [Server thread/WARN] [net.minecraft.world.chunk.Chunk/]: Tried to load a block entity for block Block{pixelmon:tv3}[facing=west,multipos=bottom,on=true] but failed at location BlockPos{x=1144, y=104, z=-5527}
[27Jun2025 03:42:46.958] [Server thread/WARN] [net.minecraft.world.chunk.Chunk/]: Tried to load a block entity for block Block{pixelmon:fossil_display}[facing=north,multipos=top] but failed at location BlockPos{x=1147, y=104, z=-5535}
[27Jun2025 03:42:46.959] [Server thread/WARN] [net.minecraft.world.chunk.Chunk/]: Tried to load a block entity for block Block{pixelmon:cyan_pc}[facing=south,multipos=top] but failed at location BlockPos{x=1136, y=104, z=-5527}
[27Jun2025 03:42:46.959] [Server thread/WARN] [net.minecraft.world.chunk.Chunk/]: Tried to load a block entity for block Block{pixelmon:black_armchair}[facing=west] but failed at location BlockPos{x=1149, y=103, z=-5531}
[27Jun2025 03:42:46.959] [Server thread/WARN] [net.minecraft.world.chunk.Chunk/]: Tried to load a block entity for block Block{pixelmon:tv3}[facing=east,multipos=top,on=true] but failed at location BlockPos{x=1146, y=105, z=-5527}
[27Jun2025 03:42:46.959] [Server thread/WARN] [net.minecraft.world.chunk.Chunk/]: Tried to load a block entity for block Block{pixelmon:gray_rug}[facing=east,multipos=bottom] but failed at location BlockPos{x=1145, y=103, z=-5530}
[27Jun2025 03:42:46.959] [Server thread/WARN] [net.minecraft.world.chunk.Chunk/]: Tried to load a block entity for block Block{pixelmon:tv3}[facing=south,multipos=top,on=true] but failed at location BlockPos{x=1145, y=105, z=-5527}
[27Jun2025 03:42:46.959] [Server thread/WARN] [net.minecraft.world.chunk.Chunk/]: Tried to load a block entity for block Block{pixelmon:black_chair}[facing=east] but failed at location BlockPos{x=1146, y=103, z=-5530}
[27Jun2025 03:42:46.960] [Server thread/WARN] [net.minecraft.world.chunk.Chunk/]: Tried to load a block entity for block Block{pixelmon:tv3}[facing=west,multipos=top,on=true] but failed at location BlockPos{x=1144, y=105, z=-5527}
[27Jun2025 03:42:46.960] [Server thread/WARN] [net.minecraft.world.chunk.Chunk/]: Tried to load a block entity for block Block{pixelmon:gray_rug}[facing=east,multipos=bottom] but failed at location BlockPos{x=1145, y=103, z=-5532}
[27Jun2025 03:42:46.960] [Server thread/WARN] [net.minecraft.world.chunk.Chunk/]: Tried to load a block entity for block Block{pixelmon:gray_rug}[facing=north,multipos=base] but failed at location BlockPos{x=1144, y=103, z=-5530}
[27Jun2025 03:42:46.960] [Server thread/WARN] [net.minecraft.world.chunk.Chunk/]: Tried to load a block entity for block Block{pixelmon:black_chair}[facing=east] but failed at location BlockPos{x=1146, y=103, z=-5532}
[27Jun2025 03:42:46.960] [Server thread/WARN] [net.minecraft.world.chunk.Chunk/]: Tried to load a block entity for block Block{pixelmon:gray_rug}[facing=north,multipos=base] but failed at location BlockPos{x=1144, y=103, z=-5532}
[27Jun2025 03:43:11.985] [Server thread/WARN] [net.minecraft.world.chunk.Chunk/]: Tried to load a block entity for block Block{pixelmon:white_chair}[facing=west] but failed at location BlockPos{x=786, y=63, z=-5687}
[27Jun2025 03:43:11.985] [Server thread/WARN] [net.minecraft.world.chunk.Chunk/]: Tried to load a block entity for block Block{pixelmon:white_chair}[facing=west] but failed at location BlockPos{x=793, y=65, z=-5692}
[27Jun2025 03:43:11.985] [Server thread/WARN] [net.minecraft.world.chunk.Chunk/]: Tried to load a block entity for block Block{pixelmon:white_chair}[facing=west] but failed at location BlockPos{x=794, y=65, z=-5692}
[27Jun2025 03:43:11.985] [Server thread/WARN] [net.minecraft.world.chunk.Chunk/]: Tried to load a block entity for block Block{pixelmon:white_chair}[facing=west] but failed at location BlockPos{x=795, y=65, z=-5692}
[27Jun2025 03:43:11.985] [Server thread/WARN] [net.minecraft.world.chunk.Chunk/]: Tried to load a block entity for block Block{pixelmon:white_chair}[facing=west] but failed at location BlockPos{x=792, y=65, z=-5688}
[27Jun2025 03:43:11.986] [Server thread/WARN] [net.minecraft.world.chunk.Chunk/]: Tried to load a block entity for block Block{pixelmon:white_chair}[facing=west] but failed at location BlockPos{x=792, y=65, z=-5692}
[27Jun2025 03:43:11.986] [Server thread/WARN] [net.minecraft.world.chunk.Chunk/]: Tried to load a block entity for block Block{pixelmon:white_chair}[facing=south] but failed at location BlockPos{x=784, y=63, z=-5693}
[27Jun2025 03:43:11.986] [Server thread/WARN] [net.minecraft.world.chunk.Chunk/]: Tried to load a block entity for block Block{pixelmon:white_chair}[facing=south] but failed at location BlockPos{x=785, y=63, z=-5693}
[27Jun2025 03:43:11.986] [Server thread/WARN] [net.minecraft.world.chunk.Chunk/]: Tried to load a block entity for block Block{pixelmon:white_chair}[facing=north] but failed at location BlockPos{x=784, y=63, z=-5691}
[27Jun2025 03:43:11.986] [Server thread/WARN] [net.minecraft.world.chunk.Chunk/]: Tried to load a block entity for block Block{pixelmon:white_chair}[facing=north] but failed at location BlockPos{x=785, y=63, z=-5691}
[27Jun2025 03:43:11.986] [Server thread/WARN] [net.minecraft.world.chunk.Chunk/]: Tried to load a block entity for block Block{pixelmon:white_chair}[facing=west] but failed at location BlockPos{x=792, y=65, z=-5687}
[27Jun2025 03:43:11.986] [Server thread/WARN] [net.minecraft.world.chunk.Chunk/]: Tried to load a block entity for block Block{pixelmon:white_chair}[facing=west] but failed at location BlockPos{x=793, y=65, z=-5687}
[27Jun2025 03:43:11.986] [Server thread/WARN] [net.minecraft.world.chunk.Chunk/]: Tried to load a block entity for block Block{pixelmon:white_chair}[facing=west] but failed at location BlockPos{x=794, y=65, z=-5687}
[27Jun2025 03:43:11.986] [Server thread/WARN] [net.minecraft.world.chunk.Chunk/]: Tried to load a block entity for block Block{pixelmon:white_chair}[facing=west] but failed at location BlockPos{x=795, y=65, z=-5687}
[27Jun2025 03:43:11.987] [Server thread/WARN] [net.minecraft.world.chunk.Chunk/]: Tried to load a block entity for block Block{pixelmon:white_chair}[facing=north] but failed at location BlockPos{x=785, y=63, z=-5686}
[27Jun2025 03:43:11.987] [Server thread/WARN] [net.minecraft.world.chunk.Chunk/]: Tried to load a block entity for block Block{pixelmon:white_chair}[facing=west] but failed at location BlockPos{x=792, y=65, z=-5691}
[27Jun2025 03:43:11.987] [Server thread/WARN] [net.minecraft.world.chunk.Chunk/]: Tried to load a block entity for block Block{pixelmon:white_chair}[facing=west] but failed at location BlockPos{x=793, y=65, z=-5691}
[27Jun2025 03:43:11.987] [Server thread/WARN] [net.minecraft.world.chunk.Chunk/]: Tried to load a block entity for block Block{pixelmon:white_chair}[facing=west] but failed at location BlockPos{x=794, y=65, z=-5691}
[27Jun2025 03:43:11.987] [Server thread/WARN] [net.minecraft.world.chunk.Chunk/]: Tried to load a block entity for block Block{pixelmon:white_chair}[facing=west] but failed at location BlockPos{x=795, y=65, z=-5691}
[27Jun2025 03:43:11.987] [Server thread/WARN] [net.minecraft.world.chunk.Chunk/]: Tried to load a block entity for block Block{pixelmon:white_chair}[facing=south] but failed at location BlockPos{x=784, y=63, z=-5688}
[27Jun2025 03:43:11.987] [Server thread/WARN] [net.minecraft.world.chunk.Chunk/]: Tried to load a block entity for block Block{pixelmon:white_chair}[facing=south] but failed at location BlockPos{x=785, y=63, z=-5688}
[27Jun2025 03:43:11.987] [Server thread/WARN] [net.minecraft.world.chunk.Chunk/]: Tried to load a block entity for block Block{pixelmon:white_chair}[facing=north] but failed at location BlockPos{x=784, y=63, z=-5686}
[27Jun2025 03:43:11.987] [Server thread/WARN] [net.minecraft.world.chunk.Chunk/]: Tried to load a block entity for block Block{pixelmon:white_chair}[facing=west] but failed at location BlockPos{x=786, y=63, z=-5692}
[27Jun2025 03:43:11.989] [Server thread/WARN] [net.minecraft.world.chunk.Chunk/]: Tried to load a block entity for block Block{pixelmon:white_chair}[facing=west] but failed at location BlockPos{x=793, y=65, z=-5688}
[27Jun2025 03:43:11.989] [Server thread/WARN] [net.minecraft.world.chunk.Chunk/]: Tried to load a block entity for block Block{pixelmon:white_chair}[facing=west] but failed at location BlockPos{x=794, y=65, z=-5688}
[27Jun2025 03:43:11.989] [Server thread/WARN] [net.minecraft.world.chunk.Chunk/]: Tried to load a block entity for block Block{pixelmon:white_chair}[facing=west] but failed at location BlockPos{x=795, y=65, z=-5688}
[27Jun2025 03:43:11.989] [Server thread/WARN] [net.minecraft.world.chunk.Chunk/]: Tried to load a block entity for block Block{pixelmon:white_chair}[facing=north] but failed at location BlockPos{x=785, y=60, z=-5689}
[27Jun2025 03:43:13.328] [Server thread/WARN] [net.minecraft.world.chunk.Chunk/]: Tried to load a block entity for block Block{pixelmon:white_chair}[facing=east] but failed at location BlockPos{x=783, y=63, z=-5687}
[27Jun2025 03:43:13.328] [Server thread/WARN] [net.minecraft.world.chunk.Chunk/]: Tried to load a block entity for block Block{pixelmon:white_chair}[facing=east] but failed at location BlockPos{x=783, y=63, z=-5692}
[27Jun2025 03:43:40.025] [Server thread/WARN] [net.minecraft.network.play.ServerPlayNetHandler/]: TapuLele (vehicle of feitonagringa) moved wrongly! 0.43375917896082683
[27Jun2025 03:43:40.065] [Server thread/WARN] [net.minecraft.network.play.ServerPlayNetHandler/]: TapuLele (vehicle of feitonagringa) moved wrongly! 0.8205856259064603
[27Jun2025 03:43:40.119] [Server thread/WARN] [net.minecraft.network.play.ServerPlayNetHandler/]: TapuLele (vehicle of feitonagringa) moved wrongly! 1.0110602028335052
[27Jun2025 03:43:40.173] [Server thread/WARN] [net.minecraft.network.play.ServerPlayNetHandler/]: TapuLele (vehicle of feitonagringa) moved wrongly! 1.1786618498508687
[27Jun2025 03:43:40.213] [Server thread/WARN] [net.minecraft.network.play.ServerPlayNetHandler/]: TapuLele (vehicle of feitonagringa) moved wrongly! 1.3201976364825896
[27Jun2025 03:43:40.274] [Server thread/WARN] [net.minecraft.network.play.ServerPlayNetHandler/]: TapuLele (vehicle of feitonagringa) moved wrongly! 1.599904393307952
[27Jun2025 03:44:05.250] [Server thread/WARN] [net.minecraft.world.chunk.Chunk/]: Tried to load a block entity for block Block{pixelmon:boulder}[facing=south] but failed at location BlockPos{x=33, y=64, z=-5729}
[27Jun2025 03:44:07.237] [Server thread/INFO] [net.minecraft.server.dedicated.DedicatedServer/]: Time until next spawn attempt: 1 minutes.
[27Jun2025 03:44:07.238] [Server thread/INFO] [net.minecraft.server.dedicated.DedicatedServer/]: Spawn chance: 90.0%
[27Jun2025 03:44:07.238] [Server thread/INFO] [net.minecraft.server.dedicated.DedicatedServer/]: Possible spawns:
[27Jun2025 03:44:50.695] [Server thread/WARN] [net.minecraft.world.chunk.Chunk/]: Tried to load a block entity for block Block{pixelmon:boulder}[facing=east] but failed at location BlockPos{x=39, y=64, z=-5723}
[27Jun2025 03:44:53.527] [Server thread/WARN] [net.minecraft.world.chunk.Chunk/]: Tried to load a block entity for block Block{pixelmon:white_rug}[facing=south,multipos=bottom] but failed at location BlockPos{x=-500, y=66, z=-5580}
[27Jun2025 03:44:53.527] [Server thread/WARN] [net.minecraft.world.chunk.Chunk/]: Tried to load a block entity for block Block{pixelmon:red_cushion_chair}[facing=east] but failed at location BlockPos{x=-512, y=66, z=-5570}
[27Jun2025 03:44:53.527] [Server thread/WARN] [net.minecraft.world.chunk.Chunk/]: Tried to load a block entity for block Block{pixelmon:white_rug}[facing=east,multipos=base] but failed at location BlockPos{x=-500, y=66, z=-5581}
[27Jun2025 03:44:53.528] [Server thread/WARN] [net.minecraft.world.chunk.Chunk/]: Tried to load a block entity for block Block{pixelmon:blue_umbrella}[facing=east,multipos=base] but failed at location BlockPos{x=-497, y=72, z=-5578}
[27Jun2025 03:44:53.528] [Server thread/WARN] [net.minecraft.world.chunk.Chunk/]: Tried to load a block entity for block Block{pixelmon:tv}[facing=east,multipos=top,on=true] but failed at location BlockPos{x=-498, y=72, z=-5582}
[27Jun2025 03:44:53.528] [Server thread/WARN] [net.minecraft.world.chunk.Chunk/]: Tried to load a block entity for block Block{pixelmon:red_trade_machine}[facing=east,multipos=bottom] but failed at location BlockPos{x=-511, y=66, z=-5576}
[27Jun2025 03:44:53.528] [Server thread/WARN] [net.minecraft.world.chunk.Chunk/]: Tried to load a block entity for block Block{pixelmon:blue_umbrella}[facing=west,multipos=base] but failed at location BlockPos{x=-503, y=72, z=-5578}
[27Jun2025 03:44:53.528] [Server thread/WARN] [net.minecraft.world.chunk.Chunk/]: Tried to load a block entity for block Block{pixelmon:blue_vending_machine}[facing=west,multipos=top] but failed at location BlockPos{x=-503, y=67, z=-5578}
[27Jun2025 03:44:53.528] [Server thread/WARN] [net.minecraft.world.chunk.Chunk/]: Tried to load a block entity for block Block{pixelmon:blue_umbrella}[facing=east,multipos=top] but failed at location BlockPos{x=-497, y=73, z=-5578}
[27Jun2025 03:44:53.528] [Server thread/WARN] [net.minecraft.world.chunk.Chunk/]: Tried to load a block entity for block Block{pixelmon:white_vending_machine}[facing=west,multipos=top] but failed at location BlockPos{x=-503, y=67, z=-5580}
[27Jun2025 03:44:53.529] [Server thread/WARN] [net.minecraft.world.chunk.Chunk/]: Tried to load a block entity for block Block{pixelmon:blue_vending_machine}[facing=west,multipos=top] but failed at location BlockPos{x=-503, y=67, z=-5582}
[27Jun2025 03:44:53.529] [Server thread/WARN] [net.minecraft.world.chunk.Chunk/]: Tried to load a block entity for block Block{pixelmon:blue_rug}[facing=south,multipos=base] but failed at location BlockPos{x=-501, y=67, z=-5584}
[27Jun2025 03:44:53.529] [Server thread/WARN] [net.minecraft.world.chunk.Chunk/]: Tried to load a block entity for block Block{pixelmon:blue_folding_chair}[facing=north] but failed at location BlockPos{x=-502, y=71, z=-5578}
[27Jun2025 03:44:53.529] [Server thread/WARN] [net.minecraft.world.chunk.Chunk/]: Tried to load a block entity for block Block{pixelmon:blue_folding_chair}[facing=west] but failed at location BlockPos{x=-501, y=71, z=-5579}
[27Jun2025 03:44:53.529] [Server thread/WARN] [net.minecraft.world.chunk.Chunk/]: Tried to load a block entity for block Block{pixelmon:tv}[facing=east,multipos=base,on=false] but failed at location BlockPos{x=-498, y=71, z=-5582}
[27Jun2025 03:44:53.529] [Server thread/WARN] [net.minecraft.world.chunk.Chunk/]: Tried to load a block entity for block Block{pixelmon:red_trade_machine}[facing=east,multipos=top] but failed at location BlockPos{x=-511, y=67, z=-5576}
[27Jun2025 03:44:53.529] [Server thread/WARN] [net.minecraft.world.chunk.Chunk/]: Tried to load a block entity for block Block{pixelmon:blue_umbrella}[facing=west,multipos=top] but failed at location BlockPos{x=-503, y=73, z=-5578}
[27Jun2025 03:44:53.530] [Server thread/WARN] [net.minecraft.world.chunk.Chunk/]: Tried to load a block entity for block Block{pixelmon:blue_rug}[facing=west,multipos=bottom] but failed at location BlockPos{x=-502, y=67, z=-5584}
[27Jun2025 03:44:53.531] [Server thread/WARN] [net.minecraft.world.chunk.Chunk/]: Tried to load a block entity for block Block{pixelmon:blue_folding_chair}[facing=east] but failed at location BlockPos{x=-503, y=71, z=-5579}
[27Jun2025 03:44:53.531] [Server thread/WARN] [net.minecraft.world.chunk.Chunk/]: Tried to load a block entity for block Block{pixelmon:blue_folding_chair}[facing=south] but failed at location BlockPos{x=-502, y=71, z=-5580}
[27Jun2025 03:44:53.531] [Server thread/WARN] [net.minecraft.world.chunk.Chunk/]: Tried to load a block entity for block Block{pixelmon:red_trade_machine}[facing=north,multipos=top] but failed at location BlockPos{x=-512, y=67, z=-5576}
[27Jun2025 03:44:53.983] [Server thread/WARN] [net.minecraft.world.chunk.Chunk/]: Tried to load a block entity for block Block{pixelmon:red_cushion_chair}[facing=east] but failed at location BlockPos{x=-514, y=66, z=-5570}
[27Jun2025 03:44:53.983] [Server thread/WARN] [net.minecraft.world.chunk.Chunk/]: Tried to load a block entity for block Block{pixelmon:red_cushion_chair}[facing=east] but failed at location BlockPos{x=-513, y=66, z=-5570}
[27Jun2025 03:44:53.983] [Server thread/WARN] [net.minecraft.world.chunk.Chunk/]: Tried to load a block entity for block Block{pixelmon:white_rug}[facing=east,multipos=bottom] but failed at location BlockPos{x=-513, y=66, z=-5573}
[27Jun2025 03:44:53.983] [Server thread/WARN] [net.minecraft.world.chunk.Chunk/]: Tried to load a block entity for block Block{pixelmon:white_rug}[facing=north,multipos=base] but failed at location BlockPos{x=-514, y=66, z=-5573}
[27Jun2025 03:44:53.983] [Server thread/WARN] [net.minecraft.world.chunk.Chunk/]: Tried to load a block entity for block Block{pixelmon:red_trade_machine}[facing=west,multipos=top] but failed at location BlockPos{x=-513, y=67, z=-5576}
[27Jun2025 03:44:53.984] [Server thread/WARN] [net.minecraft.world.chunk.Chunk/]: Tried to load a block entity for block Block{pixelmon:red_trade_machine}[facing=west,multipos=bottom] but failed at location BlockPos{x=-513, y=66, z=-5576}
[27Jun2025 03:44:53.984] [Server thread/WARN] [net.minecraft.world.chunk.Chunk/]: Tried to load a block entity for block Block{pixelmon:red_pc}[facing=west,multipos=top] but failed at location BlockPos{x=-517, y=67, z=-5571}
[27Jun2025 03:45:08.938] [Server thread/WARN] [net.minecraft.world.chunk.Chunk/]: Tried to load a block entity for block Block{pixelmon:cyan_folding_chair}[facing=north] but failed at location BlockPos{x=-800, y=65, z=-5641}
[27Jun2025 03:45:09.217] [Server thread/WARN] [net.minecraft.world.chunk.Chunk/]: Tried to load a block entity for block Block{pixelmon:tv}[facing=south,multipos=top,on=true] but failed at location BlockPos{x=-799, y=68, z=-5720}
[27Jun2025 03:45:09.217] [Server thread/WARN] [net.minecraft.world.chunk.Chunk/]: Tried to load a block entity for block Block{pixelmon:tv}[facing=south,multipos=base,on=true] but failed at location BlockPos{x=-799, y=67, z=-5720}
[27Jun2025 03:45:09.745] [Server thread/WARN] [net.minecraft.tileentity.TileEntity/]: Block entity invalid: minecraft:furnace @ BlockPos{x=-803, y=66, z=-5724}
[27Jun2025 03:45:09.765] [Server thread/WARN] [net.minecraft.world.chunk.Chunk/]: Tried to load a block entity for block Block{pixelmon:tv3}[facing=south,multipos=bottom,on=true] but failed at location BlockPos{x=-806, y=66, z=-5741}
[27Jun2025 03:45:09.765] [Server thread/WARN] [net.minecraft.world.chunk.Chunk/]: Tried to load a block entity for block Block{pixelmon:tv3}[facing=south,multipos=top,on=true] but failed at location BlockPos{x=-806, y=67, z=-5741}
[27Jun2025 03:45:09.765] [Server thread/WARN] [net.minecraft.world.chunk.Chunk/]: Tried to load a block entity for block Block{pixelmon:gray_armchair}[facing=east] but failed at location BlockPos{x=-808, y=65, z=-5742}
[27Jun2025 03:45:09.765] [Server thread/WARN] [net.minecraft.world.chunk.Chunk/]: Tried to load a block entity for block Block{pixelmon:tv3}[facing=north,multipos=bottom,on=true] but failed at location BlockPos{x=-806, y=66, z=-5743}
[27Jun2025 03:45:09.766] [Server thread/WARN] [net.minecraft.world.chunk.Chunk/]: Tried to load a block entity for block Block{pixelmon:tv3}[facing=east,multipos=top,on=true] but failed at location BlockPos{x=-806, y=67, z=-5742}
[27Jun2025 03:45:09.766] [Server thread/WARN] [net.minecraft.world.chunk.Chunk/]: Tried to load a block entity for block Block{pixelmon:tv3}[facing=north,multipos=top,on=true] but failed at location BlockPos{x=-806, y=67, z=-5743}
[27Jun2025 03:45:09.794] [Server thread/WARN] [net.minecraft.tileentity.TileEntity/]: Block entity invalid: minecraft:furnace @ BlockPos{x=-806, y=65, z=-5739}
[27Jun2025 03:45:09.821] [Server thread/WARN] [net.minecraft.world.chunk.Chunk/]: Tried to load a block entity for block Block{pixelmon:magenta_chair}[facing=west] but failed at location BlockPos{x=-815, y=65, z=-5651}
[27Jun2025 03:45:09.822] [Server thread/WARN] [net.minecraft.world.chunk.Chunk/]: Tried to load a block entity for block Block{pixelmon:magenta_couch}[facing=south,multipos=bottom] but failed at location BlockPos{x=-813, y=65, z=-5654}
[27Jun2025 03:45:09.822] [Server thread/WARN] [net.minecraft.world.chunk.Chunk/]: Tried to load a block entity for block Block{pixelmon:magenta_chair}[facing=west] but failed at location BlockPos{x=-815, y=65, z=-5649}
[27Jun2025 03:45:09.822] [Server thread/WARN] [net.minecraft.world.chunk.Chunk/]: Tried to load a block entity for block Block{pixelmon:magenta_couch}[facing=north,multipos=top] but failed at location BlockPos{x=-813, y=66, z=-5656}
[27Jun2025 03:45:09.822] [Server thread/WARN] [net.minecraft.world.chunk.Chunk/]: Tried to load a block entity for block Block{pixelmon:magenta_couch}[facing=east,multipos=bottom] but failed at location BlockPos{x=-814, y=65, z=-5657}
[27Jun2025 03:45:09.822] [Server thread/WARN] [net.minecraft.world.chunk.Chunk/]: Tried to load a block entity for block Block{pixelmon:magenta_couch}[facing=south,multipos=top] but failed at location BlockPos{x=-813, y=66, z=-5654}
[27Jun2025 03:45:09.822] [Server thread/WARN] [net.minecraft.world.chunk.Chunk/]: Tried to load a block entity for block Block{pixelmon:magenta_couch}[facing=north,multipos=bottom] but failed at location BlockPos{x=-813, y=65, z=-5656}
[27Jun2025 03:45:09.822] [Server thread/WARN] [net.minecraft.world.chunk.Chunk/]: Tried to load a block entity for block Block{pixelmon:magenta_couch}[facing=east,multipos=top] but failed at location BlockPos{x=-813, y=66, z=-5655}
[27Jun2025 03:45:09.822] [Server thread/WARN] [net.minecraft.world.chunk.Chunk/]: Tried to load a block entity for block Block{pixelmon:magenta_couch}[facing=west,multipos=top] but failed at location BlockPos{x=-816, y=66, z=-5657}
[27Jun2025 03:45:09.822] [Server thread/WARN] [net.minecraft.world.chunk.Chunk/]: Tried to load a block entity for block Block{pixelmon:magenta_trade_machine}[facing=north,multipos=bottom] but failed at location BlockPos{x=-815, y=71, z=-5653}
[27Jun2025 03:45:09.823] [Server thread/WARN] [net.minecraft.world.chunk.Chunk/]: Tried to load a block entity for block Block{pixelmon:magenta_trade_machine}[facing=east,multipos=top] but failed at location BlockPos{x=-815, y=72, z=-5652}
[27Jun2025 03:45:09.823] [Server thread/WARN] [net.minecraft.world.chunk.Chunk/]: Tried to load a block entity for block Block{pixelmon:magenta_trade_machine}[facing=north,multipos=top] but failed at location BlockPos{x=-815, y=72, z=-5653}
[27Jun2025 03:45:09.823] [Server thread/WARN] [net.minecraft.world.chunk.Chunk/]: Tried to load a block entity for block Block{pixelmon:magenta_couch}[facing=east,multipos=top] but failed at location BlockPos{x=-814, y=66, z=-5657}
[27Jun2025 03:45:09.823] [Server thread/WARN] [net.minecraft.world.chunk.Chunk/]: Tried to load a block entity for block Block{pixelmon:magenta_trade_machine}[facing=south,multipos=bottom] but failed at location BlockPos{x=-815, y=71, z=-5651}
[27Jun2025 03:45:09.823] [Server thread/WARN] [net.minecraft.world.chunk.Chunk/]: Tried to load a block entity for block Block{pixelmon:magenta_couch}[facing=west,multipos=bottom] but failed at location BlockPos{x=-816, y=65, z=-5657}
[27Jun2025 03:45:09.823] [Server thread/WARN] [net.minecraft.world.chunk.Chunk/]: Tried to load a block entity for block Block{pixelmon:magenta_couch}[facing=north,multipos=top] but failed at location BlockPos{x=-815, y=66, z=-5657}
[27Jun2025 03:45:09.824] [Server thread/WARN] [net.minecraft.world.chunk.Chunk/]: Tried to load a block entity for block Block{pixelmon:magenta_trade_machine}[facing=south,multipos=top] but failed at location BlockPos{x=-815, y=72, z=-5651}
[27Jun2025 03:45:09.843] [Server thread/WARN] [net.minecraft.tileentity.TileEntity/]: Block entity invalid: minecraft:furnace @ BlockPos{x=-814, y=73, z=-5673}
[27Jun2025 03:45:09.856] [Server thread/WARN] [net.minecraft.world.chunk.Chunk/]: Tried to load a block entity for block Block{pixelmon:magenta_couch}[facing=south,multipos=top] but failed at location BlockPos{x=-813, y=66, z=-5644}
[27Jun2025 03:45:09.856] [Server thread/WARN] [net.minecraft.world.chunk.Chunk/]: Tried to load a block entity for block Block{pixelmon:magenta_couch}[facing=east,multipos=top] but failed at location BlockPos{x=-814, y=66, z=-5643}
[27Jun2025 03:45:09.858] [Server thread/WARN] [net.minecraft.world.chunk.Chunk/]: Tried to load a block entity for block Block{pixelmon:magenta_couch}[facing=north,multipos=bottom] but failed at location BlockPos{x=-813, y=65, z=-5646}
[27Jun2025 03:45:09.858] [Server thread/WARN] [net.minecraft.world.chunk.Chunk/]: Tried to load a block entity for block Block{pixelmon:magenta_couch}[facing=west,multipos=bottom] but failed at location BlockPos{x=-816, y=65, z=-5643}
[27Jun2025 03:45:09.858] [Server thread/WARN] [net.minecraft.world.chunk.Chunk/]: Tried to load a block entity for block Block{pixelmon:magenta_couch}[facing=east,multipos=top] but failed at location BlockPos{x=-813, y=66, z=-5645}
[27Jun2025 03:45:09.858] [Server thread/WARN] [net.minecraft.world.chunk.Chunk/]: Tried to load a block entity for block Block{pixelmon:magenta_couch}[facing=south,multipos=top] but failed at location BlockPos{x=-815, y=66, z=-5643}
[27Jun2025 03:45:09.858] [Server thread/WARN] [net.minecraft.world.chunk.Chunk/]: Tried to load a block entity for block Block{pixelmon:magenta_couch}[facing=south,multipos=bottom] but failed at location BlockPos{x=-813, y=65, z=-5644}
[27Jun2025 03:45:09.859] [Server thread/WARN] [net.minecraft.world.chunk.Chunk/]: Tried to load a block entity for block Block{pixelmon:magenta_couch}[facing=east,multipos=bottom] but failed at location BlockPos{x=-814, y=65, z=-5643}
[27Jun2025 03:45:09.859] [Server thread/WARN] [net.minecraft.world.chunk.Chunk/]: Tried to load a block entity for block Block{pixelmon:magenta_couch}[facing=north,multipos=top] but failed at location BlockPos{x=-813, y=66, z=-5646}
[27Jun2025 03:45:09.859] [Server thread/WARN] [net.minecraft.world.chunk.Chunk/]: Tried to load a block entity for block Block{pixelmon:magenta_couch}[facing=west,multipos=top] but failed at location BlockPos{x=-816, y=66, z=-5643}
[27Jun2025 03:45:09.897] [Server thread/WARN] [net.minecraft.tileentity.TileEntity/]: Block entity invalid: minecraft:furnace @ BlockPos{x=-803, y=65, z=-5641}
[27Jun2025 03:45:10.195] [Server thread/WARN] [net.minecraft.world.chunk.Chunk/]: Tried to load a block entity for block Block{pixelmon:tv}[facing=west,multipos=base,on=true] but failed at location BlockPos{x=-822, y=73, z=-5693}
[27Jun2025 03:45:10.196] [Server thread/WARN] [net.minecraft.world.chunk.Chunk/]: Tried to load a block entity for block Block{pixelmon:tv}[facing=west,multipos=top,on=true] but failed at location BlockPos{x=-822, y=74, z=-5693}
[27Jun2025 03:45:10.217] [Server thread/WARN] [net.minecraft.tileentity.TileEntity/]: Block entity invalid: minecraft:furnace @ BlockPos{x=-818, y=72, z=-5688}
[27Jun2025 03:45:10.379] [Server thread/WARN] [net.minecraft.world.chunk.Chunk/]: Tried to load a block entity for block Block{pixelmon:magenta_couch}[facing=north,multipos=top] but failed at location BlockPos{x=-820, y=72, z=-5655}
[27Jun2025 03:45:10.380] [Server thread/WARN] [net.minecraft.world.chunk.Chunk/]: Tried to load a block entity for block Block{pixelmon:magenta_couch}[facing=south,multipos=top] but failed at location BlockPos{x=-820, y=72, z=-5653}
[27Jun2025 03:45:10.380] [Server thread/WARN] [net.minecraft.world.chunk.Chunk/]: Tried to load a block entity for block Block{pixelmon:magenta_couch}[facing=north,multipos=bottom] but failed at location BlockPos{x=-820, y=71, z=-5655}
[27Jun2025 03:45:10.380] [Server thread/WARN] [net.minecraft.world.chunk.Chunk/]: Tried to load a block entity for block Block{pixelmon:magenta_couch}[facing=west,multipos=top] but failed at location BlockPos{x=-820, y=72, z=-5654}
[27Jun2025 03:45:10.381] [Server thread/WARN] [net.minecraft.world.chunk.Chunk/]: Tried to load a block entity for block Block{pixelmon:pink_pc}[facing=north,multipos=top] but failed at location BlockPos{x=-817, y=66, z=-5657}
[27Jun2025 03:45:10.381] [Server thread/WARN] [net.minecraft.world.chunk.Chunk/]: Tried to load a block entity for block Block{pixelmon:magenta_couch}[facing=south,multipos=bottom] but failed at location BlockPos{x=-820, y=71, z=-5649}
[27Jun2025 03:45:10.381] [Server thread/WARN] [net.minecraft.world.chunk.Chunk/]: Tried to load a block entity for block Block{pixelmon:magenta_couch}[facing=north,multipos=top] but failed at location BlockPos{x=-820, y=72, z=-5651}
[27Jun2025 03:45:10.381] [Server thread/WARN] [net.minecraft.world.chunk.Chunk/]: Tried to load a block entity for block Block{pixelmon:magenta_couch}[facing=south,multipos=bottom] but failed at location BlockPos{x=-820, y=71, z=-5653}
[27Jun2025 03:45:10.382] [Server thread/WARN] [net.minecraft.world.chunk.Chunk/]: Tried to load a block entity for block Block{pixelmon:magenta_couch}[facing=south,multipos=top] but failed at location BlockPos{x=-820, y=72, z=-5649}
[27Jun2025 03:45:10.382] [Server thread/WARN] [net.minecraft.world.chunk.Chunk/]: Tried to load a block entity for block Block{pixelmon:pink_pc}[facing=north,multipos=top] but failed at location BlockPos{x=-819, y=66, z=-5657}
[27Jun2025 03:45:10.382] [Server thread/WARN] [net.minecraft.world.chunk.Chunk/]: Tried to load a block entity for block Block{pixelmon:magenta_couch}[facing=north,multipos=bottom] but failed at location BlockPos{x=-820, y=71, z=-5651}
[27Jun2025 03:45:10.383] [Server thread/WARN] [net.minecraft.world.chunk.Chunk/]: Tried to load a block entity for block Block{pixelmon:magenta_couch}[facing=west,multipos=top] but failed at location BlockPos{x=-820, y=72, z=-5650}
[27Jun2025 03:45:10.383] [Server thread/WARN] [net.minecraft.world.chunk.Chunk/]: Tried to load a block entity for block Block{pixelmon:yellow_couch}[facing=north,multipos=top] but failed at location BlockPos{x=-818, y=74, z=-5672}
[27Jun2025 03:45:10.383] [Server thread/WARN] [net.minecraft.world.chunk.Chunk/]: Tried to load a block entity for block Block{pixelmon:tv3}[facing=south,multipos=bottom,on=true] but failed at location BlockPos{x=-820, y=74, z=-5670}
[27Jun2025 03:45:10.384] [Server thread/WARN] [net.minecraft.world.chunk.Chunk/]: Tried to load a block entity for block Block{pixelmon:yellow_couch}[facing=north,multipos=bottom] but failed at location BlockPos{x=-818, y=73, z=-5672}
[27Jun2025 03:45:10.384] [Server thread/WARN] [net.minecraft.world.chunk.Chunk/]: Tried to load a block entity for block Block{pixelmon:yellow_couch}[facing=east,multipos=top] but failed at location BlockPos{x=-818, y=74, z=-5671}
[27Jun2025 03:45:10.384] [Server thread/WARN] [net.minecraft.world.chunk.Chunk/]: Tried to load a block entity for block Block{pixelmon:yellow_couch}[facing=south,multipos=top] but failed at location BlockPos{x=-818, y=74, z=-5670}
[27Jun2025 03:45:10.384] [Server thread/WARN] [net.minecraft.world.chunk.Chunk/]: Tried to load a block entity for block Block{pixelmon:yellow_couch}[facing=south,multipos=bottom] but failed at location BlockPos{x=-818, y=73, z=-5670}
[27Jun2025 03:45:10.385] [Server thread/WARN] [net.minecraft.world.chunk.Chunk/]: Tried to load a block entity for block Block{pixelmon:tv3}[facing=north,multipos=top,on=true] but failed at location BlockPos{x=-820, y=75, z=-5672}
[27Jun2025 03:45:10.385] [Server thread/WARN] [net.minecraft.world.chunk.Chunk/]: Tried to load a block entity for block Block{pixelmon:tv3}[facing=north,multipos=bottom,on=true] but failed at location BlockPos{x=-820, y=74, z=-5672}
[27Jun2025 03:45:10.385] [Server thread/WARN] [net.minecraft.world.chunk.Chunk/]: Tried to load a block entity for block Block{pixelmon:tv3}[facing=west,multipos=top,on=true] but failed at location BlockPos{x=-820, y=75, z=-5671}
[27Jun2025 03:45:10.385] [Server thread/WARN] [net.minecraft.world.chunk.Chunk/]: Tried to load a block entity for block Block{pixelmon:tv3}[facing=south,multipos=top,on=true] but failed at location BlockPos{x=-820, y=75, z=-5670}
[27Jun2025 03:45:10.451] [Server thread/WARN] [net.minecraft.world.chunk.Chunk/]: Tried to load a block entity for block Block{pixelmon:pink_pc}[facing=south,multipos=top] but failed at location BlockPos{x=-819, y=66, z=-5643}
[27Jun2025 03:45:10.451] [Server thread/WARN] [net.minecraft.world.chunk.Chunk/]: Tried to load a block entity for block Block{pixelmon:pink_pc}[facing=south,multipos=top] but failed at location BlockPos{x=-817, y=66, z=-5643}
[27Jun2025 03:45:10.519] [Server thread/WARN] [net.minecraft.world.chunk.Chunk/]: Tried to load a block entity for block Block{pixelmon:tv3}[facing=north,multipos=top,on=true] but failed at location BlockPos{x=-817, y=67, z=-5629}
[27Jun2025 03:45:10.519] [Server thread/WARN] [net.minecraft.world.chunk.Chunk/]: Tried to load a block entity for block Block{pixelmon:tv3}[facing=south,multipos=top,on=true] but failed at location BlockPos{x=-817, y=67, z=-5627}
[27Jun2025 03:45:10.520] [Server thread/WARN] [net.minecraft.world.chunk.Chunk/]: Tried to load a block entity for block Block{pixelmon:gray_armchair}[facing=east] but failed at location BlockPos{x=-819, y=65, z=-5628}
[27Jun2025 03:45:10.520] [Server thread/WARN] [net.minecraft.world.chunk.Chunk/]: Tried to load a block entity for block Block{pixelmon:tv3}[facing=north,multipos=bottom,on=true] but failed at location BlockPos{x=-817, y=66, z=-5629}
[27Jun2025 03:45:10.520] [Server thread/WARN] [net.minecraft.world.chunk.Chunk/]: Tried to load a block entity for block Block{pixelmon:tv3}[facing=east,multipos=top,on=true] but failed at location BlockPos{x=-817, y=67, z=-5628}
[27Jun2025 03:45:10.520] [Server thread/WARN] [net.minecraft.world.chunk.Chunk/]: Tried to load a block entity for block Block{pixelmon:tv3}[facing=south,multipos=bottom,on=true] but failed at location BlockPos{x=-817, y=66, z=-5627}
[27Jun2025 03:45:10.545] [Server thread/WARN] [net.minecraft.tileentity.TileEntity/]: Block entity invalid: minecraft:furnace @ BlockPos{x=-817, y=65, z=-5625}
[27Jun2025 03:45:11.047] [Server thread/WARN] [net.minecraft.world.chunk.Chunk/]: Tried to load a block entity for block Block{pixelmon:tv}[facing=south,multipos=base,on=true] but failed at location BlockPos{x=-844, y=67, z=-5748}
[27Jun2025 03:45:11.047] [Server thread/WARN] [net.minecraft.world.chunk.Chunk/]: Tried to load a block entity for block Block{pixelmon:tv}[facing=south,multipos=top,on=true] but failed at location BlockPos{x=-844, y=68, z=-5748}
[27Jun2025 03:45:11.096] [Server thread/WARN] [net.minecraft.tileentity.TileEntity/]: Block entity invalid: minecraft:furnace @ BlockPos{x=-839, y=66, z=-5752}
[27Jun2025 03:45:11.259] [Server thread/WARN] [net.minecraft.world.chunk.Chunk/]: Tried to load a block entity for block Block{pixelmon:light_blue_chair}[facing=west] but failed at location BlockPos{x=-848, y=78, z=-5694}
[27Jun2025 03:45:11.259] [Server thread/WARN] [net.minecraft.world.chunk.Chunk/]: Tried to load a block entity for block Block{pixelmon:fan}[facing=west] but failed at location BlockPos{x=-847, y=80, z=-5691}
[27Jun2025 03:45:11.259] [Server thread/WARN] [net.minecraft.world.chunk.Chunk/]: Tried to load a block entity for block Block{pixelmon:light_blue_chair}[facing=west] but failed at location BlockPos{x=-848, y=78, z=-5691}
[27Jun2025 03:45:11.350] [Server thread/WARN] [net.minecraft.world.chunk.Chunk/]: Tried to load a block entity for block Block{pixelmon:tv3}[facing=east,multipos=top,on=true] but failed at location BlockPos{x=-848, y=86, z=-5668}
[27Jun2025 03:45:11.350] [Server thread/WARN] [net.minecraft.world.chunk.Chunk/]: Tried to load a block entity for block Block{pixelmon:tv3}[facing=east,multipos=bottom,on=true] but failed at location BlockPos{x=-848, y=85, z=-5668}
[27Jun2025 03:45:11.396] [Server thread/WARN] [net.minecraft.world.chunk.Chunk/]: Tried to load a block entity for block Block{pixelmon:red_vending_machine}[facing=east,multipos=top] but failed at location BlockPos{x=-845, y=85, z=-5654}
[27Jun2025 03:45:11.396] [Server thread/WARN] [net.minecraft.world.chunk.Chunk/]: Tried to load a block entity for block Block{pixelmon:red_couch}[facing=east,multipos=top] but failed at location BlockPos{x=-845, y=85, z=-5657}
[27Jun2025 03:45:11.396] [Server thread/WARN] [net.minecraft.world.chunk.Chunk/]: Tried to load a block entity for block Block{pixelmon:red_couch}[facing=north,multipos=top] but failed at location BlockPos{x=-845, y=85, z=-5658}
[27Jun2025 03:45:11.396] [Server thread/WARN] [net.minecraft.world.chunk.Chunk/]: Tried to load a block entity for block Block{pixelmon:red_vending_machine}[facing=east,multipos=top] but failed at location BlockPos{x=-845, y=85, z=-5655}
[27Jun2025 03:45:11.397] [Server thread/WARN] [net.minecraft.world.chunk.Chunk/]: Tried to load a block entity for block Block{pixelmon:red_couch}[facing=south,multipos=top] but failed at location BlockPos{x=-845, y=85, z=-5656}
[27Jun2025 03:45:11.397] [Server thread/WARN] [net.minecraft.world.chunk.Chunk/]: Tried to load a block entity for block Block{pixelmon:red_couch}[facing=east,multipos=top] but failed at location BlockPos{x=-845, y=85, z=-5661}
[27Jun2025 03:45:11.397] [Server thread/WARN] [net.minecraft.world.chunk.Chunk/]: Tried to load a block entity for block Block{pixelmon:red_couch}[facing=north,multipos=top] but failed at location BlockPos{x=-845, y=85, z=-5662}
[27Jun2025 03:45:11.397] [Server thread/WARN] [net.minecraft.world.chunk.Chunk/]: Tried to load a block entity for block Block{pixelmon:red_couch}[facing=south,multipos=top] but failed at location BlockPos{x=-845, y=85, z=-5660}
[27Jun2025 03:45:11.397] [Server thread/WARN] [net.minecraft.world.chunk.Chunk/]: Tried to load a block entity for block Block{pixelmon:red_cushion_chair}[facing=south] but failed at location BlockPos{x=-848, y=84, z=-5663}
[27Jun2025 03:45:11.397] [Server thread/WARN] [net.minecraft.world.chunk.Chunk/]: Tried to load a block entity for block Block{pixelmon:red_couch}[facing=north,multipos=bottom] but failed at location BlockPos{x=-845, y=84, z=-5658}
[27Jun2025 03:45:11.397] [Server thread/WARN] [net.minecraft.world.chunk.Chunk/]: Tried to load a block entity for block Block{pixelmon:red_couch}[facing=south,multipos=bottom] but failed at location BlockPos{x=-845, y=84, z=-5656}
[27Jun2025 03:45:11.397] [Server thread/WARN] [net.minecraft.world.chunk.Chunk/]: Tried to load a block entity for block Block{pixelmon:red_couch}[facing=north,multipos=bottom] but failed at location BlockPos{x=-845, y=84, z=-5662}
[27Jun2025 03:45:11.398] [Server thread/WARN] [net.minecraft.world.chunk.Chunk/]: Tried to load a block entity for block Block{pixelmon:red_couch}[facing=south,multipos=bottom] but failed at location BlockPos{x=-845, y=84, z=-5660}
[27Jun2025 03:45:11.497] [Server thread/WARN] [net.minecraft.tileentity.TileEntity/]: Block entity invalid: minecraft:furnace @ BlockPos{x=-845, y=65, z=-5617}
[27Jun2025 03:45:11.720] [Server thread/WARN] [net.minecraft.world.chunk.Chunk/]: Tried to load a block entity for block Block{pixelmon:tv}[facing=west,multipos=top,on=true] but failed at location BlockPos{x=-863, y=84, z=-5630}
[27Jun2025 03:45:11.720] [Server thread/WARN] [net.minecraft.world.chunk.Chunk/]: Tried to load a block entity for block Block{pixelmon:tv}[facing=north,multipos=base,on=true] but failed at location BlockPos{x=-849, y=66, z=-5621}
[27Jun2025 03:45:11.720] [Server thread/WARN] [net.minecraft.world.chunk.Chunk/]: Tried to load a block entity for block Block{pixelmon:tv}[facing=north,multipos=top,on=true] but failed at location BlockPos{x=-849, y=67, z=-5621}
[27Jun2025 03:45:11.720] [Server thread/WARN] [net.minecraft.world.chunk.Chunk/]: Tried to load a block entity for block Block{pixelmon:tv}[facing=west,multipos=base,on=true] but failed at location BlockPos{x=-863, y=83, z=-5630}
[27Jun2025 03:45:11.747] [Server thread/WARN] [net.minecraft.tileentity.TileEntity/]: Block entity invalid: minecraft:furnace @ BlockPos{x=-859, y=82, z=-5625}
[27Jun2025 03:45:11.798] [Server thread/WARN] [net.minecraft.world.chunk.Chunk/]: Tried to load a block entity for block Block{pixelmon:red_pc}[facing=west,multipos=top] but failed at location BlockPos{x=-851, y=85, z=-5661}
[27Jun2025 03:45:11.798] [Server thread/WARN] [net.minecraft.world.chunk.Chunk/]: Tried to load a block entity for block Block{pixelmon:red_cushion_chair}[facing=south] but failed at location BlockPos{x=-850, y=84, z=-5663}
[27Jun2025 03:45:11.824] [Server thread/WARN] [net.minecraft.world.chunk.Chunk/]: Tried to load a block entity for block Block{pixelmon:red_armchair}[facing=south] but failed at location BlockPos{x=-849, y=84, z=-5665}
[27Jun2025 03:45:11.824] [Server thread/WARN] [net.minecraft.world.chunk.Chunk/]: Tried to load a block entity for block Block{pixelmon:tv3}[facing=west,multipos=top,on=true] but failed at location BlockPos{x=-850, y=86, z=-5668}
[27Jun2025 03:45:11.824] [Server thread/WARN] [net.minecraft.world.chunk.Chunk/]: Tried to load a block entity for block Block{pixelmon:tv3}[facing=west,multipos=bottom,on=true] but failed at location BlockPos{x=-850, y=85, z=-5668}
[27Jun2025 03:45:11.824] [Server thread/WARN] [net.minecraft.world.chunk.Chunk/]: Tried to load a block entity for block Block{pixelmon:tv3}[facing=north,multipos=top,on=true] but failed at location BlockPos{x=-849, y=86, z=-5668}
[27Jun2025 03:45:11.858] [Server thread/WARN] [net.minecraft.world.chunk.Chunk/]: Tried to load a block entity for block Block{pixelmon:light_blue_couch}[facing=east,multipos=top] but failed at location BlockPos{x=-850, y=81, z=-5685}
[27Jun2025 03:45:11.858] [Server thread/WARN] [net.minecraft.world.chunk.Chunk/]: Tried to load a block entity for block Block{pixelmon:light_blue_couch}[facing=east,multipos=bottom] but failed at location BlockPos{x=-850, y=80, z=-5685}
[27Jun2025 03:45:11.858] [Server thread/WARN] [net.minecraft.world.chunk.Chunk/]: Tried to load a block entity for block Block{pixelmon:light_blue_rug}[facing=south,multipos=bottom] but failed at location BlockPos{x=-849, y=79, z=-5692}
[27Jun2025 03:45:11.858] [Server thread/WARN] [net.minecraft.world.chunk.Chunk/]: Tried to load a block entity for block Block{pixelmon:light_blue_couch}[facing=west,multipos=top] but failed at location BlockPos{x=-852, y=81, z=-5685}
[27Jun2025 03:45:11.858] [Server thread/WARN] [net.minecraft.world.chunk.Chunk/]: Tried to load a block entity for block Block{pixelmon:light_blue_couch}[facing=west,multipos=bottom] but failed at location BlockPos{x=-852, y=80, z=-5685}
[27Jun2025 03:45:11.858] [Server thread/WARN] [net.minecraft.world.chunk.Chunk/]: Tried to load a block entity for block Block{pixelmon:light_blue_couch}[facing=south,multipos=top] but failed at location BlockPos{x=-851, y=81, z=-5685}
[27Jun2025 03:45:11.858] [Server thread/WARN] [net.minecraft.world.chunk.Chunk/]: Tried to load a block entity for block Block{pixelmon:light_blue_vending_machine}[facing=south,multipos=top] but failed at location BlockPos{x=-855, y=79, z=-5690}
[27Jun2025 03:45:11.859] [Server thread/WARN] [net.minecraft.world.chunk.Chunk/]: Tried to load a block entity for block Block{pixelmon:light_blue_vending_machine}[facing=south,multipos=top] but failed at location BlockPos{x=-853, y=79, z=-5690}
[27Jun2025 03:45:11.859] [Server thread/WARN] [net.minecraft.world.chunk.Chunk/]: Tried to load a block entity for block Block{pixelmon:light_blue_rug}[facing=east,multipos=base] but failed at location BlockPos{x=-849, y=79, z=-5693}
[27Jun2025 03:45:11.859] [Server thread/WARN] [net.minecraft.world.chunk.Chunk/]: Tried to load a block entity for block Block{pixelmon:light_blue_vending_machine}[facing=north,multipos=top] but failed at location BlockPos{x=-853, y=79, z=-5695}
[27Jun2025 03:45:11.859] [Server thread/WARN] [net.minecraft.world.chunk.Chunk/]: Tried to load a block entity for block Block{pixelmon:light_blue_rug}[facing=east,multipos=base] but failed at location BlockPos{x=-855, y=78, z=-5693}
[27Jun2025 03:45:11.859] [Server thread/WARN] [net.minecraft.world.chunk.Chunk/]: Tried to load a block entity for block Block{pixelmon:light_blue_rug}[facing=south,multipos=bottom] but failed at location BlockPos{x=-855, y=78, z=-5692}
[27Jun2025 03:45:11.859] [Server thread/WARN] [net.minecraft.world.chunk.Chunk/]: Tried to load a block entity for block Block{pixelmon:light_blue_vending_machine}[facing=north,multipos=top] but failed at location BlockPos{x=-855, y=79, z=-5695}
[27Jun2025 03:45:12.046] [Server thread/WARN] [net.minecraft.world.chunk.Chunk/]: Tried to load a block entity for block Block{pixelmon:light_blue_couch}[facing=west,multipos=bottom] but failed at location BlockPos{x=-852, y=80, z=-5700}
[27Jun2025 03:45:12.047] [Server thread/WARN] [net.minecraft.world.chunk.Chunk/]: Tried to load a block entity for block Block{pixelmon:light_blue_couch}[facing=north,multipos=top] but failed at location BlockPos{x=-851, y=81, z=-5700}
[27Jun2025 03:45:12.047] [Server thread/WARN] [net.minecraft.world.chunk.Chunk/]: Tried to load a block entity for block Block{pixelmon:light_blue_couch}[facing=east,multipos=top] but failed at location BlockPos{x=-850, y=81, z=-5700}
[27Jun2025 03:45:12.047] [Server thread/WARN] [net.minecraft.world.chunk.Chunk/]: Tried to load a block entity for block Block{pixelmon:light_blue_couch}[facing=east,multipos=bottom] but failed at location BlockPos{x=-850, y=80, z=-5700}
[27Jun2025 03:45:12.047] [Server thread/WARN] [net.minecraft.world.chunk.Chunk/]: Tried to load a block entity for block Block{pixelmon:light_blue_couch}[facing=west,multipos=top] but failed at location BlockPos{x=-852, y=81, z=-5700}
[27Jun2025 03:45:12.047] [Server thread/WARN] [net.minecraft.world.chunk.Chunk/]: Tried to load a block entity for block Block{pixelmon:tv3}[facing=south,multipos=top,on=true] but failed at location BlockPos{x=-859, y=84, z=-5717}
[27Jun2025 03:45:12.047] [Server thread/WARN] [net.minecraft.world.chunk.Chunk/]: Tried to load a block entity for block Block{pixelmon:yellow_couch}[facing=north,multipos=bottom] but failed at location BlockPos{x=-857, y=82, z=-5719}
[27Jun2025 03:45:12.048] [Server thread/WARN] [net.minecraft.world.chunk.Chunk/]: Tried to load a block entity for block Block{pixelmon:tv3}[facing=north,multipos=top,on=true] but failed at location BlockPos{x=-859, y=84, z=-5719}
[27Jun2025 03:45:12.048] [Server thread/WARN] [net.minecraft.world.chunk.Chunk/]: Tried to load a block entity for block Block{pixelmon:tv3}[facing=west,multipos=top,on=true] but failed at location BlockPos{x=-859, y=84, z=-5718}
[27Jun2025 03:45:12.048] [Server thread/WARN] [net.minecraft.world.chunk.Chunk/]: Tried to load a block entity for block Block{pixelmon:yellow_couch}[facing=south,multipos=bottom] but failed at location BlockPos{x=-857, y=82, z=-5717}
[27Jun2025 03:45:12.048] [Server thread/WARN] [net.minecraft.world.chunk.Chunk/]: Tried to load a block entity for block Block{pixelmon:yellow_couch}[facing=north,multipos=top] but failed at location BlockPos{x=-857, y=83, z=-5719}
[27Jun2025 03:45:12.048] [Server thread/WARN] [net.minecraft.world.chunk.Chunk/]: Tried to load a block entity for block Block{pixelmon:tv3}[facing=south,multipos=bottom,on=true] but failed at location BlockPos{x=-859, y=83, z=-5717}
[27Jun2025 03:45:12.048] [Server thread/WARN] [net.minecraft.world.chunk.Chunk/]: Tried to load a block entity for block Block{pixelmon:yellow_couch}[facing=east,multipos=top] but failed at location BlockPos{x=-857, y=83, z=-5718}
[27Jun2025 03:45:12.048] [Server thread/WARN] [net.minecraft.world.chunk.Chunk/]: Tried to load a block entity for block Block{pixelmon:yellow_couch}[facing=south,multipos=top] but failed at location BlockPos{x=-857, y=83, z=-5717}
[27Jun2025 03:45:12.049] [Server thread/WARN] [net.minecraft.world.chunk.Chunk/]: Tried to load a block entity for block Block{pixelmon:tv3}[facing=north,multipos=bottom,on=true] but failed at location BlockPos{x=-859, y=83, z=-5719}
[27Jun2025 03:45:12.139] [Server thread/WARN] [net.minecraft.tileentity.TileEntity/]: Block entity invalid: minecraft:furnace @ BlockPos{x=-853, y=82, z=-5720}
[27Jun2025 03:45:12.148] [Server thread/WARN] [net.minecraft.world.chunk.Chunk/]: Tried to load a block entity for block Block{pixelmon:tv}[facing=south,multipos=base,on=true] but failed at location BlockPos{x=-859, y=68, z=-5748}
[27Jun2025 03:45:12.148] [Server thread/WARN] [net.minecraft.world.chunk.Chunk/]: Tried to load a block entity for block Block{pixelmon:tv}[facing=south,multipos=top,on=true] but failed at location BlockPos{x=-859, y=69, z=-5748}
[27Jun2025 03:45:12.197] [Server thread/WARN] [net.minecraft.tileentity.TileEntity/]: Block entity invalid: minecraft:furnace @ BlockPos{x=-854, y=67, z=-5752}
[27Jun2025 03:45:13.614] [Server thread/WARN] [net.minecraft.world.chunk.Chunk/]: Tried to load a block entity for block Block{pixelmon:tv}[facing=north,multipos=top,on=true] but failed at location BlockPos{x=-889, y=71, z=-5728}
[27Jun2025 03:45:13.614] [Server thread/WARN] [net.minecraft.world.chunk.Chunk/]: Tried to load a block entity for block Block{pixelmon:tv}[facing=north,multipos=base,on=true] but failed at location BlockPos{x=-889, y=70, z=-5728}
[27Jun2025 03:45:13.678] [Server thread/WARN] [net.minecraft.tileentity.TileEntity/]: Block entity invalid: minecraft:furnace @ BlockPos{x=-885, y=69, z=-5724}
[27Jun2025 03:45:14.418] [Server thread/WARN] [net.minecraft.world.chunk.Chunk/]: Tried to load a block entity for block Block{pixelmon:cyan_folding_chair}[facing=north] but failed at location BlockPos{x=-898, y=87, z=-5628}
[27Jun2025 03:45:14.456] [Server thread/WARN] [net.minecraft.tileentity.TileEntity/]: Block entity invalid: minecraft:furnace @ BlockPos{x=-901, y=87, z=-5628}
[27Jun2025 03:45:15.036] [Server thread/WARN] [net.minecraft.world.chunk.Chunk/]: Tried to load a block entity for block Block{pixelmon:tv}[facing=east,multipos=base,on=true] but failed at location BlockPos{x=-919, y=81, z=-5636}
[27Jun2025 03:45:15.036] [Server thread/WARN] [net.minecraft.world.chunk.Chunk/]: Tried to load a block entity for block Block{pixelmon:tv}[facing=east,multipos=top,on=true] but failed at location BlockPos{x=-919, y=82, z=-5636}
[27Jun2025 03:45:15.139] [Server thread/WARN] [net.minecraft.tileentity.TileEntity/]: Block entity invalid: minecraft:furnace @ BlockPos{x=-923, y=80, z=-5632}
[27Jun2025 03:45:15.328] [Server thread/WARN] [net.minecraft.world.chunk.Chunk/]: Tried to load a block entity for block Block{pixelmon:tv}[facing=east,multipos=top,on=true] but failed at location BlockPos{x=-838, y=67, z=-5602}
[27Jun2025 03:45:15.328] [Server thread/WARN] [net.minecraft.world.chunk.Chunk/]: Tried to load a block entity for block Block{pixelmon:tv}[facing=east,multipos=base,on=true] but failed at location BlockPos{x=-838, y=66, z=-5602}
[27Jun2025 03:45:15.351] [Server thread/WARN] [net.minecraft.tileentity.TileEntity/]: Block entity invalid: minecraft:furnace @ BlockPos{x=-842, y=65, z=-5607}
[27Jun2025 03:45:16.086] [Server thread/WARN] [net.minecraft.world.chunk.Chunk/]: Tried to load a block entity for block Block{pixelmon:brown_armchair}[facing=south] but failed at location BlockPos{x=-941, y=68, z=-5744}
[27Jun2025 03:45:16.086] [Server thread/WARN] [net.minecraft.world.chunk.Chunk/]: Tried to load a block entity for block Block{pixelmon:brown_armchair}[facing=south] but failed at location BlockPos{x=-943, y=68, z=-5744}
[27Jun2025 03:45:16.086] [Server thread/WARN] [net.minecraft.world.chunk.Chunk/]: Tried to load a block entity for block Block{pixelmon:brown_armchair}[facing=south] but failed at location BlockPos{x=-937, y=68, z=-5744}
[27Jun2025 03:45:16.087] [Server thread/WARN] [net.minecraft.world.chunk.Chunk/]: Tried to load a block entity for block Block{pixelmon:brown_armchair}[facing=south] but failed at location BlockPos{x=-939, y=68, z=-5744}
[27Jun2025 03:46:30.772] [Server thread/INFO] [net.minecraft.server.dedicated.DedicatedServer/]: Time until next spawn attempt: 3 minutes.
[27Jun2025 03:46:30.773] [Server thread/INFO] [net.minecraft.server.dedicated.DedicatedServer/]: Spawn chance: 90.0%
[27Jun2025 03:46:30.773] [Server thread/INFO] [net.minecraft.server.dedicated.DedicatedServer/]: Possible spawns:
[27Jun2025 03:46:30.773] [Server thread/INFO] [net.minecraft.server.dedicated.DedicatedServer/]: Entei: 100.0%
[27Jun2025 03:47:54.721] [Server thread/INFO] [net.minecraft.server.dedicated.DedicatedServer/]: Time until next spawn attempt: 2 minutes.
[27Jun2025 03:47:54.721] [Server thread/INFO] [net.minecraft.server.dedicated.DedicatedServer/]: Spawn chance: 90.0%
[27Jun2025 03:47:54.721] [Server thread/INFO] [net.minecraft.server.dedicated.DedicatedServer/]: Possible spawns:
[27Jun2025 03:48:32.052] [Server thread/WARN] [net.minecraft.world.chunk.Chunk/]: Tried to load a block entity for block Block{pixelmon:blue_rug}[facing=north,multipos=bottom] but failed at location BlockPos{x=-2208, y=68, z=-6086}
[27Jun2025 03:48:32.052] [Server thread/WARN] [net.minecraft.world.chunk.Chunk/]: Tried to load a block entity for block Block{pixelmon:blue_rug}[facing=west,multipos=base] but failed at location BlockPos{x=-2208, y=68, z=-6085}
[27Jun2025 03:48:33.338] [Server thread/WARN] [net.minecraft.world.chunk.Chunk/]: Tried to load a block entity for block Block{pixelmon:red_trade_machine}[facing=south,multipos=bottom] but failed at location BlockPos{x=-2217, y=67, z=-6095}
[27Jun2025 03:48:33.338] [Server thread/WARN] [net.minecraft.world.chunk.Chunk/]: Tried to load a block entity for block Block{pixelmon:blue_umbrella}[facing=north,multipos=base] but failed at location BlockPos{x=-2214, y=73, z=-6087}
[27Jun2025 03:48:33.339] [Server thread/WARN] [net.minecraft.world.chunk.Chunk/]: Tried to load a block entity for block Block{pixelmon:white_rug}[facing=south,multipos=base] but failed at location BlockPos{x=-2211, y=67, z=-6084}
[27Jun2025 03:48:33.339] [Server thread/WARN] [net.minecraft.world.chunk.Chunk/]: Tried to load a block entity for block Block{pixelmon:white_rug}[facing=west,multipos=bottom] but failed at location BlockPos{x=-2212, y=67, z=-6084}
[27Jun2025 03:48:33.339] [Server thread/WARN] [net.minecraft.world.chunk.Chunk/]: Tried to load a block entity for block Block{pixelmon:tv}[facing=south,multipos=top,on=true] but failed at location BlockPos{x=-2210, y=73, z=-6082}
[27Jun2025 03:48:33.339] [Server thread/WARN] [net.minecraft.world.chunk.Chunk/]: Tried to load a block entity for block Block{pixelmon:blue_umbrella}[facing=south,multipos=base] but failed at location BlockPos{x=-2214, y=73, z=-6081}
[27Jun2025 03:48:33.339] [Server thread/WARN] [net.minecraft.world.chunk.Chunk/]: Tried to load a block entity for block Block{pixelmon:red_trade_machine}[facing=south,multipos=top] but failed at location BlockPos{x=-2217, y=68, z=-6095}
[27Jun2025 03:48:33.339] [Server thread/WARN] [net.minecraft.world.chunk.Chunk/]: Tried to load a block entity for block Block{pixelmon:red_trade_machine}[facing=east,multipos=top] but failed at location BlockPos{x=-2217, y=68, z=-6096}
[27Jun2025 03:48:33.339] [Server thread/WARN] [net.minecraft.world.chunk.Chunk/]: Tried to load a block entity for block Block{pixelmon:blue_folding_chair}[facing=west] but failed at location BlockPos{x=-2212, y=72, z=-6086}
[27Jun2025 03:48:33.339] [Server thread/WARN] [net.minecraft.world.chunk.Chunk/]: Tried to load a block entity for block Block{pixelmon:blue_folding_chair}[facing=north] but failed at location BlockPos{x=-2213, y=72, z=-6085}
[27Jun2025 03:48:33.339] [Server thread/WARN] [net.minecraft.world.chunk.Chunk/]: Tried to load a block entity for block Block{pixelmon:blue_vending_machine}[facing=north,multipos=top] but failed at location BlockPos{x=-2214, y=68, z=-6087}
[27Jun2025 03:48:33.339] [Server thread/WARN] [net.minecraft.world.chunk.Chunk/]: Tried to load a block entity for block Block{pixelmon:blue_umbrella}[facing=south,multipos=top] but failed at location BlockPos{x=-2214, y=74, z=-6081}
[27Jun2025 03:48:33.340] [Server thread/WARN] [net.minecraft.world.chunk.Chunk/]: Tried to load a block entity for block Block{pixelmon:blue_folding_chair}[facing=south] but failed at location BlockPos{x=-2213, y=72, z=-6087}
[27Jun2025 03:48:33.340] [Server thread/WARN] [net.minecraft.world.chunk.Chunk/]: Tried to load a block entity for block Block{pixelmon:blue_folding_chair}[facing=east] but failed at location BlockPos{x=-2214, y=72, z=-6086}
[27Jun2025 03:48:33.340] [Server thread/WARN] [net.minecraft.world.chunk.Chunk/]: Tried to load a block entity for block Block{pixelmon:blue_umbrella}[facing=north,multipos=top] but failed at location BlockPos{x=-2214, y=74, z=-6087}
[27Jun2025 03:48:33.340] [Server thread/WARN] [net.minecraft.world.chunk.Chunk/]: Tried to load a block entity for block Block{pixelmon:tv}[facing=south,multipos=base,on=false] but failed at location BlockPos{x=-2210, y=72, z=-6082}
[27Jun2025 03:48:33.340] [Server thread/WARN] [net.minecraft.world.chunk.Chunk/]: Tried to load a block entity for block Block{pixelmon:blue_vending_machine}[facing=north,multipos=top] but failed at location BlockPos{x=-2210, y=68, z=-6087}
[27Jun2025 03:48:33.340] [Server thread/WARN] [net.minecraft.world.chunk.Chunk/]: Tried to load a block entity for block Block{pixelmon:white_vending_machine}[facing=north,multipos=top] but failed at location BlockPos{x=-2212, y=68, z=-6087}
[27Jun2025 03:48:33.341] [Server thread/WARN] [net.minecraft.world.chunk.Chunk/]: Tried to load a block entity for block Block{pixelmon:red_cushion_chair}[facing=south] but failed at location BlockPos{x=-2223, y=67, z=-6096}
[27Jun2025 03:48:37.218] [Server thread/WARN] [net.minecraft.world.chunk.Chunk/]: Tried to load a block entity for block Block{pixelmon:pink_pc}[facing=north,multipos=top] but failed at location BlockPos{x=-2289, y=69, z=-6032}
[27Jun2025 03:48:51.926] [Server thread/WARN] [net.minecraft.world.chunk.Chunk/]: Tried to load a block entity for block Block{pixelmon:red_trade_machine}[facing=north,multipos=top] but failed at location BlockPos{x=-2217, y=68, z=-6097}
[27Jun2025 03:48:51.926] [Server thread/WARN] [net.minecraft.world.chunk.Chunk/]: Tried to load a block entity for block Block{pixelmon:red_trade_machine}[facing=north,multipos=bottom] but failed at location BlockPos{x=-2217, y=67, z=-6097}
[27Jun2025 03:48:51.926] [Server thread/WARN] [net.minecraft.world.chunk.Chunk/]: Tried to load a block entity for block Block{pixelmon:white_rug}[facing=south,multipos=bottom] but failed at location BlockPos{x=-2220, y=67, z=-6097}
[27Jun2025 03:48:51.926] [Server thread/WARN] [net.minecraft.world.chunk.Chunk/]: Tried to load a block entity for block Block{pixelmon:white_rug}[facing=east,multipos=base] but failed at location BlockPos{x=-2220, y=67, z=-6098}
[27Jun2025 03:48:51.926] [Server thread/WARN] [net.minecraft.world.chunk.Chunk/]: Tried to load a block entity for block Block{pixelmon:red_cushion_chair}[facing=south] but failed at location BlockPos{x=-2223, y=67, z=-6098}
[27Jun2025 03:48:51.926] [Server thread/WARN] [net.minecraft.world.chunk.Chunk/]: Tried to load a block entity for block Block{pixelmon:red_cushion_chair}[facing=south] but failed at location BlockPos{x=-2223, y=67, z=-6097}
[27Jun2025 03:48:51.926] [Server thread/WARN] [net.minecraft.world.chunk.Chunk/]: Tried to load a block entity for block Block{pixelmon:red_pc}[facing=north,multipos=top] but failed at location BlockPos{x=-2222, y=68, z=-6101}
[27Jun2025 03:48:56.795] [Server thread/INFO] [net.minecraft.server.dedicated.DedicatedServer/]: [FkSx: Teleported FkSx to feitonagringa]
[27Jun2025 03:49:03.346] [Server thread/INFO] [net.minecraft.server.dedicated.DedicatedServer/]: [Pixelmon] Entei has spawned in a Alps biome!
[27Jun2025 03:49:03.347] [Server thread/INFO] [net.minecraft.server.dedicated.DedicatedServer/]: Spawned Entei at: ServerChunkCache: 6075 x:2047, y:127, z:-3859
[27Jun2025 03:49:07.461] [Server thread/INFO] [net.minecraft.server.dedicated.DedicatedServer/]: [feitonagringa: Teleported feitonagringa to FkSx]
[27Jun2025 03:50:19.716] [Server thread/INFO] [net.minecraft.server.dedicated.DedicatedServer/]: Time until next spawn attempt: 4 minutes.
[27Jun2025 03:50:19.717] [Server thread/INFO] [net.minecraft.server.dedicated.DedicatedServer/]: Spawn chance: 90.0%
[27Jun2025 03:50:19.717] [Server thread/INFO] [net.minecraft.server.dedicated.DedicatedServer/]: Possible spawns:
[27Jun2025 03:50:19.717] [Server thread/INFO] [net.minecraft.server.dedicated.DedicatedServer/]: Entei: 42.85%, Rayquaza: 57.14%
[27Jun2025 03:51:50.293] [Server thread/WARN] [net.minecraft.world.server.ServerWorld/]: Trying to add entity with duplicated UUID f34eef88-8d0f-43d1-b4e0-02624d0b0015. Existing pixelmon:pixelmon#14133, new: pixelmon:pixelmon#14133
[27Jun2025 03:53:54.795] [Server thread/INFO] [net.minecraft.server.dedicated.DedicatedServer/]: [Pixelmon] Rayquaza has spawned in a Alpine Foothills biome!
[27Jun2025 03:53:54.795] [Server thread/INFO] [net.minecraft.server.dedicated.DedicatedServer/]: Spawned Rayquaza at: ServerChunkCache: 4269 x:2022, y:163, z:-3837
[27Jun2025 03:54:20.545] [Server thread/INFO] [net.minecraft.server.dedicated.DedicatedServer/]: [feitonagringa: Teleported feitonagringa to FkSx]
[27Jun2025 03:55:26.162] [Server thread/WARN] [net.minecraft.network.play.ServerPlayNetHandler/]: feitonagringa moved wrongly!
[27Jun2025 03:56:06.751] [Server thread/INFO] [net.minecraft.server.dedicated.DedicatedServer/]: [Server] 2022, y:163, z:-3837
[27Jun2025 03:56:16.205] [Server thread/INFO] [net.minecraft.server.dedicated.DedicatedServer/]: [FkSx: Teleported FkSx to 2022.5, 163.0, -3836.5]
[27Jun2025 03:56:17.625] [Server thread/INFO] [net.minecraft.server.dedicated.DedicatedServer/]: FkSx fell from a high place
[27Jun2025 03:56:20.419] [Server thread/INFO] [net.minecraft.server.dedicated.DedicatedServer/]: [FkSx: Teleported FkSx to 2022.5, 163.0, -3836.5]
[27Jun2025 03:56:34.545] [Server thread/INFO] [net.minecraft.server.dedicated.DedicatedServer/]: [FkSx: Teleported FkSx to 2022.5, 163.0, -3836.5]
[27Jun2025 03:56:36.058] [Server thread/INFO] [net.minecraft.server.dedicated.DedicatedServer/]: feitonagringa fell from a high place
[27Jun2025 03:56:41.670] [Server thread/INFO] [net.minecraft.server.dedicated.DedicatedServer/]: [feitonagringa: Teleported feitonagringa to FkSx]
[27Jun2025 03:56:56.813] [Server thread/INFO] [net.minecraft.server.dedicated.DedicatedServer/]: Time until next spawn attempt: 4 minutes.
[27Jun2025 03:56:56.813] [Server thread/INFO] [net.minecraft.server.dedicated.DedicatedServer/]: Spawn chance: 90.0%
[27Jun2025 03:56:56.813] [Server thread/INFO] [net.minecraft.server.dedicated.DedicatedServer/]: Possible spawns:
[27Jun2025 03:56:56.813] [Server thread/INFO] [net.minecraft.server.dedicated.DedicatedServer/]: Suicune: 45.45%, Genesect: 54.55%
[27Jun2025 03:57:00.516] [Server thread/INFO] [net.minecraft.server.dedicated.DedicatedServer/]: FkSx hit the ground too hard
[27Jun2025 03:57:02.776] [Server thread/INFO] [net.minecraft.server.dedicated.DedicatedServer/]: [FkSx: Teleported FkSx to 2022.5, 163.0, -3836.5]
[27Jun2025 03:59:03.454] [Server thread/WARN] [net.minecraft.network.play.ServerPlayNetHandler/]: Swampert (vehicle of feitonagringa) moved wrongly! 0.9322982230564776
[27Jun2025 03:59:03.501] [Server thread/WARN] [net.minecraft.network.play.ServerPlayNetHandler/]: Swampert (vehicle of feitonagringa) moved wrongly! 1.9698922060761106
[27Jun2025 03:59:03.555] [Server thread/WARN] [net.minecraft.network.play.ServerPlayNetHandler/]: Swampert (vehicle of feitonagringa) moved wrongly! 1.005065143046977
[27Jun2025 03:59:03.636] [Server thread/WARN] [net.minecraft.network.play.ServerPlayNetHandler/]: Swampert (vehicle of feitonagringa) moved wrongly! 2.0339951564028524
[27Jun2025 03:59:04.424] [Server thread/INFO] [net.minecraft.server.dedicated.DedicatedServer/]: FkSx fell from a high place
[27Jun2025 03:59:19.428] [Server thread/INFO] [net.minecraft.server.dedicated.DedicatedServer/]: [FkSx: Teleported FkSx to feitonagringa]
[27Jun2025 03:59:40.150] [Server thread/WARN] [net.minecraft.network.play.ServerPlayNetHandler/]: Swampert (vehicle of feitonagringa) moved wrongly! 0.4539960678898751
[27Jun2025 03:59:41.142] [Server thread/WARN] [net.minecraft.network.play.ServerPlayNetHandler/]: Swampert (vehicle of feitonagringa) moved wrongly! 0.3744889371082536
[27Jun2025 03:59:41.147] [Server thread/WARN] [net.minecraft.network.play.ServerPlayNetHandler/]: Swampert (vehicle of feitonagringa) moved wrongly! 0.8464022561511229
[27Jun2025 03:59:41.652] [Server thread/WARN] [net.minecraft.network.play.ServerPlayNetHandler/]: Swampert (vehicle of feitonagringa) moved wrongly! 0.5642799102897698
[27Jun2025 03:59:41.699] [Server thread/WARN] [net.minecraft.network.play.ServerPlayNetHandler/]: Swampert (vehicle of feitonagringa) moved wrongly! 1.5081441970523883
[27Jun2025 03:59:41.787] [Server thread/WARN] [net.minecraft.network.play.ServerPlayNetHandler/]: Swampert (vehicle of feitonagringa) moved wrongly! 1.0131871582752865
[27Jun2025 04:00:13.698] [Server thread/WARN] [net.minecraft.network.play.ServerPlayNetHandler/]: feitonagringa moved too quickly! -66.80703059293842,81.40000009536743,-63.162993533655936
[27Jun2025 04:00:59.950] [Server thread/INFO] [net.minecraft.server.dedicated.DedicatedServer/]: feitonagringa fell from a high place
[27Jun2025 04:05:17.694] [Server thread/INFO] [net.minecraft.server.dedicated.DedicatedServer/]: [Pixelmon] Calyrex has spawned in a Snowy Coniferous Forest biome!
[27Jun2025 04:05:17.694] [Server thread/INFO] [net.minecraft.server.dedicated.DedicatedServer/]: Spawned Calyrex at: ServerChunkCache: 4183 x:2003, y:123, z:-3798
[27Jun2025 04:06:14.888] [Server thread/INFO] [net.minecraft.server.dedicated.DedicatedServer/]: [FkSx: Teleported FkSx to feitonagringa]
[27Jun2025 04:06:17.728] [Server thread/INFO] [net.minecraft.server.dedicated.DedicatedServer/]: FkSx fell from a high place
[27Jun2025 04:06:19.911] [Server thread/INFO] [net.minecraft.server.dedicated.DedicatedServer/]: [FkSx: Teleported FkSx to feitonagringa]
[27Jun2025 04:06:22.183] [Server thread/INFO] [net.minecraft.server.dedicated.DedicatedServer/]: FkSx fell from a high place
[27Jun2025 04:06:24.503] [Server thread/INFO] [net.minecraft.server.dedicated.DedicatedServer/]: [FkSx: Teleported FkSx to feitonagringa]
[27Jun2025 04:07:06.943] [Server thread/WARN] [net.minecraft.network.play.ServerPlayNetHandler/]: Swampert (vehicle of feitonagringa) moved wrongly! 0.40759504958123216
[27Jun2025 04:07:06.993] [Server thread/WARN] [net.minecraft.network.play.ServerPlayNetHandler/]: Swampert (vehicle of feitonagringa) moved wrongly! 1.4455999428264477
[27Jun2025 04:07:07.038] [Server thread/WARN] [net.minecraft.network.play.ServerPlayNetHandler/]: Swampert (vehicle of feitonagringa) moved wrongly! 2.483607012520224
[27Jun2025 04:07:07.096] [Server thread/WARN] [net.minecraft.network.play.ServerPlayNetHandler/]: Swampert (vehicle of feitonagringa) moved wrongly! 3.5215486474544377
[27Jun2025 04:07:07.146] [Server thread/WARN] [net.minecraft.network.play.ServerPlayNetHandler/]: Swampert (vehicle of feitonagringa) moved wrongly! 4.55840538131315
[27Jun2025 04:07:57.345] [Server thread/WARN] [net.minecraft.network.play.ServerPlayNetHandler/]: Swampert (vehicle of feitonagringa) moved wrongly! 0.355196800122485
[27Jun2025 04:08:46.943] [Server thread/INFO] [net.minecraft.server.dedicated.DedicatedServer/]: [Server] x:2003, y:123, z:-3798
[27Jun2025 04:08:58.071] [Server thread/INFO] [net.minecraft.server.dedicated.DedicatedServer/]: [FkSx: Teleported FkSx to 2003.5, 123.0, -3797.5]
[27Jun2025 04:09:06.166] [Server thread/INFO] [net.minecraft.server.dedicated.DedicatedServer/]: [feitonagringa: Teleported feitonagringa to FkSx]
[27Jun2025 04:10:21.497] [Server thread/INFO] [net.minecraft.server.dedicated.DedicatedServer/]: [feitonagringa: Teleported feitonagringa to FkSx]
[27Jun2025 04:11:17.344] [Server thread/INFO] [net.minecraft.server.dedicated.DedicatedServer/]: [feitonagringa: Teleported feitonagringa to FkSx]
[27Jun2025 04:11:30.023] [Server thread/INFO] [net.minecraft.server.dedicated.DedicatedServer/]: [FkSx: Teleported FkSx to 2022.5, 163.0, -3836.5]
[27Jun2025 04:13:13.793] [Server thread/INFO] [net.minecraft.server.dedicated.DedicatedServer/]: [Pixelmon] Rayquaza has spawned in a Alpine Foothills biome!
[27Jun2025 04:13:13.793] [Server thread/INFO] [net.minecraft.server.dedicated.DedicatedServer/]: Spawned Rayquaza at: ServerChunkCache: 4095 x:2068, y:138, z:-3845
[27Jun2025 04:13:42.057] [Server thread/INFO] [net.minecraft.server.dedicated.DedicatedServer/]: [feitonagringa: Teleported feitonagringa to FkSx]
[27Jun2025 04:13:43.836] [Server thread/INFO] [net.minecraft.server.dedicated.DedicatedServer/]: feitonagringa fell from a high place
[27Jun2025 04:13:46.065] [Server thread/INFO] [net.minecraft.server.dedicated.DedicatedServer/]: [feitonagringa: Teleported feitonagringa to FkSx]
[27Jun2025 04:13:51.892] [Server thread/INFO] [net.minecraft.server.dedicated.DedicatedServer/]: FkSx fell from a high place
[27Jun2025 04:13:55.055] [Server thread/INFO] [net.minecraft.server.dedicated.DedicatedServer/]: [FkSx: Teleported FkSx to feitonagringa]
[27Jun2025 04:14:00.042] [Server thread/INFO] [net.minecraft.server.dedicated.DedicatedServer/]: [Server] :2068, y:138, z:-3845
[27Jun2025 04:14:09.243] [Server thread/INFO] [net.minecraft.server.dedicated.DedicatedServer/]: [FkSx: Teleported FkSx to feitonagringa]
[27Jun2025 04:14:20.942] [Server thread/WARN] [net.minecraft.world.server.ServerWorld/]: Trying to add entity with duplicated UUID 2d12e3c8-5fb5-4871-a12a-cea2a5f75d63. Existing pixelmon:pixelmon#16848, new: pixelmon:pixelmon#16848
[27Jun2025 04:14:28.793] [Server thread/WARN] [net.minecraft.world.server.ServerWorld/]: Trying to add entity with duplicated UUID 2d12e3c8-5fb5-4871-a12a-cea2a5f75d63. Existing pixelmon:pixelmon#16848, new: pixelmon:pixelmon#16848
[27Jun2025 04:16:25.643] [Server thread/WARN] [net.minecraft.world.server.ServerWorld/]: Trying to add entity with duplicated UUID 2d12e3c8-5fb5-4871-a12a-cea2a5f75d63. Existing pixelmon:pixelmon#16848, new: pixelmon:pixelmon#16848
[27Jun2025 04:16:39.443] [Server thread/WARN] [net.minecraft.world.server.ServerWorld/]: Trying to add entity with duplicated UUID 2d12e3c8-5fb5-4871-a12a-cea2a5f75d63. Existing pixelmon:pixelmon#16848, new: pixelmon:pixelmon#16848
[27Jun2025 04:16:53.393] [Server thread/WARN] [net.minecraft.world.server.ServerWorld/]: Trying to add entity with duplicated UUID 2d12e3c8-5fb5-4871-a12a-cea2a5f75d63. Existing pixelmon:pixelmon#16848, new: pixelmon:pixelmon#16848
[27Jun2025 04:17:07.342] [Server thread/WARN] [net.minecraft.world.server.ServerWorld/]: Trying to add entity with duplicated UUID 2d12e3c8-5fb5-4871-a12a-cea2a5f75d63. Existing pixelmon:pixelmon#16848, new: pixelmon:pixelmon#16848
[27Jun2025 04:17:24.694] [Server thread/INFO] [net.minecraft.server.dedicated.DedicatedServer/]: FkSx has made the advancement [Wind rider!]
[27Jun2025 04:19:29.495] [Server thread/INFO] [net.minecraft.server.dedicated.DedicatedServer/]: [Pixelmon] Genesect has spawned in a Alpine Foothills biome!
[27Jun2025 04:19:29.496] [Server thread/INFO] [net.minecraft.server.dedicated.DedicatedServer/]: Spawned Genesect at: ServerChunkCache: 4095 x:2023, y:129, z:-3825
[27Jun2025 04:23:09.344] [Server thread/INFO] [net.minecraft.server.dedicated.DedicatedServer/]: [Server] 2023, y:129, z:-3825
[27Jun2025 04:23:15.061] [Server thread/INFO] [net.minecraft.server.dedicated.DedicatedServer/]: <VIP feitonagringa> nissin
[27Jun2025 04:23:15.543] [Server thread/INFO] [net.minecraft.server.dedicated.DedicatedServer/]: [Server] faz um tempo ja
[27Jun2025 04:23:18.282] [Server thread/INFO] [net.minecraft.server.dedicated.DedicatedServer/]: <VIP feitonagringa> esse animal
[27Jun2025 04:23:18.443] [Server thread/INFO] [net.minecraft.server.dedicated.DedicatedServer/]: [Server] oi
[27Jun2025 04:23:22.210] [Server thread/INFO] [net.minecraft.server.dedicated.DedicatedServer/]: <VIP feitonagringa> saiu voando
[27Jun2025 04:23:23.271] [Server thread/INFO] [net.minecraft.server.dedicated.DedicatedServer/]: Time until next spawn attempt: 2 minutes.
[27Jun2025 04:23:23.271] [Server thread/INFO] [net.minecraft.server.dedicated.DedicatedServer/]: Spawn chance: 90.0%
[27Jun2025 04:23:23.271] [Server thread/INFO] [net.minecraft.server.dedicated.DedicatedServer/]: Possible spawns:
[27Jun2025 04:23:23.271] [Server thread/INFO] [net.minecraft.server.dedicated.DedicatedServer/]: Suicune: 45.45%, Genesect: 54.55%
[27Jun2025 04:23:24.510] [Server thread/INFO] [net.minecraft.server.dedicated.DedicatedServer/]: <VIP feitonagringa> na maior paz
[27Jun2025 04:23:25.361] [Server thread/INFO] [net.minecraft.server.dedicated.DedicatedServer/]: <VIP FkSx> kkkkkkkkkkkkkkkkkkkkkkkkkkkkkk
[27Jun2025 04:23:25.993] [Server thread/INFO] [net.minecraft.server.dedicated.DedicatedServer/]: <VIP feitonagringa> do mundo
[27Jun2025 04:23:30.016] [Server thread/INFO] [net.minecraft.server.dedicated.DedicatedServer/]: <VIP FkSx> eles tao saindo voando
[27Jun2025 04:23:31.769] [Server thread/INFO] [net.minecraft.server.dedicated.DedicatedServer/]: <VIP feitonagringa> deixei pra la
[27Jun2025 04:23:33.443] [Server thread/INFO] [net.minecraft.server.dedicated.DedicatedServer/]: [Server] kkkkkkkkkkkkkkkkk
[27Jun2025 04:23:34.304] [Server thread/INFO] [net.minecraft.server.dedicated.DedicatedServer/]: <VIP FkSx> eu consegui pegar 1 rayquaz
[27Jun2025 04:23:39.180] [Server thread/INFO] [net.minecraft.server.dedicated.DedicatedServer/]: <VIP feitonagringa> voou tipo barata
[27Jun2025 04:23:41.960] [Server thread/INFO] [net.minecraft.server.dedicated.DedicatedServer/]: <VIP FkSx> tamo esperando pra tentar pegar ood obeto
[27Jun2025 04:25:11.093] [Server thread/INFO] [net.minecraft.server.dedicated.DedicatedServer/]: [Pixelmon] Entei has spawned in a Alps biome!
[27Jun2025 04:25:11.093] [Server thread/INFO] [net.minecraft.server.dedicated.DedicatedServer/]: Spawned Entei at: ServerChunkCache: 4183 x:1938, y:127, z:-3822
[27Jun2025 04:25:32.905] [Server thread/INFO] [net.minecraft.server.dedicated.DedicatedServer/]: [FkSx: Teleported FkSx to feitonagringa]
[27Jun2025 04:26:45.811] [Server thread/INFO] [net.minecraft.server.dedicated.DedicatedServer/]: FkSx fell from a high place
[27Jun2025 04:26:46.914] [Server thread/FATAL] [net.minecraft.util.concurrent.ThreadTaskExecutor/]: Error executing task on Server
java.lang.NullPointerException: null
	at net.minecraft.world.server.TicketManager.func_219367_b(TicketManager.java:227) ~[?:?]
	at net.minecraft.world.server.ChunkManager.func_219183_a(ChunkManager.java:884) ~[?:?]
	at net.minecraft.world.server.ServerChunkProvider.func_217221_a(ServerChunkProvider.java:450) ~[?:?]
	at net.minecraft.network.play.ServerPlayNetHandler.func_147347_a(ServerPlayNetHandler.java:845) ~[?:?]
	at net.minecraft.network.play.client.CPlayerPacket.func_148833_a(SourceFile:122) ~[?:?]
	at net.minecraft.network.play.client.CPlayerPacket$PositionPacket.func_148833_a(SourceFile:56) ~[?:?]
	at net.minecraft.network.PacketThreadUtil.func_225383_a(SourceFile:21) ~[?:?]
	at net.minecraft.util.concurrent.TickDelayedTask.run(SourceFile:18) ~[?:?]
	at net.minecraft.util.concurrent.ThreadTaskExecutor.func_213166_h(SourceFile:144) ~[?:?]
	at net.minecraft.util.concurrent.RecursiveEventLoop.func_213166_h(SourceFile:23) ~[?:?]
	at net.minecraft.server.MinecraftServer.func_213166_h(MinecraftServer.java:734) ~[?:?]
	at net.minecraft.server.MinecraftServer.func_213166_h(MinecraftServer.java:159) ~[?:?]
	at net.minecraft.util.concurrent.ThreadTaskExecutor.func_213168_p(SourceFile:118) ~[?:?]
	at net.minecraft.server.MinecraftServer.func_213205_aW(MinecraftServer.java:717) ~[?:?]
	at net.minecraft.server.MinecraftServer.func_213168_p(MinecraftServer.java:711) ~[?:?]
	at net.minecraft.util.concurrent.ThreadTaskExecutor.func_213161_c(SourceFile:127) ~[?:?]
	at net.minecraft.server.MinecraftServer.func_213202_o(MinecraftServer.java:697) ~[?:?]
	at net.minecraft.server.MinecraftServer.func_240802_v_(MinecraftServer.java:646) ~[?:?]
	at net.minecraft.server.MinecraftServer.func_240783_a_(MinecraftServer.java:232) ~[?:?]
	at java.lang.Thread.run(Thread.java:750) [?:1.8.0_402-402]
[27Jun2025 04:26:52.793] [Server thread/WARN] [net.minecraft.world.server.ServerWorld/]: Trying to add entity with duplicated UUID 6d160b61-75ab-4934-9ccd-719ca44d8232. Existing pixelmon:pixelmon#17523, new: pixelmon:pixelmon#17523
[27Jun2025 04:27:00.710] [Server thread/INFO] [net.minecraft.server.dedicated.DedicatedServer/]: [FkSx: Teleported FkSx to feitonagringa]
[27Jun2025 04:27:04.692] [Server thread/WARN] [net.minecraft.world.server.ServerWorld/]: Trying to add entity with duplicated UUID 6d160b61-75ab-4934-9ccd-719ca44d8232. Existing pixelmon:pixelmon#17523, new: pixelmon:pixelmon#17523
[27Jun2025 04:27:21.492] [Server thread/INFO] [net.minecraft.network.play.ServerPlayNetHandler/]: feitonagringa lost connection: Disconnected
[27Jun2025 04:27:21.492] [Server thread/INFO] [net.minecraft.server.dedicated.DedicatedServer/]: feitonagringa left the game
[27Jun2025 04:28:16.293] [Server thread/WARN] [net.minecraft.world.server.ServerWorld/]: Trying to add entity with duplicated UUID 6d160b61-75ab-4934-9ccd-719ca44d8232. Existing pixelmon:pixelmon#17523, new: pixelmon:pixelmon#17523
[27Jun2025 04:28:58.242] [Server thread/WARN] [net.minecraft.world.server.ServerWorld/]: Trying to add entity with duplicated UUID 6d160b61-75ab-4934-9ccd-719ca44d8232. Existing pixelmon:pixelmon#17523, new: pixelmon:pixelmon#17523
